{
"type": "FeatureCollection",
"name": "occurences_species",
"crs": { "type": "name", "properties": { "name": "urn:ogc:def:crs:OGC:1.3:CRS84" } },
"features": [
{ "type": "Feature", "properties": { "species": "Funisciurus anerythrus", "decimalLon": 27.523363, "decimalLat": -1.262325, "year": "2024" }, "geometry": { "type": "Point", "coordinates": [ 27.523363, -1.262325 ] } },
{ "type": "Feature", "properties": { "species": "Funisciurus anerythrus", "decimalLon": 27.523347, "decimalLat": -1.262283, "year": "2024" }, "geometry": { "type": "Point", "coordinates": [ 27.523347, -1.262283 ] } },
{ "type": "Feature", "properties": { "species": "Funisciurus anerythrus", "decimalLon": 19.755915, "decimalLat": 1.243111, "year": "2023" }, "geometry": { "type": "Point", "coordinates": [ 19.755915, 1.243111 ] } },
{ "type": "Feature", "properties": { "species": "Funisciurus anerythrus", "decimalLon": 24.04587, "decimalLat": 3.31755, "year": "2022" }, "geometry": { "type": "Point", "coordinates": [ 24.04587, 3.31755 ] } },
{ "type": "Feature", "properties": { "species": "Funisciurus anerythrus", "decimalLon": 24.030711, "decimalLat": 3.322223, "year": "2022" }, "geometry": { "type": "Point", "coordinates": [ 24.030711, 3.322223 ] } },
{ "type": "Feature", "properties": { "species": "Funisciurus anerythrus", "decimalLon": 20.253204, "decimalLat": -2.751819, "year": "2022" }, "geometry": { "type": "Point", "coordinates": [ 20.253204, -2.751819 ] } },
{ "type": "Feature", "properties": { "species": "Funisciurus anerythrus", "decimalLon": 20.272088, "decimalLat": -2.752271, "year": "2022" }, "geometry": { "type": "Point", "coordinates": [ 20.272088, -2.752271 ] } },
{ "type": "Feature", "properties": { "species": "Funisciurus anerythrus", "decimalLon": 20.381984, "decimalLat": -2.762097, "year": "2022" }, "geometry": { "type": "Point", "coordinates": [ 20.381984, -2.762097 ] } },
{ "type": "Feature", "properties": { "species": "Funisciurus anerythrus", "decimalLon": 20.52058, "decimalLat": -0.70543, "year": "2021" }, "geometry": { "type": "Point", "coordinates": [ 20.52058, -0.70543 ] } },
{ "type": "Feature", "properties": { "species": "Funisciurus anerythrus", "decimalLon": 20.530244, "decimalLat": -0.713872, "year": "2021" }, "geometry": { "type": "Point", "coordinates": [ 20.530244, -0.713872 ] } },
{ "type": "Feature", "properties": { "species": "Funisciurus anerythrus", "decimalLon": 25.13925, "decimalLat": -2.959021, "year": "2021" }, "geometry": { "type": "Point", "coordinates": [ 25.13925, -2.959021 ] } },
{ "type": "Feature", "properties": { "species": "Funisciurus anerythrus", "decimalLon": 29.51872, "decimalLat": 3.751511, "year": "2018" }, "geometry": { "type": "Point", "coordinates": [ 29.51872, 3.751511 ] } },
{ "type": "Feature", "properties": { "species": "Funisciurus anerythrus", "decimalLon": 20.665638, "decimalLat": -1.742518, "year": "2018" }, "geometry": { "type": "Point", "coordinates": [ 20.665638, -1.742518 ] } },
{ "type": "Feature", "properties": { "species": "Funisciurus anerythrus", "decimalLon": 19.8, "decimalLat": 1.227, "year": "2015" }, "geometry": { "type": "Point", "coordinates": [ 19.8, 1.227 ] } },
{ "type": "Feature", "properties": { "species": "Funisciurus anerythrus", "decimalLon": 18.8916, "decimalLat": -4.9997, "year": "1995" }, "geometry": { "type": "Point", "coordinates": [ 18.8916, -4.9997 ] } },
{ "type": "Feature", "properties": { "species": "Funisciurus anerythrus", "decimalLon": 28.5833, "decimalLat": -1.4166, "year": "1991" }, "geometry": { "type": "Point", "coordinates": [ 28.5833, -1.4166 ] } },
{ "type": "Feature", "properties": { "species": "Funisciurus anerythrus", "decimalLon": 28.5833, "decimalLat": 1.4166, "year": "1991" }, "geometry": { "type": "Point", "coordinates": [ 28.5833, 1.4166 ] } },
{ "type": "Feature", "properties": { "species": "Funisciurus anerythrus", "decimalLon": 20.3333, "decimalLat": -1.35, "year": "1988" }, "geometry": { "type": "Point", "coordinates": [ 20.3333, -1.35 ] } },
{ "type": "Feature", "properties": { "species": "Funisciurus anerythrus", "decimalLon": 23.05, "decimalLat": -1.1167, "year": "1986" }, "geometry": { "type": "Point", "coordinates": [ 23.05, -1.1167 ] } },
{ "type": "Feature", "properties": { "species": "Funisciurus anerythrus", "decimalLon": 18.35, "decimalLat": -4.1833, "year": "1986" }, "geometry": { "type": "Point", "coordinates": [ 18.35, -4.1833 ] } },
{ "type": "Feature", "properties": { "species": "Funisciurus anerythrus", "decimalLon": 18.9667, "decimalLat": -4.65, "year": "1986" }, "geometry": { "type": "Point", "coordinates": [ 18.9667, -4.65 ] } },
{ "type": "Feature", "properties": { "species": "Funisciurus anerythrus", "decimalLon": 22.3, "decimalLat": 2.9833, "year": "1986" }, "geometry": { "type": "Point", "coordinates": [ 22.3, 2.9833 ] } },
{ "type": "Feature", "properties": { "species": "Funisciurus anerythrus", "decimalLon": 25.2167, "decimalLat": 0.6, "year": "1985" }, "geometry": { "type": "Point", "coordinates": [ 25.2167, 0.6 ] } },
{ "type": "Feature", "properties": { "species": "Funisciurus anerythrus", "decimalLon": 21.785191, "decimalLat": 2.575111, "year": "1979" }, "geometry": { "type": "Point", "coordinates": [ 21.785191, 2.575111 ] } },
{ "type": "Feature", "properties": { "species": "Funisciurus anerythrus", "decimalLon": 21.75, "decimalLat": 2.5, "year": "1979" }, "geometry": { "type": "Point", "coordinates": [ 21.75, 2.5 ] } },
{ "type": "Feature", "properties": { "species": "Funisciurus anerythrus", "decimalLon": 22.2255, "decimalLat": 2.8211, "year": "1979" }, "geometry": { "type": "Point", "coordinates": [ 22.2255, 2.8211 ] } },
{ "type": "Feature", "properties": { "species": "Funisciurus anerythrus", "decimalLon": 21.85, "decimalLat": 2.58, "year": "1979" }, "geometry": { "type": "Point", "coordinates": [ 21.85, 2.58 ] } },
{ "type": "Feature", "properties": { "species": "Funisciurus anerythrus", "decimalLon": 19.35, "decimalLat": 3.03, "year": "1979" }, "geometry": { "type": "Point", "coordinates": [ 19.35, 3.03 ] } },
{ "type": "Feature", "properties": { "species": "Funisciurus anerythrus", "decimalLon": 28.25, "decimalLat": -3.3, "year": "1969" }, "geometry": { "type": "Point", "coordinates": [ 28.25, -3.3 ] } },
{ "type": "Feature", "properties": { "species": "Funisciurus anerythrus", "decimalLon": 29.2167, "decimalLat": 0.9, "year": "1964" }, "geometry": { "type": "Point", "coordinates": [ 29.2167, 0.9 ] } },
{ "type": "Feature", "properties": { "species": "Funisciurus anerythrus", "decimalLon": 29.2167, "decimalLat": 0.95, "year": "1964" }, "geometry": { "type": "Point", "coordinates": [ 29.2167, 0.95 ] } },
{ "type": "Feature", "properties": { "species": "Funisciurus anerythrus", "decimalLon": 29.6667, "decimalLat": 0.2667, "year": "1964" }, "geometry": { "type": "Point", "coordinates": [ 29.6667, 0.2667 ] } },
{ "type": "Feature", "properties": { "species": "Funisciurus anerythrus", "decimalLon": 28.3333, "decimalLat": -3.1833, "year": "1964" }, "geometry": { "type": "Point", "coordinates": [ 28.3333, -3.1833 ] } },
{ "type": "Feature", "properties": { "species": "Funisciurus anerythrus", "decimalLon": 27.6, "decimalLat": -2.3333, "year": "1963" }, "geometry": { "type": "Point", "coordinates": [ 27.6, -2.3333 ] } },
{ "type": "Feature", "properties": { "species": "Funisciurus anerythrus", "decimalLon": 28.1, "decimalLat": -3.0167, "year": "1963" }, "geometry": { "type": "Point", "coordinates": [ 28.1, -3.0167 ] } },
{ "type": "Feature", "properties": { "species": "Funisciurus anerythrus", "decimalLon": 28.1, "decimalLat": -3.0167, "year": "1961" }, "geometry": { "type": "Point", "coordinates": [ 28.1, -3.0167 ] } },
{ "type": "Feature", "properties": { "species": "Funisciurus anerythrus", "decimalLon": 29.3, "decimalLat": 0.2, "year": "1961" }, "geometry": { "type": "Point", "coordinates": [ 29.3, 0.2 ] } },
{ "type": "Feature", "properties": { "species": "Funisciurus anerythrus", "decimalLon": 29.2167, "decimalLat": 0.9, "year": "1961" }, "geometry": { "type": "Point", "coordinates": [ 29.2167, 0.9 ] } },
{ "type": "Feature", "properties": { "species": "Funisciurus anerythrus", "decimalLon": 29.3, "decimalLat": 0.5833, "year": "1960" }, "geometry": { "type": "Point", "coordinates": [ 29.3, 0.5833 ] } },
{ "type": "Feature", "properties": { "species": "Funisciurus anerythrus", "decimalLon": 28.1, "decimalLat": -3.0167, "year": "1960" }, "geometry": { "type": "Point", "coordinates": [ 28.1, -3.0167 ] } },
{ "type": "Feature", "properties": { "species": "Funisciurus anerythrus", "decimalLon": 29.3, "decimalLat": 0.2, "year": "1960" }, "geometry": { "type": "Point", "coordinates": [ 29.3, 0.2 ] } },
{ "type": "Feature", "properties": { "species": "Funisciurus anerythrus", "decimalLon": 28.1333, "decimalLat": -3.35, "year": "1960" }, "geometry": { "type": "Point", "coordinates": [ 28.1333, -3.35 ] } },
{ "type": "Feature", "properties": { "species": "Funisciurus anerythrus", "decimalLon": 29.2333, "decimalLat": 0.8667, "year": "1960" }, "geometry": { "type": "Point", "coordinates": [ 29.2333, 0.8667 ] } },
{ "type": "Feature", "properties": { "species": "Funisciurus anerythrus", "decimalLon": 29.3, "decimalLat": 0.2, "year": "1959" }, "geometry": { "type": "Point", "coordinates": [ 29.3, 0.2 ] } },
{ "type": "Feature", "properties": { "species": "Funisciurus anerythrus", "decimalLon": 29.3, "decimalLat": 0.5833, "year": "1959" }, "geometry": { "type": "Point", "coordinates": [ 29.3, 0.5833 ] } },
{ "type": "Feature", "properties": { "species": "Funisciurus anerythrus", "decimalLon": 28.45, "decimalLat": -1.9, "year": "1959" }, "geometry": { "type": "Point", "coordinates": [ 28.45, -1.9 ] } },
{ "type": "Feature", "properties": { "species": "Funisciurus anerythrus", "decimalLon": 28.2667, "decimalLat": 0.2167, "year": "1958" }, "geometry": { "type": "Point", "coordinates": [ 28.2667, 0.2167 ] } },
{ "type": "Feature", "properties": { "species": "Funisciurus anerythrus", "decimalLon": 29.3, "decimalLat": 0.2, "year": "1958" }, "geometry": { "type": "Point", "coordinates": [ 29.3, 0.2 ] } },
{ "type": "Feature", "properties": { "species": "Funisciurus anerythrus", "decimalLon": 29.2167, "decimalLat": 0.9, "year": "1958" }, "geometry": { "type": "Point", "coordinates": [ 29.2167, 0.9 ] } },
{ "type": "Feature", "properties": { "species": "Funisciurus anerythrus", "decimalLon": 28.45, "decimalLat": -1.9, "year": "1957" }, "geometry": { "type": "Point", "coordinates": [ 28.45, -1.9 ] } },
{ "type": "Feature", "properties": { "species": "Funisciurus anerythrus", "decimalLon": 28.6, "decimalLat": 1.4, "year": "1957" }, "geometry": { "type": "Point", "coordinates": [ 28.6, 1.4 ] } },
{ "type": "Feature", "properties": { "species": "Funisciurus anerythrus", "decimalLon": 16.2333, "decimalLat": -2.15, "year": "1957" }, "geometry": { "type": "Point", "coordinates": [ 16.2333, -2.15 ] } },
{ "type": "Feature", "properties": { "species": "Funisciurus anerythrus", "decimalLon": 28.2667, "decimalLat": 0.2167, "year": "1957" }, "geometry": { "type": "Point", "coordinates": [ 28.2667, 0.2167 ] } },
{ "type": "Feature", "properties": { "species": "Funisciurus anerythrus", "decimalLon": 22.4167, "decimalLat": -7.2, "year": "1957" }, "geometry": { "type": "Point", "coordinates": [ 22.4167, -7.2 ] } },
{ "type": "Feature", "properties": { "species": "Funisciurus anerythrus", "decimalLon": 28.1, "decimalLat": -3.0167, "year": "1957" }, "geometry": { "type": "Point", "coordinates": [ 28.1, -3.0167 ] } },
{ "type": "Feature", "properties": { "species": "Funisciurus anerythrus", "decimalLon": 29.3, "decimalLat": 0.15, "year": "1957" }, "geometry": { "type": "Point", "coordinates": [ 29.3, 0.15 ] } },
{ "type": "Feature", "properties": { "species": "Funisciurus anerythrus", "decimalLon": 28.6, "decimalLat": 1.4, "year": "1956" }, "geometry": { "type": "Point", "coordinates": [ 28.6, 1.4 ] } },
{ "type": "Feature", "properties": { "species": "Funisciurus anerythrus", "decimalLon": 18.6833, "decimalLat": -0.1, "year": "1954" }, "geometry": { "type": "Point", "coordinates": [ 18.6833, -0.1 ] } },
{ "type": "Feature", "properties": { "species": "Funisciurus anerythrus", "decimalLon": 28.6, "decimalLat": 0.95, "year": "1954" }, "geometry": { "type": "Point", "coordinates": [ 28.6, 0.95 ] } },
{ "type": "Feature", "properties": { "species": "Funisciurus anerythrus", "decimalLon": 29.15, "decimalLat": 3.6667, "year": "1954" }, "geometry": { "type": "Point", "coordinates": [ 29.15, 3.6667 ] } },
{ "type": "Feature", "properties": { "species": "Funisciurus anerythrus", "decimalLon": 23.1, "decimalLat": -0.6667, "year": "1953" }, "geometry": { "type": "Point", "coordinates": [ 23.1, -0.6667 ] } },
{ "type": "Feature", "properties": { "species": "Funisciurus anerythrus", "decimalLon": 28.6, "decimalLat": -0.3333, "year": "1952" }, "geometry": { "type": "Point", "coordinates": [ 28.6, -0.3333 ] } },
{ "type": "Feature", "properties": { "species": "Funisciurus anerythrus", "decimalLon": 22.2833, "decimalLat": 0.0167, "year": "1952" }, "geometry": { "type": "Point", "coordinates": [ 22.2833, 0.0167 ] } },
{ "type": "Feature", "properties": { "species": "Funisciurus anerythrus", "decimalLon": 27.3333, "decimalLat": -2.7, "year": "1952" }, "geometry": { "type": "Point", "coordinates": [ 27.3333, -2.7 ] } },
{ "type": "Feature", "properties": { "species": "Funisciurus anerythrus", "decimalLon": 16.25, "decimalLat": -2.1667, "year": "1951" }, "geometry": { "type": "Point", "coordinates": [ 16.25, -2.1667 ] } },
{ "type": "Feature", "properties": { "species": "Funisciurus anerythrus", "decimalLon": 18.4, "decimalLat": 0.0167, "year": "1951" }, "geometry": { "type": "Point", "coordinates": [ 18.4, 0.0167 ] } },
{ "type": "Feature", "properties": { "species": "Funisciurus anerythrus", "decimalLon": 18.6833, "decimalLat": -0.1, "year": "1951" }, "geometry": { "type": "Point", "coordinates": [ 18.6833, -0.1 ] } },
{ "type": "Feature", "properties": { "species": "Funisciurus anerythrus", "decimalLon": 23.6167, "decimalLat": 2.6333, "year": "1950" }, "geometry": { "type": "Point", "coordinates": [ 23.6167, 2.6333 ] } },
{ "type": "Feature", "properties": { "species": "Funisciurus anerythrus", "decimalLon": 28.1, "decimalLat": -3.0167, "year": "1950" }, "geometry": { "type": "Point", "coordinates": [ 28.1, -3.0167 ] } },
{ "type": "Feature", "properties": { "species": "Funisciurus anerythrus", "decimalLon": 23.6167, "decimalLat": 2.6333, "year": "1949" }, "geometry": { "type": "Point", "coordinates": [ 23.6167, 2.6333 ] } },
{ "type": "Feature", "properties": { "species": "Funisciurus anerythrus", "decimalLon": 28.4333, "decimalLat": -3.0333, "year": "1945" }, "geometry": { "type": "Point", "coordinates": [ 28.4333, -3.0333 ] } },
{ "type": "Feature", "properties": { "species": "Funisciurus anerythrus", "decimalLon": 24.4, "decimalLat": 0.7833, "year": "1940" }, "geometry": { "type": "Point", "coordinates": [ 24.4, 0.7833 ] } },
{ "type": "Feature", "properties": { "species": "Funisciurus anerythrus", "decimalLon": 25.7333, "decimalLat": 3.3667, "year": "1940" }, "geometry": { "type": "Point", "coordinates": [ 25.7333, 3.3667 ] } },
{ "type": "Feature", "properties": { "species": "Funisciurus anerythrus", "decimalLon": 24.8333, "decimalLat": 2.7833, "year": "1940" }, "geometry": { "type": "Point", "coordinates": [ 24.8333, 2.7833 ] } },
{ "type": "Feature", "properties": { "species": "Funisciurus anerythrus", "decimalLon": 24.4, "decimalLat": 0.7833, "year": "1939" }, "geometry": { "type": "Point", "coordinates": [ 24.4, 0.7833 ] } },
{ "type": "Feature", "properties": { "species": "Funisciurus anerythrus", "decimalLon": 25.7333, "decimalLat": 3.3667, "year": "1938" }, "geometry": { "type": "Point", "coordinates": [ 25.7333, 3.3667 ] } },
{ "type": "Feature", "properties": { "species": "Funisciurus anerythrus", "decimalLon": 17.1833, "decimalLat": -1.1667, "year": "1933" }, "geometry": { "type": "Point", "coordinates": [ 17.1833, -1.1667 ] } },
{ "type": "Feature", "properties": { "species": "Funisciurus anerythrus", "decimalLon": 23.1, "decimalLat": -0.6667, "year": "1933" }, "geometry": { "type": "Point", "coordinates": [ 23.1, -0.6667 ] } },
{ "type": "Feature", "properties": { "species": "Funisciurus anerythrus", "decimalLon": 17.1833, "decimalLat": -1.1667, "year": "1932" }, "geometry": { "type": "Point", "coordinates": [ 17.1833, -1.1667 ] } },
{ "type": "Feature", "properties": { "species": "Funisciurus anerythrus", "decimalLon": 17.1833, "decimalLat": -1.1667, "year": "1931" }, "geometry": { "type": "Point", "coordinates": [ 17.1833, -1.1667 ] } },
{ "type": "Feature", "properties": { "species": "Funisciurus anerythrus", "decimalLon": 18.7167, "decimalLat": -4.8333, "year": "1929" }, "geometry": { "type": "Point", "coordinates": [ 18.7167, -4.8333 ] } },
{ "type": "Feature", "properties": { "species": "Funisciurus anerythrus", "decimalLon": 21.0667, "decimalLat": 2.0167, "year": "1928" }, "geometry": { "type": "Point", "coordinates": [ 21.0667, 2.0167 ] } },
{ "type": "Feature", "properties": { "species": "Funisciurus anerythrus", "decimalLon": 20.0, "decimalLat": 1.8333, "year": "1927" }, "geometry": { "type": "Point", "coordinates": [ 20.0, 1.8333 ] } },
{ "type": "Feature", "properties": { "species": "Funisciurus anerythrus", "decimalLon": 24.5667, "decimalLat": 2.85, "year": "1925" }, "geometry": { "type": "Point", "coordinates": [ 24.5667, 2.85 ] } },
{ "type": "Feature", "properties": { "species": "Funisciurus anerythrus", "decimalLon": 27.6833, "decimalLat": 4.0833, "year": "1925" }, "geometry": { "type": "Point", "coordinates": [ 27.6833, 4.0833 ] } },
{ "type": "Feature", "properties": { "species": "Funisciurus anerythrus", "decimalLon": 27.3, "decimalLat": 2.4167, "year": "1925" }, "geometry": { "type": "Point", "coordinates": [ 27.3, 2.4167 ] } },
{ "type": "Feature", "properties": { "species": "Funisciurus anerythrus", "decimalLon": 26.3833, "decimalLat": 1.8667, "year": "1925" }, "geometry": { "type": "Point", "coordinates": [ 26.3833, 1.8667 ] } },
{ "type": "Feature", "properties": { "species": "Funisciurus anerythrus", "decimalLon": 22.3167, "decimalLat": -6.0167, "year": "1923" }, "geometry": { "type": "Point", "coordinates": [ 22.3167, -6.0167 ] } },
{ "type": "Feature", "properties": { "species": "Funisciurus anerythrus", "decimalLon": 22.4333, "decimalLat": -5.8833, "year": "1923" }, "geometry": { "type": "Point", "coordinates": [ 22.4333, -5.8833 ] } },
{ "type": "Feature", "properties": { "species": "Funisciurus anerythrus", "decimalLon": 17.1833, "decimalLat": -1.1667, "year": "1923" }, "geometry": { "type": "Point", "coordinates": [ 17.1833, -1.1667 ] } },
{ "type": "Feature", "properties": { "species": "Funisciurus anerythrus", "decimalLon": 16.4333, "decimalLat": -2.1, "year": "1922" }, "geometry": { "type": "Point", "coordinates": [ 16.4333, -2.1 ] } },
{ "type": "Feature", "properties": { "species": "Funisciurus anerythrus", "decimalLon": 18.3, "decimalLat": 0.0667, "year": "1921" }, "geometry": { "type": "Point", "coordinates": [ 18.3, 0.0667 ] } },
{ "type": "Feature", "properties": { "species": "Funisciurus anerythrus", "decimalLon": 16.4333, "decimalLat": -2.1, "year": "1921" }, "geometry": { "type": "Point", "coordinates": [ 16.4333, -2.1 ] } },
{ "type": "Feature", "properties": { "species": "Funisciurus anerythrus", "decimalLon": 16.3333, "decimalLat": -2.1, "year": "1921" }, "geometry": { "type": "Point", "coordinates": [ 16.3333, -2.1 ] } },
{ "type": "Feature", "properties": { "species": "Funisciurus anerythrus", "decimalLon": 20.3833, "decimalLat": -4.3833, "year": "1921" }, "geometry": { "type": "Point", "coordinates": [ 20.3833, -4.3833 ] } },
{ "type": "Feature", "properties": { "species": "Funisciurus anerythrus", "decimalLon": 22.4333, "decimalLat": -5.8833, "year": "1921" }, "geometry": { "type": "Point", "coordinates": [ 22.4333, -5.8833 ] } },
{ "type": "Feature", "properties": { "species": "Funisciurus anerythrus", "decimalLon": 21.55, "decimalLat": -5.3333, "year": "1921" }, "geometry": { "type": "Point", "coordinates": [ 21.55, -5.3333 ] } },
{ "type": "Feature", "properties": { "species": "Funisciurus anerythrus", "decimalLon": 28.6, "decimalLat": 1.05, "year": "1914" }, "geometry": { "type": "Point", "coordinates": [ 28.6, 1.05 ] } },
{ "type": "Feature", "properties": { "species": "Funisciurus anerythrus", "decimalLon": 28.5833, "decimalLat": 1.3, "year": "1914" }, "geometry": { "type": "Point", "coordinates": [ 28.5833, 1.3 ] } },
{ "type": "Feature", "properties": { "species": "Funisciurus anerythrus", "decimalLon": 27.5833, "decimalLat": 1.3, "year": "1914" }, "geometry": { "type": "Point", "coordinates": [ 27.5833, 1.3 ] } },
{ "type": "Feature", "properties": { "species": "Funisciurus anerythrus", "decimalLon": 27.3, "decimalLat": 2.4167, "year": "1914" }, "geometry": { "type": "Point", "coordinates": [ 27.3, 2.4167 ] } },
{ "type": "Feature", "properties": { "species": "Funisciurus anerythrus", "decimalLon": 26.9667, "decimalLat": 3.1333, "year": "1914" }, "geometry": { "type": "Point", "coordinates": [ 26.9667, 3.1333 ] } },
{ "type": "Feature", "properties": { "species": "Funisciurus anerythrus", "decimalLon": 26.5167, "decimalLat": 2.4167, "year": "1914" }, "geometry": { "type": "Point", "coordinates": [ 26.5167, 2.4167 ] } },
{ "type": "Feature", "properties": { "species": "Funisciurus anerythrus", "decimalLon": 27.5667, "decimalLat": 0.8667, "year": "1913" }, "geometry": { "type": "Point", "coordinates": [ 27.5667, 0.8667 ] } },
{ "type": "Feature", "properties": { "species": "Funisciurus anerythrus", "decimalLon": 17.1833, "decimalLat": -1.1667, "year": "1912" }, "geometry": { "type": "Point", "coordinates": [ 17.1833, -1.1667 ] } },
{ "type": "Feature", "properties": { "species": "Funisciurus anerythrus", "decimalLon": 27.5833, "decimalLat": 1.3, "year": "1912" }, "geometry": { "type": "Point", "coordinates": [ 27.5833, 1.3 ] } },
{ "type": "Feature", "properties": { "species": "Funisciurus anerythrus", "decimalLon": 27.7333, "decimalLat": 0.55, "year": "1912" }, "geometry": { "type": "Point", "coordinates": [ 27.7333, 0.55 ] } },
{ "type": "Feature", "properties": { "species": "Funisciurus anerythrus", "decimalLon": 27.55, "decimalLat": 0.85, "year": "1912" }, "geometry": { "type": "Point", "coordinates": [ 27.55, 0.85 ] } },
{ "type": "Feature", "properties": { "species": "Funisciurus anerythrus", "decimalLon": 26.8167, "decimalLat": 0.8333, "year": "1912" }, "geometry": { "type": "Point", "coordinates": [ 26.8167, 0.8333 ] } },
{ "type": "Feature", "properties": { "species": "Funisciurus anerythrus", "decimalLon": 27.3, "decimalLat": 2.4167, "year": "1910" }, "geometry": { "type": "Point", "coordinates": [ 27.3, 2.4167 ] } },
{ "type": "Feature", "properties": { "species": "Funisciurus anerythrus", "decimalLon": 27.866694, "decimalLat": 3.7, "year": "1910" }, "geometry": { "type": "Point", "coordinates": [ 27.866694, 3.7 ] } },
{ "type": "Feature", "properties": { "species": "Funisciurus anerythrus", "decimalLon": 30.2833, "decimalLat": 1.45, "year": "1889" }, "geometry": { "type": "Point", "coordinates": [ 30.2833, 1.45 ] } },
{ "type": "Feature", "properties": { "species": "Funisciurus anerythrus", "decimalLon": 16.4333, "decimalLat": -2.1, "year": "NA" }, "geometry": { "type": "Point", "coordinates": [ 16.4333, -2.1 ] } },
{ "type": "Feature", "properties": { "species": "Funisciurus anerythrus", "decimalLon": 21.55, "decimalLat": -5.3333, "year": "NA" }, "geometry": { "type": "Point", "coordinates": [ 21.55, -5.3333 ] } },
{ "type": "Feature", "properties": { "species": "Funisciurus anerythrus", "decimalLon": 24.8333, "decimalLat": 2.7833, "year": "NA" }, "geometry": { "type": "Point", "coordinates": [ 24.8333, 2.7833 ] } },
{ "type": "Feature", "properties": { "species": "Funisciurus anerythrus", "decimalLon": 18.65, "decimalLat": 3.65, "year": "NA" }, "geometry": { "type": "Point", "coordinates": [ 18.65, 3.65 ] } },
{ "type": "Feature", "properties": { "species": "Funisciurus anerythrus", "decimalLon": 16.4167, "decimalLat": -2.15, "year": "NA" }, "geometry": { "type": "Point", "coordinates": [ 16.4167, -2.15 ] } },
{ "type": "Feature", "properties": { "species": "Funisciurus anerythrus", "decimalLon": 16.9167, "decimalLat": -3.9167, "year": "NA" }, "geometry": { "type": "Point", "coordinates": [ 16.9167, -3.9167 ] } },
{ "type": "Feature", "properties": { "species": "Funisciurus anerythrus", "decimalLon": 13.0333, "decimalLat": -5.35, "year": "NA" }, "geometry": { "type": "Point", "coordinates": [ 13.0333, -5.35 ] } },
{ "type": "Feature", "properties": { "species": "Funisciurus anerythrus", "decimalLon": 26.35, "decimalLat": -6.1333, "year": "NA" }, "geometry": { "type": "Point", "coordinates": [ 26.35, -6.1333 ] } },
{ "type": "Feature", "properties": { "species": "Funisciurus anerythrus", "decimalLon": 23.3333, "decimalLat": -1.0, "year": "NA" }, "geometry": { "type": "Point", "coordinates": [ 23.3333, -1.0 ] } },
{ "type": "Feature", "properties": { "species": "Funisciurus anerythrus", "decimalLon": 16.35, "decimalLat": -2.0167, "year": "NA" }, "geometry": { "type": "Point", "coordinates": [ 16.35, -2.0167 ] } },
{ "type": "Feature", "properties": { "species": "Funisciurus anerythrus", "decimalLon": 19.8167, "decimalLat": -4.95, "year": "NA" }, "geometry": { "type": "Point", "coordinates": [ 19.8167, -4.95 ] } },
{ "type": "Feature", "properties": { "species": "Funisciurus anerythrus", "decimalLon": 22.4167, "decimalLat": -0.75, "year": "NA" }, "geometry": { "type": "Point", "coordinates": [ 22.4167, -0.75 ] } },
{ "type": "Feature", "properties": { "species": "Funisciurus anerythrus", "decimalLon": 23.6167, "decimalLat": 2.6333, "year": "NA" }, "geometry": { "type": "Point", "coordinates": [ 23.6167, 2.6333 ] } },
{ "type": "Feature", "properties": { "species": "Funisciurus anerythrus", "decimalLon": 30.8167, "decimalLat": 1.7333, "year": "NA" }, "geometry": { "type": "Point", "coordinates": [ 30.8167, 1.7333 ] } },
{ "type": "Feature", "properties": { "species": "Funisciurus anerythrus", "decimalLon": 16.2333, "decimalLat": -2.15, "year": "NA" }, "geometry": { "type": "Point", "coordinates": [ 16.2333, -2.15 ] } },
{ "type": "Feature", "properties": { "species": "Funisciurus anerythrus", "decimalLon": 18.6833, "decimalLat": -0.1, "year": "NA" }, "geometry": { "type": "Point", "coordinates": [ 18.6833, -0.1 ] } },
{ "type": "Feature", "properties": { "species": "Funisciurus anerythrus", "decimalLon": 23.1, "decimalLat": -0.6667, "year": "NA" }, "geometry": { "type": "Point", "coordinates": [ 23.1, -0.6667 ] } },
{ "type": "Feature", "properties": { "species": "Funisciurus anerythrus", "decimalLon": 16.3333, "decimalLat": -2.3333, "year": "NA" }, "geometry": { "type": "Point", "coordinates": [ 16.3333, -2.3333 ] } },
{ "type": "Feature", "properties": { "species": "Funisciurus anerythrus", "decimalLon": 16.4, "decimalLat": -2.0833, "year": "NA" }, "geometry": { "type": "Point", "coordinates": [ 16.4, -2.0833 ] } },
{ "type": "Feature", "properties": { "species": "Funisciurus anerythrus", "decimalLon": 23.6667, "decimalLat": 4.4167, "year": "NA" }, "geometry": { "type": "Point", "coordinates": [ 23.6667, 4.4167 ] } },
{ "type": "Feature", "properties": { "species": "Funisciurus anerythrus", "decimalLon": 29.3, "decimalLat": 0.2, "year": "NA" }, "geometry": { "type": "Point", "coordinates": [ 29.3, 0.2 ] } },
{ "type": "Feature", "properties": { "species": "Funisciurus anerythrus", "decimalLon": 20.3333, "decimalLat": -1.35, "year": "NA" }, "geometry": { "type": "Point", "coordinates": [ 20.3333, -1.35 ] } },
{ "type": "Feature", "properties": { "species": "Funisciurus anerythrus", "decimalLon": 25.9333, "decimalLat": 2.9833, "year": "NA" }, "geometry": { "type": "Point", "coordinates": [ 25.9333, 2.9833 ] } },
{ "type": "Feature", "properties": { "species": "Funisciurus anerythrus", "decimalLon": 25.55, "decimalLat": 0.4667, "year": "NA" }, "geometry": { "type": "Point", "coordinates": [ 25.55, 0.4667 ] } },
{ "type": "Feature", "properties": { "species": "Funisciurus anerythrus", "decimalLon": 27.8333, "decimalLat": -1.6667, "year": "NA" }, "geometry": { "type": "Point", "coordinates": [ 27.8333, -1.6667 ] } },
{ "type": "Feature", "properties": { "species": "Funisciurus anerythrus", "decimalLon": 25.3833, "decimalLat": 1.55, "year": "NA" }, "geometry": { "type": "Point", "coordinates": [ 25.3833, 1.55 ] } },
{ "type": "Feature", "properties": { "species": "Funisciurus anerythrus", "decimalLon": 19.5333, "decimalLat": -3.4, "year": "NA" }, "geometry": { "type": "Point", "coordinates": [ 19.5333, -3.4 ] } },
{ "type": "Feature", "properties": { "species": "Funisciurus anerythrus", "decimalLon": 25.933333, "decimalLat": 2.983333, "year": "NA" }, "geometry": { "type": "Point", "coordinates": [ 25.933333, 2.983333 ] } },
{ "type": "Feature", "properties": { "species": "Funisciurus pyrropus", "decimalLon": 27.523363, "decimalLat": -1.262267, "year": "2024" }, "geometry": { "type": "Point", "coordinates": [ 27.523363, -1.262267 ] } },
{ "type": "Feature", "properties": { "species": "Funisciurus pyrropus", "decimalLon": 27.523347, "decimalLat": -1.262283, "year": "2024" }, "geometry": { "type": "Point", "coordinates": [ 27.523347, -1.262283 ] } },
{ "type": "Feature", "properties": { "species": "Funisciurus pyrropus", "decimalLon": 18.8916, "decimalLat": -4.9997, "year": "1995" }, "geometry": { "type": "Point", "coordinates": [ 18.8916, -4.9997 ] } },
{ "type": "Feature", "properties": { "species": "Funisciurus pyrropus", "decimalLon": 28.5833, "decimalLat": -1.4166, "year": "1991" }, "geometry": { "type": "Point", "coordinates": [ 28.5833, -1.4166 ] } },
{ "type": "Feature", "properties": { "species": "Funisciurus pyrropus", "decimalLon": 17.05, "decimalLat": -3.05, "year": "1987" }, "geometry": { "type": "Point", "coordinates": [ 17.05, -3.05 ] } },
{ "type": "Feature", "properties": { "species": "Funisciurus pyrropus", "decimalLon": 25.2167, "decimalLat": 0.6, "year": "1986" }, "geometry": { "type": "Point", "coordinates": [ 25.2167, 0.6 ] } },
{ "type": "Feature", "properties": { "species": "Funisciurus pyrropus", "decimalLon": 25.2167, "decimalLat": 0.6, "year": "1985" }, "geometry": { "type": "Point", "coordinates": [ 25.2167, 0.6 ] } },
{ "type": "Feature", "properties": { "species": "Funisciurus pyrropus", "decimalLon": 28.1, "decimalLat": -3.0167, "year": "1975" }, "geometry": { "type": "Point", "coordinates": [ 28.1, -3.0167 ] } },
{ "type": "Feature", "properties": { "species": "Funisciurus pyrropus", "decimalLon": 28.15, "decimalLat": -3.05, "year": "1975" }, "geometry": { "type": "Point", "coordinates": [ 28.15, -3.05 ] } },
{ "type": "Feature", "properties": { "species": "Funisciurus pyrropus", "decimalLon": 28.1, "decimalLat": -3.0167, "year": "1968" }, "geometry": { "type": "Point", "coordinates": [ 28.1, -3.0167 ] } },
{ "type": "Feature", "properties": { "species": "Funisciurus pyrropus", "decimalLon": 28.1667, "decimalLat": -3.7, "year": "1966" }, "geometry": { "type": "Point", "coordinates": [ 28.1667, -3.7 ] } },
{ "type": "Feature", "properties": { "species": "Funisciurus pyrropus", "decimalLon": 28.05, "decimalLat": -2.2667, "year": "1965" }, "geometry": { "type": "Point", "coordinates": [ 28.05, -2.2667 ] } },
{ "type": "Feature", "properties": { "species": "Funisciurus pyrropus", "decimalLon": 28.1, "decimalLat": -3.0167, "year": "1965" }, "geometry": { "type": "Point", "coordinates": [ 28.1, -3.0167 ] } },
{ "type": "Feature", "properties": { "species": "Funisciurus pyrropus", "decimalLon": 29.2167, "decimalLat": 0.9, "year": "1964" }, "geometry": { "type": "Point", "coordinates": [ 29.2167, 0.9 ] } },
{ "type": "Feature", "properties": { "species": "Funisciurus pyrropus", "decimalLon": 29.2167, "decimalLat": 0.95, "year": "1964" }, "geometry": { "type": "Point", "coordinates": [ 29.2167, 0.95 ] } },
{ "type": "Feature", "properties": { "species": "Funisciurus pyrropus", "decimalLon": 28.3333, "decimalLat": -3.1833, "year": "1964" }, "geometry": { "type": "Point", "coordinates": [ 28.3333, -3.1833 ] } },
{ "type": "Feature", "properties": { "species": "Funisciurus pyrropus", "decimalLon": 29.3, "decimalLat": 0.2, "year": "1961" }, "geometry": { "type": "Point", "coordinates": [ 29.3, 0.2 ] } },
{ "type": "Feature", "properties": { "species": "Funisciurus pyrropus", "decimalLon": 29.2167, "decimalLat": 0.95, "year": "1961" }, "geometry": { "type": "Point", "coordinates": [ 29.2167, 0.95 ] } },
{ "type": "Feature", "properties": { "species": "Funisciurus pyrropus", "decimalLon": 29.3, "decimalLat": 0.5833, "year": "1960" }, "geometry": { "type": "Point", "coordinates": [ 29.3, 0.5833 ] } },
{ "type": "Feature", "properties": { "species": "Funisciurus pyrropus", "decimalLon": 29.3, "decimalLat": 0.2, "year": "1960" }, "geometry": { "type": "Point", "coordinates": [ 29.3, 0.2 ] } },
{ "type": "Feature", "properties": { "species": "Funisciurus pyrropus", "decimalLon": 29.1, "decimalLat": 1.0333, "year": "1960" }, "geometry": { "type": "Point", "coordinates": [ 29.1, 1.0333 ] } },
{ "type": "Feature", "properties": { "species": "Funisciurus pyrropus", "decimalLon": 29.3, "decimalLat": 0.2, "year": "1959" }, "geometry": { "type": "Point", "coordinates": [ 29.3, 0.2 ] } },
{ "type": "Feature", "properties": { "species": "Funisciurus pyrropus", "decimalLon": 29.3, "decimalLat": 0.5833, "year": "1959" }, "geometry": { "type": "Point", "coordinates": [ 29.3, 0.5833 ] } },
{ "type": "Feature", "properties": { "species": "Funisciurus pyrropus", "decimalLon": 28.1, "decimalLat": -3.0167, "year": "1958" }, "geometry": { "type": "Point", "coordinates": [ 28.1, -3.0167 ] } },
{ "type": "Feature", "properties": { "species": "Funisciurus pyrropus", "decimalLon": 28.2667, "decimalLat": 0.2167, "year": "1958" }, "geometry": { "type": "Point", "coordinates": [ 28.2667, 0.2167 ] } },
{ "type": "Feature", "properties": { "species": "Funisciurus pyrropus", "decimalLon": 29.3, "decimalLat": 0.15, "year": "1958" }, "geometry": { "type": "Point", "coordinates": [ 29.3, 0.15 ] } },
{ "type": "Feature", "properties": { "species": "Funisciurus pyrropus", "decimalLon": 29.6333, "decimalLat": 0.35, "year": "1958" }, "geometry": { "type": "Point", "coordinates": [ 29.6333, 0.35 ] } },
{ "type": "Feature", "properties": { "species": "Funisciurus pyrropus", "decimalLon": 29.3, "decimalLat": 0.2, "year": "1958" }, "geometry": { "type": "Point", "coordinates": [ 29.3, 0.2 ] } },
{ "type": "Feature", "properties": { "species": "Funisciurus pyrropus", "decimalLon": 29.866671, "decimalLat": 1.45, "year": "1956" }, "geometry": { "type": "Point", "coordinates": [ 29.866671, 1.45 ] } },
{ "type": "Feature", "properties": { "species": "Funisciurus pyrropus", "decimalLon": 29.3, "decimalLat": 0.15, "year": "1956" }, "geometry": { "type": "Point", "coordinates": [ 29.3, 0.15 ] } },
{ "type": "Feature", "properties": { "species": "Funisciurus pyrropus", "decimalLon": 29.3, "decimalLat": 0.15, "year": "1955" }, "geometry": { "type": "Point", "coordinates": [ 29.3, 0.15 ] } },
{ "type": "Feature", "properties": { "species": "Funisciurus pyrropus", "decimalLon": 28.6, "decimalLat": 0.95, "year": "1954" }, "geometry": { "type": "Point", "coordinates": [ 28.6, 0.95 ] } },
{ "type": "Feature", "properties": { "species": "Funisciurus pyrropus", "decimalLon": 29.7333, "decimalLat": 0.4, "year": "1954" }, "geometry": { "type": "Point", "coordinates": [ 29.7333, 0.4 ] } },
{ "type": "Feature", "properties": { "species": "Funisciurus pyrropus", "decimalLon": 29.1, "decimalLat": -5.0667, "year": "1954" }, "geometry": { "type": "Point", "coordinates": [ 29.1, -5.0667 ] } },
{ "type": "Feature", "properties": { "species": "Funisciurus pyrropus", "decimalLon": 28.3333, "decimalLat": -3.1833, "year": "1952" }, "geometry": { "type": "Point", "coordinates": [ 28.3333, -3.1833 ] } },
{ "type": "Feature", "properties": { "species": "Funisciurus pyrropus", "decimalLon": 28.6, "decimalLat": -0.3333, "year": "1952" }, "geometry": { "type": "Point", "coordinates": [ 28.6, -0.3333 ] } },
{ "type": "Feature", "properties": { "species": "Funisciurus pyrropus", "decimalLon": 30.5333, "decimalLat": 1.9167, "year": "1952" }, "geometry": { "type": "Point", "coordinates": [ 30.5333, 1.9167 ] } },
{ "type": "Feature", "properties": { "species": "Funisciurus pyrropus", "decimalLon": 26.6, "decimalLat": -10.6667, "year": "1952" }, "geometry": { "type": "Point", "coordinates": [ 26.6, -10.6667 ] } },
{ "type": "Feature", "properties": { "species": "Funisciurus pyrropus", "decimalLon": 29.7667, "decimalLat": 0.5167, "year": "1952" }, "geometry": { "type": "Point", "coordinates": [ 29.7667, 0.5167 ] } },
{ "type": "Feature", "properties": { "species": "Funisciurus pyrropus", "decimalLon": 17.9667, "decimalLat": -7.2167, "year": "1952" }, "geometry": { "type": "Point", "coordinates": [ 17.9667, -7.2167 ] } },
{ "type": "Feature", "properties": { "species": "Funisciurus pyrropus", "decimalLon": 28.499997, "decimalLat": 1.9999990000000001, "year": "1951" }, "geometry": { "type": "Point", "coordinates": [ 28.499997, 1.999999 ] } },
{ "type": "Feature", "properties": { "species": "Funisciurus pyrropus", "decimalLon": 23.6167, "decimalLat": 2.6333, "year": "1951" }, "geometry": { "type": "Point", "coordinates": [ 23.6167, 2.6333 ] } },
{ "type": "Feature", "properties": { "species": "Funisciurus pyrropus", "decimalLon": 28.75, "decimalLat": 0.6167, "year": "1950" }, "geometry": { "type": "Point", "coordinates": [ 28.75, 0.6167 ] } },
{ "type": "Feature", "properties": { "species": "Funisciurus pyrropus", "decimalLon": 28.8167, "decimalLat": -0.4833, "year": "1950" }, "geometry": { "type": "Point", "coordinates": [ 28.8167, -0.4833 ] } },
{ "type": "Feature", "properties": { "species": "Funisciurus pyrropus", "decimalLon": 29.4167, "decimalLat": 0.3333, "year": "1949" }, "geometry": { "type": "Point", "coordinates": [ 29.4167, 0.3333 ] } },
{ "type": "Feature", "properties": { "species": "Funisciurus pyrropus", "decimalLon": 29.6167, "decimalLat": 0.85, "year": "1949" }, "geometry": { "type": "Point", "coordinates": [ 29.6167, 0.85 ] } },
{ "type": "Feature", "properties": { "species": "Funisciurus pyrropus", "decimalLon": 28.7333, "decimalLat": -0.2333, "year": "1949" }, "geometry": { "type": "Point", "coordinates": [ 28.7333, -0.2333 ] } },
{ "type": "Feature", "properties": { "species": "Funisciurus pyrropus", "decimalLon": 28.8167, "decimalLat": -0.4833, "year": "1949" }, "geometry": { "type": "Point", "coordinates": [ 28.8167, -0.4833 ] } },
{ "type": "Feature", "properties": { "species": "Funisciurus pyrropus", "decimalLon": 28.6167, "decimalLat": 0.2833, "year": "1948" }, "geometry": { "type": "Point", "coordinates": [ 28.6167, 0.2833 ] } },
{ "type": "Feature", "properties": { "species": "Funisciurus pyrropus", "decimalLon": 29.1333, "decimalLat": 3.6833, "year": "1945" }, "geometry": { "type": "Point", "coordinates": [ 29.1333, 3.6833 ] } },
{ "type": "Feature", "properties": { "species": "Funisciurus pyrropus", "decimalLon": 13.0833, "decimalLat": -4.7167, "year": "1940" }, "geometry": { "type": "Point", "coordinates": [ 13.0833, -4.7167 ] } },
{ "type": "Feature", "properties": { "species": "Funisciurus pyrropus", "decimalLon": 25.3226, "decimalLat": 1.55249, "year": "1939" }, "geometry": { "type": "Point", "coordinates": [ 25.3226, 1.55249 ] } },
{ "type": "Feature", "properties": { "species": "Funisciurus pyrropus", "decimalLon": 29.42272, "decimalLat": 0.95073, "year": "1938" }, "geometry": { "type": "Point", "coordinates": [ 29.42272, 0.95073 ] } },
{ "type": "Feature", "properties": { "species": "Funisciurus pyrropus", "decimalLon": 29.4804, "decimalLat": 0.81439, "year": "1938" }, "geometry": { "type": "Point", "coordinates": [ 29.4804, 0.81439 ] } },
{ "type": "Feature", "properties": { "species": "Funisciurus pyrropus", "decimalLon": 29.5833, "decimalLat": 2.7833, "year": "1925" }, "geometry": { "type": "Point", "coordinates": [ 29.5833, 2.7833 ] } },
{ "type": "Feature", "properties": { "species": "Funisciurus pyrropus", "decimalLon": 27.5667, "decimalLat": 0.8667, "year": "1914" }, "geometry": { "type": "Point", "coordinates": [ 27.5667, 0.8667 ] } },
{ "type": "Feature", "properties": { "species": "Funisciurus pyrropus", "decimalLon": 28.81745, "decimalLat": -1.39906, "year": "1914" }, "geometry": { "type": "Point", "coordinates": [ 28.81745, -1.39906 ] } },
{ "type": "Feature", "properties": { "species": "Funisciurus pyrropus", "decimalLon": 28.81333, "decimalLat": -1.39888, "year": "1914" }, "geometry": { "type": "Point", "coordinates": [ 28.81333, -1.39888 ] } },
{ "type": "Feature", "properties": { "species": "Funisciurus pyrropus", "decimalLon": 27.3, "decimalLat": 2.4167, "year": "1914" }, "geometry": { "type": "Point", "coordinates": [ 27.3, 2.4167 ] } },
{ "type": "Feature", "properties": { "species": "Funisciurus pyrropus", "decimalLon": 26.9667, "decimalLat": 3.1333, "year": "1914" }, "geometry": { "type": "Point", "coordinates": [ 26.9667, 3.1333 ] } },
{ "type": "Feature", "properties": { "species": "Funisciurus pyrropus", "decimalLon": 27.5667, "decimalLat": 0.8667, "year": "1913" }, "geometry": { "type": "Point", "coordinates": [ 27.5667, 0.8667 ] } },
{ "type": "Feature", "properties": { "species": "Funisciurus pyrropus", "decimalLon": 27.55, "decimalLat": 0.85, "year": "1913" }, "geometry": { "type": "Point", "coordinates": [ 27.55, 0.85 ] } },
{ "type": "Feature", "properties": { "species": "Funisciurus pyrropus", "decimalLon": 29.2833, "decimalLat": 0.6333, "year": "1913" }, "geometry": { "type": "Point", "coordinates": [ 29.2833, 0.6333 ] } },
{ "type": "Feature", "properties": { "species": "Funisciurus pyrropus", "decimalLon": 29.4833, "decimalLat": 0.4833, "year": "1913" }, "geometry": { "type": "Point", "coordinates": [ 29.4833, 0.4833 ] } },
{ "type": "Feature", "properties": { "species": "Funisciurus pyrropus", "decimalLon": 29.8, "decimalLat": 0.75, "year": "1913" }, "geometry": { "type": "Point", "coordinates": [ 29.8, 0.75 ] } },
{ "type": "Feature", "properties": { "species": "Funisciurus pyrropus", "decimalLon": 26.5167, "decimalLat": 2.4167, "year": "1913" }, "geometry": { "type": "Point", "coordinates": [ 26.5167, 2.4167 ] } },
{ "type": "Feature", "properties": { "species": "Funisciurus pyrropus", "decimalLon": 29.8, "decimalLat": 0.75, "year": "1912" }, "geometry": { "type": "Point", "coordinates": [ 29.8, 0.75 ] } },
{ "type": "Feature", "properties": { "species": "Funisciurus pyrropus", "decimalLon": 27.5667, "decimalLat": 0.8667, "year": "1912" }, "geometry": { "type": "Point", "coordinates": [ 27.5667, 0.8667 ] } },
{ "type": "Feature", "properties": { "species": "Funisciurus pyrropus", "decimalLon": 27.866694, "decimalLat": 3.7, "year": "1910" }, "geometry": { "type": "Point", "coordinates": [ 27.866694, 3.7 ] } },
{ "type": "Feature", "properties": { "species": "Funisciurus pyrropus", "decimalLon": 27.5667, "decimalLat": 0.8667, "year": "NA" }, "geometry": { "type": "Point", "coordinates": [ 27.5667, 0.8667 ] } },
{ "type": "Feature", "properties": { "species": "Funisciurus pyrropus", "decimalLon": 30.1, "decimalLat": 1.8167, "year": "NA" }, "geometry": { "type": "Point", "coordinates": [ 30.1, 1.8167 ] } },
{ "type": "Feature", "properties": { "species": "Funisciurus pyrropus", "decimalLon": 30.5333, "decimalLat": 1.9167, "year": "NA" }, "geometry": { "type": "Point", "coordinates": [ 30.5333, 1.9167 ] } },
{ "type": "Feature", "properties": { "species": "Funisciurus pyrropus", "decimalLon": 18.0833, "decimalLat": -7.5833, "year": "NA" }, "geometry": { "type": "Point", "coordinates": [ 18.0833, -7.5833 ] } },
{ "type": "Feature", "properties": { "species": "Funisciurus pyrropus", "decimalLon": 26.05, "decimalLat": 0.0, "year": "NA" }, "geometry": { "type": "Point", "coordinates": [ 26.05, 0.0 ] } },
{ "type": "Feature", "properties": { "species": "Funisciurus pyrropus", "decimalLon": 13.0, "decimalLat": -4.7667, "year": "NA" }, "geometry": { "type": "Point", "coordinates": [ 13.0, -4.7667 ] } },
{ "type": "Feature", "properties": { "species": "Funisciurus pyrropus", "decimalLon": 25.2333, "decimalLat": 0.55, "year": "NA" }, "geometry": { "type": "Point", "coordinates": [ 25.2333, 0.55 ] } },
{ "type": "Feature", "properties": { "species": "Funisciurus pyrropus", "decimalLon": 27.2833, "decimalLat": 0.45, "year": "NA" }, "geometry": { "type": "Point", "coordinates": [ 27.2833, 0.45 ] } },
{ "type": "Feature", "properties": { "species": "Funisciurus pyrropus", "decimalLon": 28.6, "decimalLat": -0.3333, "year": "NA" }, "geometry": { "type": "Point", "coordinates": [ 28.6, -0.3333 ] } },
{ "type": "Feature", "properties": { "species": "Funisciurus bayonii", "decimalLon": 18.7, "decimalLat": -7.7167, "year": "1952" }, "geometry": { "type": "Point", "coordinates": [ 18.7, -7.7167 ] } },
{ "type": "Feature", "properties": { "species": "Funisciurus bayonii", "decimalLon": 20.3833, "decimalLat": -4.3833, "year": "1921" }, "geometry": { "type": "Point", "coordinates": [ 20.3833, -4.3833 ] } },
{ "type": "Feature", "properties": { "species": "Funisciurus bayonii", "decimalLon": 20.95, "decimalLat": -6.6667, "year": "1921" }, "geometry": { "type": "Point", "coordinates": [ 20.95, -6.6667 ] } },
{ "type": "Feature", "properties": { "species": "Funisciurus bayonii", "decimalLon": 23.2, "decimalLat": -6.3333, "year": "NA" }, "geometry": { "type": "Point", "coordinates": [ 23.2, -6.3333 ] } },
{ "type": "Feature", "properties": { "species": "Funisciurus bayonii", "decimalLon": 16.6833, "decimalLat": -6.0667, "year": "NA" }, "geometry": { "type": "Point", "coordinates": [ 16.6833, -6.0667 ] } },
{ "type": "Feature", "properties": { "species": "Funisciurus bayonii", "decimalLon": 16.9167, "decimalLat": -6.5, "year": "NA" }, "geometry": { "type": "Point", "coordinates": [ 16.9167, -6.5 ] } },
{ "type": "Feature", "properties": { "species": "Funisciurus congicus", "decimalLon": 20.376149, "decimalLat": -2.76165, "year": "2014" }, "geometry": { "type": "Point", "coordinates": [ 20.376149, -2.76165 ] } },
{ "type": "Feature", "properties": { "species": "Funisciurus congicus", "decimalLon": 13.125617, "decimalLat": -5.613213, "year": "2013" }, "geometry": { "type": "Point", "coordinates": [ 13.125617, -5.613213 ] } },
{ "type": "Feature", "properties": { "species": "Funisciurus congicus", "decimalLon": 23.431, "decimalLat": 1.294, "year": "2004" }, "geometry": { "type": "Point", "coordinates": [ 23.431, 1.294 ] } },
{ "type": "Feature", "properties": { "species": "Funisciurus congicus", "decimalLon": 20.3333, "decimalLat": -1.35, "year": "1987" }, "geometry": { "type": "Point", "coordinates": [ 20.3333, -1.35 ] } },
{ "type": "Feature", "properties": { "species": "Funisciurus congicus", "decimalLon": 23.2667, "decimalLat": -1.1833, "year": "1986" }, "geometry": { "type": "Point", "coordinates": [ 23.2667, -1.1833 ] } },
{ "type": "Feature", "properties": { "species": "Funisciurus congicus", "decimalLon": 25.2, "decimalLat": 0.5, "year": "1982" }, "geometry": { "type": "Point", "coordinates": [ 25.2, 0.5 ] } },
{ "type": "Feature", "properties": { "species": "Funisciurus congicus", "decimalLon": 28.1333, "decimalLat": -3.35, "year": "1966" }, "geometry": { "type": "Point", "coordinates": [ 28.1333, -3.35 ] } },
{ "type": "Feature", "properties": { "species": "Funisciurus congicus", "decimalLon": 28.1, "decimalLat": -3.0167, "year": "1965" }, "geometry": { "type": "Point", "coordinates": [ 28.1, -3.0167 ] } },
{ "type": "Feature", "properties": { "species": "Funisciurus congicus", "decimalLon": 21.6667, "decimalLat": -4.8667, "year": "1960" }, "geometry": { "type": "Point", "coordinates": [ 21.6667, -4.8667 ] } },
{ "type": "Feature", "properties": { "species": "Funisciurus congicus", "decimalLon": 16.2333, "decimalLat": -2.15, "year": "1957" }, "geometry": { "type": "Point", "coordinates": [ 16.2333, -2.15 ] } },
{ "type": "Feature", "properties": { "species": "Funisciurus congicus", "decimalLon": 23.1, "decimalLat": -0.6667, "year": "1953" }, "geometry": { "type": "Point", "coordinates": [ 23.1, -0.6667 ] } },
{ "type": "Feature", "properties": { "species": "Funisciurus congicus", "decimalLon": 30.583333, "decimalLat": 2.0, "year": "1951" }, "geometry": { "type": "Point", "coordinates": [ 30.583333, 2.0 ] } },
{ "type": "Feature", "properties": { "species": "Funisciurus congicus", "decimalLon": 18.6833, "decimalLat": -0.1, "year": "1950" }, "geometry": { "type": "Point", "coordinates": [ 18.6833, -0.1 ] } },
{ "type": "Feature", "properties": { "species": "Funisciurus congicus", "decimalLon": 22.4167, "decimalLat": -0.75, "year": "1948" }, "geometry": { "type": "Point", "coordinates": [ 22.4167, -0.75 ] } },
{ "type": "Feature", "properties": { "species": "Funisciurus congicus", "decimalLon": 15.3, "decimalLat": -4.3, "year": "1947" }, "geometry": { "type": "Point", "coordinates": [ 15.3, -4.3 ] } },
{ "type": "Feature", "properties": { "species": "Funisciurus congicus", "decimalLon": 15.3, "decimalLat": -4.3, "year": "1946" }, "geometry": { "type": "Point", "coordinates": [ 15.3, -4.3 ] } },
{ "type": "Feature", "properties": { "species": "Funisciurus congicus", "decimalLon": 15.3, "decimalLat": -4.3, "year": "1945" }, "geometry": { "type": "Point", "coordinates": [ 15.3, -4.3 ] } },
{ "type": "Feature", "properties": { "species": "Funisciurus congicus", "decimalLon": 15.3, "decimalLat": -4.3, "year": "1943" }, "geometry": { "type": "Point", "coordinates": [ 15.3, -4.3 ] } },
{ "type": "Feature", "properties": { "species": "Funisciurus congicus", "decimalLon": 15.3, "decimalLat": -4.3, "year": "1942" }, "geometry": { "type": "Point", "coordinates": [ 15.3, -4.3 ] } },
{ "type": "Feature", "properties": { "species": "Funisciurus congicus", "decimalLon": 16.9167, "decimalLat": -3.0167, "year": "1941" }, "geometry": { "type": "Point", "coordinates": [ 16.9167, -3.0167 ] } },
{ "type": "Feature", "properties": { "species": "Funisciurus congicus", "decimalLon": 15.3, "decimalLat": -4.3, "year": "1940" }, "geometry": { "type": "Point", "coordinates": [ 15.3, -4.3 ] } },
{ "type": "Feature", "properties": { "species": "Funisciurus congicus", "decimalLon": 20.8333, "decimalLat": -0.2333, "year": "1939" }, "geometry": { "type": "Point", "coordinates": [ 20.8333, -0.2333 ] } },
{ "type": "Feature", "properties": { "species": "Funisciurus congicus", "decimalLon": 15.3, "decimalLat": -4.3, "year": "1938" }, "geometry": { "type": "Point", "coordinates": [ 15.3, -4.3 ] } },
{ "type": "Feature", "properties": { "species": "Funisciurus congicus", "decimalLon": 15.3, "decimalLat": -4.3, "year": "1937" }, "geometry": { "type": "Point", "coordinates": [ 15.3, -4.3 ] } },
{ "type": "Feature", "properties": { "species": "Funisciurus congicus", "decimalLon": 23.25, "decimalLat": -4.9167, "year": "1934" }, "geometry": { "type": "Point", "coordinates": [ 23.25, -4.9167 ] } },
{ "type": "Feature", "properties": { "species": "Funisciurus congicus", "decimalLon": 21.06136, "decimalLat": -6.52305, "year": "1934" }, "geometry": { "type": "Point", "coordinates": [ 21.06136, -6.52305 ] } },
{ "type": "Feature", "properties": { "species": "Funisciurus congicus", "decimalLon": 23.85794, "decimalLat": -5.19906, "year": "1934" }, "geometry": { "type": "Point", "coordinates": [ 23.85794, -5.19906 ] } },
{ "type": "Feature", "properties": { "species": "Funisciurus congicus", "decimalLon": 22.25, "decimalLat": -8.3667, "year": "1934" }, "geometry": { "type": "Point", "coordinates": [ 22.25, -8.3667 ] } },
{ "type": "Feature", "properties": { "species": "Funisciurus congicus", "decimalLon": 23.25, "decimalLat": -4.9167, "year": "1932" }, "geometry": { "type": "Point", "coordinates": [ 23.25, -4.9167 ] } },
{ "type": "Feature", "properties": { "species": "Funisciurus congicus", "decimalLon": 23.8, "decimalLat": -3.3333, "year": "1929" }, "geometry": { "type": "Point", "coordinates": [ 23.8, -3.3333 ] } },
{ "type": "Feature", "properties": { "species": "Funisciurus congicus", "decimalLon": 15.3, "decimalLat": -4.3, "year": "1928" }, "geometry": { "type": "Point", "coordinates": [ 15.3, -4.3 ] } },
{ "type": "Feature", "properties": { "species": "Funisciurus congicus", "decimalLon": 21.0167, "decimalLat": 0.4167, "year": "1927" }, "geometry": { "type": "Point", "coordinates": [ 21.0167, 0.4167 ] } },
{ "type": "Feature", "properties": { "species": "Funisciurus congicus", "decimalLon": 23.25, "decimalLat": -4.9167, "year": "1925" }, "geometry": { "type": "Point", "coordinates": [ 23.25, -4.9167 ] } },
{ "type": "Feature", "properties": { "species": "Funisciurus congicus", "decimalLon": 22.9, "decimalLat": -4.5333, "year": "1924" }, "geometry": { "type": "Point", "coordinates": [ 22.9, -4.5333 ] } },
{ "type": "Feature", "properties": { "species": "Funisciurus congicus", "decimalLon": 23.25, "decimalLat": -4.9167, "year": "1924" }, "geometry": { "type": "Point", "coordinates": [ 23.25, -4.9167 ] } },
{ "type": "Feature", "properties": { "species": "Funisciurus congicus", "decimalLon": 22.3167, "decimalLat": -6.0167, "year": "1923" }, "geometry": { "type": "Point", "coordinates": [ 22.3167, -6.0167 ] } },
{ "type": "Feature", "properties": { "species": "Funisciurus congicus", "decimalLon": 22.4333, "decimalLat": -5.8833, "year": "1922" }, "geometry": { "type": "Point", "coordinates": [ 22.4333, -5.8833 ] } },
{ "type": "Feature", "properties": { "species": "Funisciurus congicus", "decimalLon": 18.3, "decimalLat": 0.0667, "year": "1921" }, "geometry": { "type": "Point", "coordinates": [ 18.3, 0.0667 ] } },
{ "type": "Feature", "properties": { "species": "Funisciurus congicus", "decimalLon": 18.15, "decimalLat": -0.8833, "year": "1921" }, "geometry": { "type": "Point", "coordinates": [ 18.15, -0.8833 ] } },
{ "type": "Feature", "properties": { "species": "Funisciurus congicus", "decimalLon": 18.2833, "decimalLat": -0.75, "year": "1921" }, "geometry": { "type": "Point", "coordinates": [ 18.2833, -0.75 ] } },
{ "type": "Feature", "properties": { "species": "Funisciurus congicus", "decimalLon": 16.4333, "decimalLat": -2.1, "year": "1921" }, "geometry": { "type": "Point", "coordinates": [ 16.4333, -2.1 ] } },
{ "type": "Feature", "properties": { "species": "Funisciurus congicus", "decimalLon": 16.2667, "decimalLat": -3.1833, "year": "1921" }, "geometry": { "type": "Point", "coordinates": [ 16.2667, -3.1833 ] } },
{ "type": "Feature", "properties": { "species": "Funisciurus congicus", "decimalLon": 21.55, "decimalLat": -5.3333, "year": "1921" }, "geometry": { "type": "Point", "coordinates": [ 21.55, -5.3333 ] } },
{ "type": "Feature", "properties": { "species": "Funisciurus congicus", "decimalLon": 21.1667, "decimalLat": -5.4667, "year": "1921" }, "geometry": { "type": "Point", "coordinates": [ 21.1667, -5.4667 ] } },
{ "type": "Feature", "properties": { "species": "Funisciurus congicus", "decimalLon": 20.9, "decimalLat": -7.0, "year": "1921" }, "geometry": { "type": "Point", "coordinates": [ 20.9, -7.0 ] } },
{ "type": "Feature", "properties": { "species": "Funisciurus congicus", "decimalLon": 20.8167, "decimalLat": -5.75, "year": "1921" }, "geometry": { "type": "Point", "coordinates": [ 20.8167, -5.75 ] } },
{ "type": "Feature", "properties": { "species": "Funisciurus congicus", "decimalLon": 25.0667, "decimalLat": -9.2333, "year": "1914" }, "geometry": { "type": "Point", "coordinates": [ 25.0667, -9.2333 ] } },
{ "type": "Feature", "properties": { "species": "Funisciurus congicus", "decimalLon": 14.04, "decimalLat": -5.07, "year": "1906" }, "geometry": { "type": "Point", "coordinates": [ 14.04, -5.07 ] } },
{ "type": "Feature", "properties": { "species": "Funisciurus congicus", "decimalLon": 26.35, "decimalLat": -6.1333, "year": "NA" }, "geometry": { "type": "Point", "coordinates": [ 26.35, -6.1333 ] } },
{ "type": "Feature", "properties": { "species": "Funisciurus congicus", "decimalLon": 22.6167, "decimalLat": -8.3667, "year": "NA" }, "geometry": { "type": "Point", "coordinates": [ 22.6167, -8.3667 ] } },
{ "type": "Feature", "properties": { "species": "Funisciurus congicus", "decimalLon": 15.3, "decimalLat": -4.3, "year": "NA" }, "geometry": { "type": "Point", "coordinates": [ 15.3, -4.3 ] } },
{ "type": "Feature", "properties": { "species": "Funisciurus congicus", "decimalLon": 18.0833, "decimalLat": -7.5833, "year": "NA" }, "geometry": { "type": "Point", "coordinates": [ 18.0833, -7.5833 ] } },
{ "type": "Feature", "properties": { "species": "Funisciurus congicus", "decimalLon": 14.8833, "decimalLat": -5.2667, "year": "NA" }, "geometry": { "type": "Point", "coordinates": [ 14.8833, -5.2667 ] } },
{ "type": "Feature", "properties": { "species": "Funisciurus congicus", "decimalLon": 16.4333, "decimalLat": -2.1, "year": "NA" }, "geometry": { "type": "Point", "coordinates": [ 16.4333, -2.1 ] } },
{ "type": "Feature", "properties": { "species": "Funisciurus congicus", "decimalLon": 13.5333, "decimalLat": -5.8333, "year": "NA" }, "geometry": { "type": "Point", "coordinates": [ 13.5333, -5.8333 ] } },
{ "type": "Feature", "properties": { "species": "Funisciurus congicus", "decimalLon": 22.3833, "decimalLat": -6.2, "year": "NA" }, "geometry": { "type": "Point", "coordinates": [ 22.3833, -6.2 ] } },
{ "type": "Feature", "properties": { "species": "Funisciurus congicus", "decimalLon": 25.9167, "decimalLat": -3.0, "year": "NA" }, "geometry": { "type": "Point", "coordinates": [ 25.9167, -3.0 ] } },
{ "type": "Feature", "properties": { "species": "Funisciurus congicus", "decimalLon": 23.3833, "decimalLat": 0.6, "year": "NA" }, "geometry": { "type": "Point", "coordinates": [ 23.3833, 0.6 ] } },
{ "type": "Feature", "properties": { "species": "Funisciurus congicus", "decimalLon": 16.4167, "decimalLat": -2.15, "year": "NA" }, "geometry": { "type": "Point", "coordinates": [ 16.4167, -2.15 ] } },
{ "type": "Feature", "properties": { "species": "Funisciurus congicus", "decimalLon": 16.9167, "decimalLat": -3.9167, "year": "NA" }, "geometry": { "type": "Point", "coordinates": [ 16.9167, -3.9167 ] } },
{ "type": "Feature", "properties": { "species": "Funisciurus congicus", "decimalLon": 16.35, "decimalLat": -2.0167, "year": "NA" }, "geometry": { "type": "Point", "coordinates": [ 16.35, -2.0167 ] } },
{ "type": "Feature", "properties": { "species": "Funisciurus congicus", "decimalLon": 22.4167, "decimalLat": -0.75, "year": "NA" }, "geometry": { "type": "Point", "coordinates": [ 22.4167, -0.75 ] } },
{ "type": "Feature", "properties": { "species": "Funisciurus congicus", "decimalLon": 17.7667, "decimalLat": -3.7, "year": "NA" }, "geometry": { "type": "Point", "coordinates": [ 17.7667, -3.7 ] } },
{ "type": "Feature", "properties": { "species": "Funisciurus congicus", "decimalLon": 18.6833, "decimalLat": -0.1, "year": "NA" }, "geometry": { "type": "Point", "coordinates": [ 18.6833, -0.1 ] } },
{ "type": "Feature", "properties": { "species": "Funisciurus congicus", "decimalLon": 16.2333, "decimalLat": -2.15, "year": "NA" }, "geometry": { "type": "Point", "coordinates": [ 16.2333, -2.15 ] } },
{ "type": "Feature", "properties": { "species": "Funisciurus congicus", "decimalLon": 16.3333, "decimalLat": -2.3333, "year": "NA" }, "geometry": { "type": "Point", "coordinates": [ 16.3333, -2.3333 ] } },
{ "type": "Feature", "properties": { "species": "Funisciurus congicus", "decimalLon": 15.0, "decimalLat": -5.0, "year": "NA" }, "geometry": { "type": "Point", "coordinates": [ 15.0, -5.0 ] } },
{ "type": "Feature", "properties": { "species": "Funisciurus congicus", "decimalLon": 13.6667, "decimalLat": -5.7, "year": "NA" }, "geometry": { "type": "Point", "coordinates": [ 13.6667, -5.7 ] } },
{ "type": "Feature", "properties": { "species": "Funisciurus congicus", "decimalLon": 15.3167, "decimalLat": -5.1333, "year": "NA" }, "geometry": { "type": "Point", "coordinates": [ 15.3167, -5.1333 ] } },
{ "type": "Feature", "properties": { "species": "Funisciurus congicus", "decimalLon": 25.0667, "decimalLat": -9.2333, "year": "NA" }, "geometry": { "type": "Point", "coordinates": [ 25.0667, -9.2333 ] } },
{ "type": "Feature", "properties": { "species": "Funisciurus congicus", "decimalLon": 23.65, "decimalLat": 1.15, "year": "NA" }, "geometry": { "type": "Point", "coordinates": [ 23.65, 1.15 ] } },
{ "type": "Feature", "properties": { "species": "Funisciurus congicus", "decimalLon": 23.4333, "decimalLat": -4.8333, "year": "NA" }, "geometry": { "type": "Point", "coordinates": [ 23.4333, -4.8333 ] } },
{ "type": "Feature", "properties": { "species": "Heliosciurus rufobrachium", "decimalLon": 28.502329, "decimalLat": -3.090161, "year": "2023" }, "geometry": { "type": "Point", "coordinates": [ 28.502329, -3.090161 ] } },
{ "type": "Feature", "properties": { "species": "Heliosciurus rufobrachium", "decimalLon": 24.04587, "decimalLat": 3.31755, "year": "2022" }, "geometry": { "type": "Point", "coordinates": [ 24.04587, 3.31755 ] } },
{ "type": "Feature", "properties": { "species": "Heliosciurus rufobrachium", "decimalLon": 27.737044, "decimalLat": -1.01977, "year": "2022" }, "geometry": { "type": "Point", "coordinates": [ 27.737044, -1.01977 ] } },
{ "type": "Feature", "properties": { "species": "Heliosciurus rufobrachium", "decimalLon": 20.67913, "decimalLat": -1.719644, "year": "2022" }, "geometry": { "type": "Point", "coordinates": [ 20.67913, -1.719644 ] } },
{ "type": "Feature", "properties": { "species": "Heliosciurus rufobrachium", "decimalLon": 21.02175, "decimalLat": -2.28741, "year": "2022" }, "geometry": { "type": "Point", "coordinates": [ 21.02175, -2.28741 ] } },
{ "type": "Feature", "properties": { "species": "Heliosciurus rufobrachium", "decimalLon": 20.52058, "decimalLat": -0.70543, "year": "2021" }, "geometry": { "type": "Point", "coordinates": [ 20.52058, -0.70543 ] } },
{ "type": "Feature", "properties": { "species": "Heliosciurus rufobrachium", "decimalLon": 25.121592, "decimalLat": -2.933849, "year": "2021" }, "geometry": { "type": "Point", "coordinates": [ 25.121592, -2.933849 ] } },
{ "type": "Feature", "properties": { "species": "Heliosciurus rufobrachium", "decimalLon": 25.240728, "decimalLat": -2.923538, "year": "2021" }, "geometry": { "type": "Point", "coordinates": [ 25.240728, -2.923538 ] } },
{ "type": "Feature", "properties": { "species": "Heliosciurus rufobrachium", "decimalLon": 16.497078, "decimalLat": -2.490406, "year": "2021" }, "geometry": { "type": "Point", "coordinates": [ 16.497078, -2.490406 ] } },
{ "type": "Feature", "properties": { "species": "Heliosciurus rufobrachium", "decimalLon": 28.576705, "decimalLat": 1.400864, "year": "2019" }, "geometry": { "type": "Point", "coordinates": [ 28.576705, 1.400864 ] } },
{ "type": "Feature", "properties": { "species": "Heliosciurus rufobrachium", "decimalLon": 24.87636, "decimalLat": -1.27002, "year": "2019" }, "geometry": { "type": "Point", "coordinates": [ 24.87636, -1.27002 ] } },
{ "type": "Feature", "properties": { "species": "Heliosciurus rufobrachium", "decimalLon": 20.680389, "decimalLat": -1.749987, "year": "2018" }, "geometry": { "type": "Point", "coordinates": [ 20.680389, -1.749987 ] } },
{ "type": "Feature", "properties": { "species": "Heliosciurus rufobrachium", "decimalLon": 20.68052, "decimalLat": -1.746163, "year": "2018" }, "geometry": { "type": "Point", "coordinates": [ 20.68052, -1.746163 ] } },
{ "type": "Feature", "properties": { "species": "Heliosciurus rufobrachium", "decimalLon": 20.679836, "decimalLat": -1.746915, "year": "2018" }, "geometry": { "type": "Point", "coordinates": [ 20.679836, -1.746915 ] } },
{ "type": "Feature", "properties": { "species": "Heliosciurus rufobrachium", "decimalLon": 29.469, "decimalLat": -0.275, "year": "2016" }, "geometry": { "type": "Point", "coordinates": [ 29.469, -0.275 ] } },
{ "type": "Feature", "properties": { "species": "Heliosciurus rufobrachium", "decimalLon": 29.469109, "decimalLat": -0.274829, "year": "2016" }, "geometry": { "type": "Point", "coordinates": [ 29.469109, -0.274829 ] } },
{ "type": "Feature", "properties": { "species": "Heliosciurus rufobrachium", "decimalLon": 24.504777, "decimalLat": 0.763698, "year": "2014" }, "geometry": { "type": "Point", "coordinates": [ 24.504777, 0.763698 ] } },
{ "type": "Feature", "properties": { "species": "Heliosciurus rufobrachium", "decimalLon": 23.431, "decimalLat": 1.294, "year": "2004" }, "geometry": { "type": "Point", "coordinates": [ 23.431, 1.294 ] } },
{ "type": "Feature", "properties": { "species": "Heliosciurus rufobrachium", "decimalLon": 22.3, "decimalLat": 2.9833, "year": "1986" }, "geometry": { "type": "Point", "coordinates": [ 22.3, 2.9833 ] } },
{ "type": "Feature", "properties": { "species": "Heliosciurus rufobrachium", "decimalLon": 25.2833, "decimalLat": -0.0667, "year": "1984" }, "geometry": { "type": "Point", "coordinates": [ 25.2833, -0.0667 ] } },
{ "type": "Feature", "properties": { "species": "Heliosciurus rufobrachium", "decimalLon": 25.2833, "decimalLat": -0.0667, "year": "1983" }, "geometry": { "type": "Point", "coordinates": [ 25.2833, -0.0667 ] } },
{ "type": "Feature", "properties": { "species": "Heliosciurus rufobrachium", "decimalLon": 25.55, "decimalLat": 0.4667, "year": "1982" }, "geometry": { "type": "Point", "coordinates": [ 25.55, 0.4667 ] } },
{ "type": "Feature", "properties": { "species": "Heliosciurus rufobrachium", "decimalLon": 25.55, "decimalLat": 0.4667, "year": "1981" }, "geometry": { "type": "Point", "coordinates": [ 25.55, 0.4667 ] } },
{ "type": "Feature", "properties": { "species": "Heliosciurus rufobrachium", "decimalLon": 25.55, "decimalLat": 0.4667, "year": "1980" }, "geometry": { "type": "Point", "coordinates": [ 25.55, 0.4667 ] } },
{ "type": "Feature", "properties": { "species": "Heliosciurus rufobrachium", "decimalLon": 21.785191, "decimalLat": 2.575111, "year": "1979" }, "geometry": { "type": "Point", "coordinates": [ 21.785191, 2.575111 ] } },
{ "type": "Feature", "properties": { "species": "Heliosciurus rufobrachium", "decimalLon": 21.797497, "decimalLat": 2.524896, "year": "1979" }, "geometry": { "type": "Point", "coordinates": [ 21.797497, 2.524896 ] } },
{ "type": "Feature", "properties": { "species": "Heliosciurus rufobrachium", "decimalLon": 21.801101, "decimalLat": 2.5422, "year": "1979" }, "geometry": { "type": "Point", "coordinates": [ 21.801101, 2.5422 ] } },
{ "type": "Feature", "properties": { "species": "Heliosciurus rufobrachium", "decimalLon": 21.85, "decimalLat": 2.58, "year": "1979" }, "geometry": { "type": "Point", "coordinates": [ 21.85, 2.58 ] } },
{ "type": "Feature", "properties": { "species": "Heliosciurus rufobrachium", "decimalLon": 19.35, "decimalLat": 3.03, "year": "1979" }, "geometry": { "type": "Point", "coordinates": [ 19.35, 3.03 ] } },
{ "type": "Feature", "properties": { "species": "Heliosciurus rufobrachium", "decimalLon": 28.1833, "decimalLat": -3.7667, "year": "1964" }, "geometry": { "type": "Point", "coordinates": [ 28.1833, -3.7667 ] } },
{ "type": "Feature", "properties": { "species": "Heliosciurus rufobrachium", "decimalLon": 29.7, "decimalLat": 0.5667, "year": "1960" }, "geometry": { "type": "Point", "coordinates": [ 29.7, 0.5667 ] } },
{ "type": "Feature", "properties": { "species": "Heliosciurus rufobrachium", "decimalLon": 16.4, "decimalLat": -2.0833, "year": "1959" }, "geometry": { "type": "Point", "coordinates": [ 16.4, -2.0833 ] } },
{ "type": "Feature", "properties": { "species": "Heliosciurus rufobrachium", "decimalLon": 20.95, "decimalLat": -5.1333, "year": "1958" }, "geometry": { "type": "Point", "coordinates": [ 20.95, -5.1333 ] } },
{ "type": "Feature", "properties": { "species": "Heliosciurus rufobrachium", "decimalLon": 28.2667, "decimalLat": 0.2167, "year": "1958" }, "geometry": { "type": "Point", "coordinates": [ 28.2667, 0.2167 ] } },
{ "type": "Feature", "properties": { "species": "Heliosciurus rufobrachium", "decimalLon": 28.4667, "decimalLat": -3.75, "year": "1958" }, "geometry": { "type": "Point", "coordinates": [ 28.4667, -3.75 ] } },
{ "type": "Feature", "properties": { "species": "Heliosciurus rufobrachium", "decimalLon": 29.3, "decimalLat": 0.2, "year": "1958" }, "geometry": { "type": "Point", "coordinates": [ 29.3, 0.2 ] } },
{ "type": "Feature", "properties": { "species": "Heliosciurus rufobrachium", "decimalLon": 16.4, "decimalLat": -2.0833, "year": "1958" }, "geometry": { "type": "Point", "coordinates": [ 16.4, -2.0833 ] } },
{ "type": "Feature", "properties": { "species": "Heliosciurus rufobrachium", "decimalLon": 29.3, "decimalLat": 0.15, "year": "1957" }, "geometry": { "type": "Point", "coordinates": [ 29.3, 0.15 ] } },
{ "type": "Feature", "properties": { "species": "Heliosciurus rufobrachium", "decimalLon": 16.2333, "decimalLat": -2.15, "year": "1957" }, "geometry": { "type": "Point", "coordinates": [ 16.2333, -2.15 ] } },
{ "type": "Feature", "properties": { "species": "Heliosciurus rufobrachium", "decimalLon": 28.6, "decimalLat": 1.4, "year": "1957" }, "geometry": { "type": "Point", "coordinates": [ 28.6, 1.4 ] } },
{ "type": "Feature", "properties": { "species": "Heliosciurus rufobrachium", "decimalLon": 29.2833, "decimalLat": 0.15, "year": "1957" }, "geometry": { "type": "Point", "coordinates": [ 29.2833, 0.15 ] } },
{ "type": "Feature", "properties": { "species": "Heliosciurus rufobrachium", "decimalLon": 28.4667, "decimalLat": -3.75, "year": "1956" }, "geometry": { "type": "Point", "coordinates": [ 28.4667, -3.75 ] } },
{ "type": "Feature", "properties": { "species": "Heliosciurus rufobrachium", "decimalLon": 28.2667, "decimalLat": 0.2167, "year": "1956" }, "geometry": { "type": "Point", "coordinates": [ 28.2667, 0.2167 ] } },
{ "type": "Feature", "properties": { "species": "Heliosciurus rufobrachium", "decimalLon": 28.6, "decimalLat": 1.4, "year": "1956" }, "geometry": { "type": "Point", "coordinates": [ 28.6, 1.4 ] } },
{ "type": "Feature", "properties": { "species": "Heliosciurus rufobrachium", "decimalLon": 27.7, "decimalLat": -0.1667, "year": "1956" }, "geometry": { "type": "Point", "coordinates": [ 27.7, -0.1667 ] } },
{ "type": "Feature", "properties": { "species": "Heliosciurus rufobrachium", "decimalLon": 27.5667, "decimalLat": -4.0167, "year": "1956" }, "geometry": { "type": "Point", "coordinates": [ 27.5667, -4.0167 ] } },
{ "type": "Feature", "properties": { "species": "Heliosciurus rufobrachium", "decimalLon": 29.3, "decimalLat": 0.15, "year": "1956" }, "geometry": { "type": "Point", "coordinates": [ 29.3, 0.15 ] } },
{ "type": "Feature", "properties": { "species": "Heliosciurus rufobrachium", "decimalLon": 29.6667, "decimalLat": 0.2667, "year": "1955" }, "geometry": { "type": "Point", "coordinates": [ 29.6667, 0.2667 ] } },
{ "type": "Feature", "properties": { "species": "Heliosciurus rufobrachium", "decimalLon": 29.3, "decimalLat": 0.15, "year": "1955" }, "geometry": { "type": "Point", "coordinates": [ 29.3, 0.15 ] } },
{ "type": "Feature", "properties": { "species": "Heliosciurus rufobrachium", "decimalLon": 29.75, "decimalLat": 0.2833, "year": "1955" }, "geometry": { "type": "Point", "coordinates": [ 29.75, 0.2833 ] } },
{ "type": "Feature", "properties": { "species": "Heliosciurus rufobrachium", "decimalLon": 29.4167, "decimalLat": -0.15, "year": "1955" }, "geometry": { "type": "Point", "coordinates": [ 29.4167, -0.15 ] } },
{ "type": "Feature", "properties": { "species": "Heliosciurus rufobrachium", "decimalLon": 29.6, "decimalLat": 0.4, "year": "1955" }, "geometry": { "type": "Point", "coordinates": [ 29.6, 0.4 ] } },
{ "type": "Feature", "properties": { "species": "Heliosciurus rufobrachium", "decimalLon": 28.4667, "decimalLat": -3.4833, "year": "1955" }, "geometry": { "type": "Point", "coordinates": [ 28.4667, -3.4833 ] } },
{ "type": "Feature", "properties": { "species": "Heliosciurus rufobrachium", "decimalLon": 29.65, "decimalLat": 0.8333, "year": "1955" }, "geometry": { "type": "Point", "coordinates": [ 29.65, 0.8333 ] } },
{ "type": "Feature", "properties": { "species": "Heliosciurus rufobrachium", "decimalLon": 28.6, "decimalLat": 0.95, "year": "1954" }, "geometry": { "type": "Point", "coordinates": [ 28.6, 0.95 ] } },
{ "type": "Feature", "properties": { "species": "Heliosciurus rufobrachium", "decimalLon": 28.4, "decimalLat": -3.2333, "year": "1954" }, "geometry": { "type": "Point", "coordinates": [ 28.4, -3.2333 ] } },
{ "type": "Feature", "properties": { "species": "Heliosciurus rufobrachium", "decimalLon": 29.7667, "decimalLat": 0.3333, "year": "1954" }, "geometry": { "type": "Point", "coordinates": [ 29.7667, 0.3333 ] } },
{ "type": "Feature", "properties": { "species": "Heliosciurus rufobrachium", "decimalLon": 28.1, "decimalLat": -3.0167, "year": "1954" }, "geometry": { "type": "Point", "coordinates": [ 28.1, -3.0167 ] } },
{ "type": "Feature", "properties": { "species": "Heliosciurus rufobrachium", "decimalLon": 29.7333, "decimalLat": 0.4333, "year": "1954" }, "geometry": { "type": "Point", "coordinates": [ 29.7333, 0.4333 ] } },
{ "type": "Feature", "properties": { "species": "Heliosciurus rufobrachium", "decimalLon": 29.75, "decimalLat": 0.3167, "year": "1953" }, "geometry": { "type": "Point", "coordinates": [ 29.75, 0.3167 ] } },
{ "type": "Feature", "properties": { "species": "Heliosciurus rufobrachium", "decimalLon": 29.5833, "decimalLat": 0.4333, "year": "1953" }, "geometry": { "type": "Point", "coordinates": [ 29.5833, 0.4333 ] } },
{ "type": "Feature", "properties": { "species": "Heliosciurus rufobrachium", "decimalLon": 29.7167, "decimalLat": 0.25, "year": "1953" }, "geometry": { "type": "Point", "coordinates": [ 29.7167, 0.25 ] } },
{ "type": "Feature", "properties": { "species": "Heliosciurus rufobrachium", "decimalLon": 28.8167, "decimalLat": -0.4833, "year": "1952" }, "geometry": { "type": "Point", "coordinates": [ 28.8167, -0.4833 ] } },
{ "type": "Feature", "properties": { "species": "Heliosciurus rufobrachium", "decimalLon": 29.7, "decimalLat": 4.5833, "year": "1952" }, "geometry": { "type": "Point", "coordinates": [ 29.7, 4.5833 ] } },
{ "type": "Feature", "properties": { "species": "Heliosciurus rufobrachium", "decimalLon": 23.6167, "decimalLat": 2.6333, "year": "1952" }, "geometry": { "type": "Point", "coordinates": [ 23.6167, 2.6333 ] } },
{ "type": "Feature", "properties": { "species": "Heliosciurus rufobrachium", "decimalLon": 29.3333, "decimalLat": 0.3167, "year": "1952" }, "geometry": { "type": "Point", "coordinates": [ 29.3333, 0.3167 ] } },
{ "type": "Feature", "properties": { "species": "Heliosciurus rufobrachium", "decimalLon": 29.75, "decimalLat": 0.3333, "year": "1952" }, "geometry": { "type": "Point", "coordinates": [ 29.75, 0.3333 ] } },
{ "type": "Feature", "properties": { "species": "Heliosciurus rufobrachium", "decimalLon": 28.6, "decimalLat": -0.3333, "year": "1952" }, "geometry": { "type": "Point", "coordinates": [ 28.6, -0.3333 ] } },
{ "type": "Feature", "properties": { "species": "Heliosciurus rufobrachium", "decimalLon": 30.5333, "decimalLat": 1.9167, "year": "1952" }, "geometry": { "type": "Point", "coordinates": [ 30.5333, 1.9167 ] } },
{ "type": "Feature", "properties": { "species": "Heliosciurus rufobrachium", "decimalLon": 22.2833, "decimalLat": 0.0167, "year": "1952" }, "geometry": { "type": "Point", "coordinates": [ 22.2833, 0.0167 ] } },
{ "type": "Feature", "properties": { "species": "Heliosciurus rufobrachium", "decimalLon": 29.75, "decimalLat": 0.3167, "year": "1952" }, "geometry": { "type": "Point", "coordinates": [ 29.75, 0.3167 ] } },
{ "type": "Feature", "properties": { "species": "Heliosciurus rufobrachium", "decimalLon": 29.7333, "decimalLat": 0.4333, "year": "1952" }, "geometry": { "type": "Point", "coordinates": [ 29.7333, 0.4333 ] } },
{ "type": "Feature", "properties": { "species": "Heliosciurus rufobrachium", "decimalLon": 18.6833, "decimalLat": -0.1, "year": "1951" }, "geometry": { "type": "Point", "coordinates": [ 18.6833, -0.1 ] } },
{ "type": "Feature", "properties": { "species": "Heliosciurus rufobrachium", "decimalLon": 28.4333, "decimalLat": -3.0333, "year": "1951" }, "geometry": { "type": "Point", "coordinates": [ 28.4333, -3.0333 ] } },
{ "type": "Feature", "properties": { "species": "Heliosciurus rufobrachium", "decimalLon": 23.6167, "decimalLat": 2.6333, "year": "1951" }, "geometry": { "type": "Point", "coordinates": [ 23.6167, 2.6333 ] } },
{ "type": "Feature", "properties": { "species": "Heliosciurus rufobrachium", "decimalLon": 28.75, "decimalLat": 0.6167, "year": "1951" }, "geometry": { "type": "Point", "coordinates": [ 28.75, 0.6167 ] } },
{ "type": "Feature", "properties": { "species": "Heliosciurus rufobrachium", "decimalLon": 28.1, "decimalLat": -3.0167, "year": "1951" }, "geometry": { "type": "Point", "coordinates": [ 28.1, -3.0167 ] } },
{ "type": "Feature", "properties": { "species": "Heliosciurus rufobrachium", "decimalLon": 23.6167, "decimalLat": 2.6333, "year": "1950" }, "geometry": { "type": "Point", "coordinates": [ 23.6167, 2.6333 ] } },
{ "type": "Feature", "properties": { "species": "Heliosciurus rufobrachium", "decimalLon": 28.75, "decimalLat": 0.6167, "year": "1950" }, "geometry": { "type": "Point", "coordinates": [ 28.75, 0.6167 ] } },
{ "type": "Feature", "properties": { "species": "Heliosciurus rufobrachium", "decimalLon": 28.35, "decimalLat": -3.15, "year": "1950" }, "geometry": { "type": "Point", "coordinates": [ 28.35, -3.15 ] } },
{ "type": "Feature", "properties": { "species": "Heliosciurus rufobrachium", "decimalLon": 28.1, "decimalLat": -3.0167, "year": "1950" }, "geometry": { "type": "Point", "coordinates": [ 28.1, -3.0167 ] } },
{ "type": "Feature", "properties": { "species": "Heliosciurus rufobrachium", "decimalLon": 29.1667, "decimalLat": 4.25, "year": "1950" }, "geometry": { "type": "Point", "coordinates": [ 29.1667, 4.25 ] } },
{ "type": "Feature", "properties": { "species": "Heliosciurus rufobrachium", "decimalLon": 28.7833, "decimalLat": 0.5833, "year": "1949" }, "geometry": { "type": "Point", "coordinates": [ 28.7833, 0.5833 ] } },
{ "type": "Feature", "properties": { "species": "Heliosciurus rufobrachium", "decimalLon": 28.8167, "decimalLat": -0.4833, "year": "1949" }, "geometry": { "type": "Point", "coordinates": [ 28.8167, -0.4833 ] } },
{ "type": "Feature", "properties": { "species": "Heliosciurus rufobrachium", "decimalLon": 23.6167, "decimalLat": 2.6333, "year": "1949" }, "geometry": { "type": "Point", "coordinates": [ 23.6167, 2.6333 ] } },
{ "type": "Feature", "properties": { "species": "Heliosciurus rufobrachium", "decimalLon": 28.6167, "decimalLat": 0.2833, "year": "1948" }, "geometry": { "type": "Point", "coordinates": [ 28.6167, 0.2833 ] } },
{ "type": "Feature", "properties": { "species": "Heliosciurus rufobrachium", "decimalLon": 28.8667, "decimalLat": 0.4333, "year": "1948" }, "geometry": { "type": "Point", "coordinates": [ 28.8667, 0.4333 ] } },
{ "type": "Feature", "properties": { "species": "Heliosciurus rufobrachium", "decimalLon": 28.8167, "decimalLat": -0.4833, "year": "1948" }, "geometry": { "type": "Point", "coordinates": [ 28.8167, -0.4833 ] } },
{ "type": "Feature", "properties": { "species": "Heliosciurus rufobrachium", "decimalLon": 23.25, "decimalLat": -6.2667, "year": "1943" }, "geometry": { "type": "Point", "coordinates": [ 23.25, -6.2667 ] } },
{ "type": "Feature", "properties": { "species": "Heliosciurus rufobrachium", "decimalLon": 25.7333, "decimalLat": 3.3667, "year": "1942" }, "geometry": { "type": "Point", "coordinates": [ 25.7333, 3.3667 ] } },
{ "type": "Feature", "properties": { "species": "Heliosciurus rufobrachium", "decimalLon": 25.7333, "decimalLat": 3.3667, "year": "1940" }, "geometry": { "type": "Point", "coordinates": [ 25.7333, 3.3667 ] } },
{ "type": "Feature", "properties": { "species": "Heliosciurus rufobrachium", "decimalLon": 12.2667, "decimalLat": -5.8, "year": "1940" }, "geometry": { "type": "Point", "coordinates": [ 12.2667, -5.8 ] } },
{ "type": "Feature", "properties": { "species": "Heliosciurus rufobrachium", "decimalLon": 12.5667, "decimalLat": -5.6833, "year": "1940" }, "geometry": { "type": "Point", "coordinates": [ 12.5667, -5.6833 ] } },
{ "type": "Feature", "properties": { "species": "Heliosciurus rufobrachium", "decimalLon": 12.4167, "decimalLat": -5.8167, "year": "1940" }, "geometry": { "type": "Point", "coordinates": [ 12.4167, -5.8167 ] } },
{ "type": "Feature", "properties": { "species": "Heliosciurus rufobrachium", "decimalLon": 27.7, "decimalLat": -0.1667, "year": "1940" }, "geometry": { "type": "Point", "coordinates": [ 27.7, -0.1667 ] } },
{ "type": "Feature", "properties": { "species": "Heliosciurus rufobrachium", "decimalLon": 12.9833, "decimalLat": -4.75, "year": "1940" }, "geometry": { "type": "Point", "coordinates": [ 12.9833, -4.75 ] } },
{ "type": "Feature", "properties": { "species": "Heliosciurus rufobrachium", "decimalLon": 29.05975, "decimalLat": -2.10035, "year": "1939" }, "geometry": { "type": "Point", "coordinates": [ 29.05975, -2.10035 ] } },
{ "type": "Feature", "properties": { "species": "Heliosciurus rufobrachium", "decimalLon": 20.8333, "decimalLat": -0.2333, "year": "1939" }, "geometry": { "type": "Point", "coordinates": [ 20.8333, -0.2333 ] } },
{ "type": "Feature", "properties": { "species": "Heliosciurus rufobrachium", "decimalLon": 29.4833, "decimalLat": 0.4833, "year": "1939" }, "geometry": { "type": "Point", "coordinates": [ 29.4833, 0.4833 ] } },
{ "type": "Feature", "properties": { "species": "Heliosciurus rufobrachium", "decimalLon": 24.4, "decimalLat": 0.7833, "year": "1939" }, "geometry": { "type": "Point", "coordinates": [ 24.4, 0.7833 ] } },
{ "type": "Feature", "properties": { "species": "Heliosciurus rufobrachium", "decimalLon": 26.14095, "decimalLat": 0.03985, "year": "1938" }, "geometry": { "type": "Point", "coordinates": [ 26.14095, 0.03985 ] } },
{ "type": "Feature", "properties": { "species": "Heliosciurus rufobrachium", "decimalLon": 24.8333, "decimalLat": 2.7833, "year": "1936" }, "geometry": { "type": "Point", "coordinates": [ 24.8333, 2.7833 ] } },
{ "type": "Feature", "properties": { "species": "Heliosciurus rufobrachium", "decimalLon": 18.3, "decimalLat": 0.0667, "year": "1936" }, "geometry": { "type": "Point", "coordinates": [ 18.3, 0.0667 ] } },
{ "type": "Feature", "properties": { "species": "Heliosciurus rufobrachium", "decimalLon": 23.25, "decimalLat": -4.9167, "year": "1934" }, "geometry": { "type": "Point", "coordinates": [ 23.25, -4.9167 ] } },
{ "type": "Feature", "properties": { "species": "Heliosciurus rufobrachium", "decimalLon": 22.8667, "decimalLat": -9.6833, "year": "1934" }, "geometry": { "type": "Point", "coordinates": [ 22.8667, -9.6833 ] } },
{ "type": "Feature", "properties": { "species": "Heliosciurus rufobrachium", "decimalLon": 29.4833, "decimalLat": 0.4833, "year": "1932" }, "geometry": { "type": "Point", "coordinates": [ 29.4833, 0.4833 ] } },
{ "type": "Feature", "properties": { "species": "Heliosciurus rufobrachium", "decimalLon": 25.2333, "decimalLat": 0.55, "year": "1932" }, "geometry": { "type": "Point", "coordinates": [ 25.2333, 0.55 ] } },
{ "type": "Feature", "properties": { "species": "Heliosciurus rufobrachium", "decimalLon": 25.2333, "decimalLat": 0.55, "year": "1931" }, "geometry": { "type": "Point", "coordinates": [ 25.2333, 0.55 ] } },
{ "type": "Feature", "properties": { "species": "Heliosciurus rufobrachium", "decimalLon": 24.5667, "decimalLat": 2.85, "year": "1925" }, "geometry": { "type": "Point", "coordinates": [ 24.5667, 2.85 ] } },
{ "type": "Feature", "properties": { "species": "Heliosciurus rufobrachium", "decimalLon": 23.25, "decimalLat": -4.9167, "year": "1925" }, "geometry": { "type": "Point", "coordinates": [ 23.25, -4.9167 ] } },
{ "type": "Feature", "properties": { "species": "Heliosciurus rufobrachium", "decimalLon": 29.8333, "decimalLat": 3.15, "year": "1925" }, "geometry": { "type": "Point", "coordinates": [ 29.8333, 3.15 ] } },
{ "type": "Feature", "properties": { "species": "Heliosciurus rufobrachium", "decimalLon": 29.5833, "decimalLat": 2.7833, "year": "1925" }, "geometry": { "type": "Point", "coordinates": [ 29.5833, 2.7833 ] } },
{ "type": "Feature", "properties": { "species": "Heliosciurus rufobrachium", "decimalLon": 27.3, "decimalLat": 2.4167, "year": "1925" }, "geometry": { "type": "Point", "coordinates": [ 27.3, 2.4167 ] } },
{ "type": "Feature", "properties": { "species": "Heliosciurus rufobrachium", "decimalLon": 25.2333, "decimalLat": 0.55, "year": "1925" }, "geometry": { "type": "Point", "coordinates": [ 25.2333, 0.55 ] } },
{ "type": "Feature", "properties": { "species": "Heliosciurus rufobrachium", "decimalLon": 23.25, "decimalLat": -4.9167, "year": "1924" }, "geometry": { "type": "Point", "coordinates": [ 23.25, -4.9167 ] } },
{ "type": "Feature", "properties": { "species": "Heliosciurus rufobrachium", "decimalLon": 24.5667, "decimalLat": 2.85, "year": "1924" }, "geometry": { "type": "Point", "coordinates": [ 24.5667, 2.85 ] } },
{ "type": "Feature", "properties": { "species": "Heliosciurus rufobrachium", "decimalLon": 23.25, "decimalLat": -4.9167, "year": "1923" }, "geometry": { "type": "Point", "coordinates": [ 23.25, -4.9167 ] } },
{ "type": "Feature", "properties": { "species": "Heliosciurus rufobrachium", "decimalLon": 22.5333, "decimalLat": -6.3, "year": "1923" }, "geometry": { "type": "Point", "coordinates": [ 22.5333, -6.3 ] } },
{ "type": "Feature", "properties": { "species": "Heliosciurus rufobrachium", "decimalLon": 22.3167, "decimalLat": -6.0167, "year": "1923" }, "geometry": { "type": "Point", "coordinates": [ 22.3167, -6.0167 ] } },
{ "type": "Feature", "properties": { "species": "Heliosciurus rufobrachium", "decimalLon": 17.1833, "decimalLat": -1.1667, "year": "1923" }, "geometry": { "type": "Point", "coordinates": [ 17.1833, -1.1667 ] } },
{ "type": "Feature", "properties": { "species": "Heliosciurus rufobrachium", "decimalLon": 14.5333, "decimalLat": -5.3667, "year": "1922" }, "geometry": { "type": "Point", "coordinates": [ 14.5333, -5.3667 ] } },
{ "type": "Feature", "properties": { "species": "Heliosciurus rufobrachium", "decimalLon": 15.3, "decimalLat": -4.3, "year": "1922" }, "geometry": { "type": "Point", "coordinates": [ 15.3, -4.3 ] } },
{ "type": "Feature", "properties": { "species": "Heliosciurus rufobrachium", "decimalLon": 13.0333, "decimalLat": -5.55, "year": "1922" }, "geometry": { "type": "Point", "coordinates": [ 13.0333, -5.55 ] } },
{ "type": "Feature", "properties": { "species": "Heliosciurus rufobrachium", "decimalLon": 18.15, "decimalLat": -0.8833, "year": "1921" }, "geometry": { "type": "Point", "coordinates": [ 18.15, -0.8833 ] } },
{ "type": "Feature", "properties": { "species": "Heliosciurus rufobrachium", "decimalLon": 18.2833, "decimalLat": -0.75, "year": "1921" }, "geometry": { "type": "Point", "coordinates": [ 18.2833, -0.75 ] } },
{ "type": "Feature", "properties": { "species": "Heliosciurus rufobrachium", "decimalLon": 16.4333, "decimalLat": -2.1, "year": "1921" }, "geometry": { "type": "Point", "coordinates": [ 16.4333, -2.1 ] } },
{ "type": "Feature", "properties": { "species": "Heliosciurus rufobrachium", "decimalLon": 16.3333, "decimalLat": -2.1, "year": "1921" }, "geometry": { "type": "Point", "coordinates": [ 16.3333, -2.1 ] } },
{ "type": "Feature", "properties": { "species": "Heliosciurus rufobrachium", "decimalLon": 29.87546, "decimalLat": 1.44796, "year": "1921" }, "geometry": { "type": "Point", "coordinates": [ 29.87546, 1.44796 ] } },
{ "type": "Feature", "properties": { "species": "Heliosciurus rufobrachium", "decimalLon": 20.3833, "decimalLat": -4.3833, "year": "1921" }, "geometry": { "type": "Point", "coordinates": [ 20.3833, -4.3833 ] } },
{ "type": "Feature", "properties": { "species": "Heliosciurus rufobrachium", "decimalLon": 21.55, "decimalLat": -5.3333, "year": "1921" }, "geometry": { "type": "Point", "coordinates": [ 21.55, -5.3333 ] } },
{ "type": "Feature", "properties": { "species": "Heliosciurus rufobrachium", "decimalLon": 21.2833, "decimalLat": -5.4167, "year": "1921" }, "geometry": { "type": "Point", "coordinates": [ 21.2833, -5.4167 ] } },
{ "type": "Feature", "properties": { "species": "Heliosciurus rufobrachium", "decimalLon": 20.9, "decimalLat": -5.5833, "year": "1921" }, "geometry": { "type": "Point", "coordinates": [ 20.9, -5.5833 ] } },
{ "type": "Feature", "properties": { "species": "Heliosciurus rufobrachium", "decimalLon": 20.8, "decimalLat": -6.4667, "year": "1921" }, "geometry": { "type": "Point", "coordinates": [ 20.8, -6.4667 ] } },
{ "type": "Feature", "properties": { "species": "Heliosciurus rufobrachium", "decimalLon": 20.95, "decimalLat": -6.6667, "year": "1921" }, "geometry": { "type": "Point", "coordinates": [ 20.95, -6.6667 ] } },
{ "type": "Feature", "properties": { "species": "Heliosciurus rufobrachium", "decimalLon": 20.8167, "decimalLat": -5.75, "year": "1921" }, "geometry": { "type": "Point", "coordinates": [ 20.8167, -5.75 ] } },
{ "type": "Feature", "properties": { "species": "Heliosciurus rufobrachium", "decimalLon": 14.5333, "decimalLat": -5.3667, "year": "1920" }, "geometry": { "type": "Point", "coordinates": [ 14.5333, -5.3667 ] } },
{ "type": "Feature", "properties": { "species": "Heliosciurus rufobrachium", "decimalLon": 16.2667, "decimalLat": -3.1833, "year": "1920" }, "geometry": { "type": "Point", "coordinates": [ 16.2667, -3.1833 ] } },
{ "type": "Feature", "properties": { "species": "Heliosciurus rufobrachium", "decimalLon": 12.4167, "decimalLat": -5.9667, "year": "1920" }, "geometry": { "type": "Point", "coordinates": [ 12.4167, -5.9667 ] } },
{ "type": "Feature", "properties": { "species": "Heliosciurus rufobrachium", "decimalLon": 12.9, "decimalLat": -4.7833, "year": "1920" }, "geometry": { "type": "Point", "coordinates": [ 12.9, -4.7833 ] } },
{ "type": "Feature", "properties": { "species": "Heliosciurus rufobrachium", "decimalLon": 24.8333, "decimalLat": 3.5333, "year": "1920" }, "geometry": { "type": "Point", "coordinates": [ 24.8333, 3.5333 ] } },
{ "type": "Feature", "properties": { "species": "Heliosciurus rufobrachium", "decimalLon": 12.9667, "decimalLat": -4.7833, "year": "1920" }, "geometry": { "type": "Point", "coordinates": [ 12.9667, -4.7833 ] } },
{ "type": "Feature", "properties": { "species": "Heliosciurus rufobrachium", "decimalLon": 13.05, "decimalLat": -4.75, "year": "1920" }, "geometry": { "type": "Point", "coordinates": [ 13.05, -4.75 ] } },
{ "type": "Feature", "properties": { "species": "Heliosciurus rufobrachium", "decimalLon": 13.0, "decimalLat": -4.7667, "year": "1920" }, "geometry": { "type": "Point", "coordinates": [ 13.0, -4.7667 ] } },
{ "type": "Feature", "properties": { "species": "Heliosciurus rufobrachium", "decimalLon": 12.95, "decimalLat": -4.8167, "year": "1920" }, "geometry": { "type": "Point", "coordinates": [ 12.95, -4.8167 ] } },
{ "type": "Feature", "properties": { "species": "Heliosciurus rufobrachium", "decimalLon": 15.3167, "decimalLat": -5.1333, "year": "1920" }, "geometry": { "type": "Point", "coordinates": [ 15.3167, -5.1333 ] } },
{ "type": "Feature", "properties": { "species": "Heliosciurus rufobrachium", "decimalLon": 13.2167, "decimalLat": -5.4667, "year": "1919" }, "geometry": { "type": "Point", "coordinates": [ 13.2167, -5.4667 ] } },
{ "type": "Feature", "properties": { "species": "Heliosciurus rufobrachium", "decimalLon": 19.64203, "decimalLat": 4.94129, "year": "1919" }, "geometry": { "type": "Point", "coordinates": [ 19.64203, 4.94129 ] } },
{ "type": "Feature", "properties": { "species": "Heliosciurus rufobrachium", "decimalLon": 13.0333, "decimalLat": -5.55, "year": "1915" }, "geometry": { "type": "Point", "coordinates": [ 13.0333, -5.55 ] } },
{ "type": "Feature", "properties": { "species": "Heliosciurus rufobrachium", "decimalLon": 29.46666, "decimalLat": 0.5, "year": "1914" }, "geometry": { "type": "Point", "coordinates": [ 29.46666, 0.5 ] } },
{ "type": "Feature", "properties": { "species": "Heliosciurus rufobrachium", "decimalLon": 27.3, "decimalLat": 2.4167, "year": "1914" }, "geometry": { "type": "Point", "coordinates": [ 27.3, 2.4167 ] } },
{ "type": "Feature", "properties": { "species": "Heliosciurus rufobrachium", "decimalLon": 28.81333, "decimalLat": -1.39888, "year": "1914" }, "geometry": { "type": "Point", "coordinates": [ 28.81333, -1.39888 ] } },
{ "type": "Feature", "properties": { "species": "Heliosciurus rufobrachium", "decimalLon": 26.9667, "decimalLat": 3.1333, "year": "1914" }, "geometry": { "type": "Point", "coordinates": [ 26.9667, 3.1333 ] } },
{ "type": "Feature", "properties": { "species": "Heliosciurus rufobrachium", "decimalLon": 29.43194, "decimalLat": -1.18666, "year": "1914" }, "geometry": { "type": "Point", "coordinates": [ 29.43194, -1.18666 ] } },
{ "type": "Feature", "properties": { "species": "Heliosciurus rufobrachium", "decimalLon": 29.46667, "decimalLat": 0.5, "year": "1914" }, "geometry": { "type": "Point", "coordinates": [ 29.46667, 0.5 ] } },
{ "type": "Feature", "properties": { "species": "Heliosciurus rufobrachium", "decimalLon": 27.55, "decimalLat": 0.85, "year": "1913" }, "geometry": { "type": "Point", "coordinates": [ 27.55, 0.85 ] } },
{ "type": "Feature", "properties": { "species": "Heliosciurus rufobrachium", "decimalLon": 27.7333, "decimalLat": 0.55, "year": "1913" }, "geometry": { "type": "Point", "coordinates": [ 27.7333, 0.55 ] } },
{ "type": "Feature", "properties": { "species": "Heliosciurus rufobrachium", "decimalLon": 28.8333, "decimalLat": -1.4167, "year": "1913" }, "geometry": { "type": "Point", "coordinates": [ 28.8333, -1.4167 ] } },
{ "type": "Feature", "properties": { "species": "Heliosciurus rufobrachium", "decimalLon": 27.5833, "decimalLat": 1.3, "year": "1913" }, "geometry": { "type": "Point", "coordinates": [ 27.5833, 1.3 ] } },
{ "type": "Feature", "properties": { "species": "Heliosciurus rufobrachium", "decimalLon": 29.8, "decimalLat": 0.75, "year": "1913" }, "geometry": { "type": "Point", "coordinates": [ 29.8, 0.75 ] } },
{ "type": "Feature", "properties": { "species": "Heliosciurus rufobrachium", "decimalLon": 15.3, "decimalLat": -4.3, "year": "1912" }, "geometry": { "type": "Point", "coordinates": [ 15.3, -4.3 ] } },
{ "type": "Feature", "properties": { "species": "Heliosciurus rufobrachium", "decimalLon": 25.1833, "decimalLat": 0.55, "year": "1912" }, "geometry": { "type": "Point", "coordinates": [ 25.1833, 0.55 ] } },
{ "type": "Feature", "properties": { "species": "Heliosciurus rufobrachium", "decimalLon": 29.8, "decimalLat": 0.75, "year": "1912" }, "geometry": { "type": "Point", "coordinates": [ 29.8, 0.75 ] } },
{ "type": "Feature", "properties": { "species": "Heliosciurus rufobrachium", "decimalLon": 29.85, "decimalLat": 1.5333, "year": "1912" }, "geometry": { "type": "Point", "coordinates": [ 29.85, 1.5333 ] } },
{ "type": "Feature", "properties": { "species": "Heliosciurus rufobrachium", "decimalLon": 27.5833, "decimalLat": 1.3, "year": "1912" }, "geometry": { "type": "Point", "coordinates": [ 27.5833, 1.3 ] } },
{ "type": "Feature", "properties": { "species": "Heliosciurus rufobrachium", "decimalLon": 27.7333, "decimalLat": 0.55, "year": "1912" }, "geometry": { "type": "Point", "coordinates": [ 27.7333, 0.55 ] } },
{ "type": "Feature", "properties": { "species": "Heliosciurus rufobrachium", "decimalLon": 29.716694, "decimalLat": 3.733333, "year": "1911" }, "geometry": { "type": "Point", "coordinates": [ 29.716694, 3.733333 ] } },
{ "type": "Feature", "properties": { "species": "Heliosciurus rufobrachium", "decimalLon": 27.3, "decimalLat": 2.4167, "year": "1910" }, "geometry": { "type": "Point", "coordinates": [ 27.3, 2.4167 ] } },
{ "type": "Feature", "properties": { "species": "Heliosciurus rufobrachium", "decimalLon": 27.866694, "decimalLat": 3.7, "year": "1910" }, "geometry": { "type": "Point", "coordinates": [ 27.866694, 3.7 ] } },
{ "type": "Feature", "properties": { "species": "Heliosciurus rufobrachium", "decimalLon": 27.5833, "decimalLat": 1.3, "year": "1909" }, "geometry": { "type": "Point", "coordinates": [ 27.5833, 1.3 ] } },
{ "type": "Feature", "properties": { "species": "Heliosciurus rufobrachium", "decimalLon": 18.3333, "decimalLat": -1.9167, "year": "1902" }, "geometry": { "type": "Point", "coordinates": [ 18.3333, -1.9167 ] } },
{ "type": "Feature", "properties": { "species": "Heliosciurus rufobrachium", "decimalLon": 25.3833, "decimalLat": 1.55, "year": "NA" }, "geometry": { "type": "Point", "coordinates": [ 25.3833, 1.55 ] } },
{ "type": "Feature", "properties": { "species": "Heliosciurus rufobrachium", "decimalLon": 30.1, "decimalLat": 1.8167, "year": "NA" }, "geometry": { "type": "Point", "coordinates": [ 30.1, 1.8167 ] } },
{ "type": "Feature", "properties": { "species": "Heliosciurus rufobrachium", "decimalLon": 29.8, "decimalLat": 0.75, "year": "NA" }, "geometry": { "type": "Point", "coordinates": [ 29.8, 0.75 ] } },
{ "type": "Feature", "properties": { "species": "Heliosciurus rufobrachium", "decimalLon": 29.85, "decimalLat": 1.5333, "year": "NA" }, "geometry": { "type": "Point", "coordinates": [ 29.85, 1.5333 ] } },
{ "type": "Feature", "properties": { "species": "Heliosciurus rufobrachium", "decimalLon": 26.9667, "decimalLat": 3.1333, "year": "NA" }, "geometry": { "type": "Point", "coordinates": [ 26.9667, 3.1333 ] } },
{ "type": "Feature", "properties": { "species": "Heliosciurus rufobrachium", "decimalLon": 16.4333, "decimalLat": -2.1, "year": "NA" }, "geometry": { "type": "Point", "coordinates": [ 16.4333, -2.1 ] } },
{ "type": "Feature", "properties": { "species": "Heliosciurus rufobrachium", "decimalLon": 26.3833, "decimalLat": 1.8667, "year": "NA" }, "geometry": { "type": "Point", "coordinates": [ 26.3833, 1.8667 ] } },
{ "type": "Feature", "properties": { "species": "Heliosciurus rufobrachium", "decimalLon": 24.8333, "decimalLat": 2.7833, "year": "NA" }, "geometry": { "type": "Point", "coordinates": [ 24.8333, 2.7833 ] } },
{ "type": "Feature", "properties": { "species": "Heliosciurus rufobrachium", "decimalLon": 20.2667, "decimalLat": 3.2833, "year": "NA" }, "geometry": { "type": "Point", "coordinates": [ 20.2667, 3.2833 ] } },
{ "type": "Feature", "properties": { "species": "Heliosciurus rufobrachium", "decimalLon": 26.7167, "decimalLat": -1.4333, "year": "NA" }, "geometry": { "type": "Point", "coordinates": [ 26.7167, -1.4333 ] } },
{ "type": "Feature", "properties": { "species": "Heliosciurus rufobrachium", "decimalLon": 29.6833, "decimalLat": 0.05, "year": "NA" }, "geometry": { "type": "Point", "coordinates": [ 29.6833, 0.05 ] } },
{ "type": "Feature", "properties": { "species": "Heliosciurus rufobrachium", "decimalLon": 16.4167, "decimalLat": -2.15, "year": "NA" }, "geometry": { "type": "Point", "coordinates": [ 16.4167, -2.15 ] } },
{ "type": "Feature", "properties": { "species": "Heliosciurus rufobrachium", "decimalLon": 27.6833, "decimalLat": 2.75, "year": "NA" }, "geometry": { "type": "Point", "coordinates": [ 27.6833, 2.75 ] } },
{ "type": "Feature", "properties": { "species": "Heliosciurus rufobrachium", "decimalLon": 22.4167, "decimalLat": -0.75, "year": "NA" }, "geometry": { "type": "Point", "coordinates": [ 22.4167, -0.75 ] } },
{ "type": "Feature", "properties": { "species": "Heliosciurus rufobrachium", "decimalLon": 16.2333, "decimalLat": -2.15, "year": "NA" }, "geometry": { "type": "Point", "coordinates": [ 16.2333, -2.15 ] } },
{ "type": "Feature", "properties": { "species": "Heliosciurus rufobrachium", "decimalLon": 15.0, "decimalLat": -5.0, "year": "NA" }, "geometry": { "type": "Point", "coordinates": [ 15.0, -5.0 ] } },
{ "type": "Feature", "properties": { "species": "Heliosciurus rufobrachium", "decimalLon": 13.6667, "decimalLat": -5.7, "year": "NA" }, "geometry": { "type": "Point", "coordinates": [ 13.6667, -5.7 ] } },
{ "type": "Feature", "properties": { "species": "Heliosciurus rufobrachium", "decimalLon": 15.3167, "decimalLat": -5.1333, "year": "NA" }, "geometry": { "type": "Point", "coordinates": [ 15.3167, -5.1333 ] } },
{ "type": "Feature", "properties": { "species": "Heliosciurus rufobrachium", "decimalLon": 13.0333, "decimalLat": -5.35, "year": "NA" }, "geometry": { "type": "Point", "coordinates": [ 13.0333, -5.35 ] } },
{ "type": "Feature", "properties": { "species": "Heliosciurus rufobrachium", "decimalLon": 18.3, "decimalLat": 0.0667, "year": "NA" }, "geometry": { "type": "Point", "coordinates": [ 18.3, 0.0667 ] } },
{ "type": "Feature", "properties": { "species": "Heliosciurus rufobrachium", "decimalLon": 12.7, "decimalLat": -5.6333, "year": "NA" }, "geometry": { "type": "Point", "coordinates": [ 12.7, -5.6333 ] } },
{ "type": "Feature", "properties": { "species": "Heliosciurus rufobrachium", "decimalLon": 13.05, "decimalLat": -5.8333, "year": "NA" }, "geometry": { "type": "Point", "coordinates": [ 13.05, -5.8333 ] } },
{ "type": "Feature", "properties": { "species": "Heliosciurus rufobrachium", "decimalLon": 16.9167, "decimalLat": -3.9167, "year": "NA" }, "geometry": { "type": "Point", "coordinates": [ 16.9167, -3.9167 ] } },
{ "type": "Feature", "properties": { "species": "Heliosciurus rufobrachium", "decimalLon": 13.0, "decimalLat": -4.7667, "year": "NA" }, "geometry": { "type": "Point", "coordinates": [ 13.0, -4.7667 ] } },
{ "type": "Feature", "properties": { "species": "Heliosciurus rufobrachium", "decimalLon": 17.7667, "decimalLat": -3.7, "year": "NA" }, "geometry": { "type": "Point", "coordinates": [ 17.7667, -3.7 ] } },
{ "type": "Feature", "properties": { "species": "Heliosciurus rufobrachium", "decimalLon": 18.6833, "decimalLat": -0.1, "year": "NA" }, "geometry": { "type": "Point", "coordinates": [ 18.6833, -0.1 ] } },
{ "type": "Feature", "properties": { "species": "Heliosciurus rufobrachium", "decimalLon": 12.9333, "decimalLat": -4.9833, "year": "NA" }, "geometry": { "type": "Point", "coordinates": [ 12.9333, -4.9833 ] } },
{ "type": "Feature", "properties": { "species": "Heliosciurus rufobrachium", "decimalLon": 20.3, "decimalLat": 3.33, "year": "NA" }, "geometry": { "type": "Point", "coordinates": [ 20.3, 3.33 ] } },
{ "type": "Feature", "properties": { "species": "Heliosciurus gambianus", "decimalLon": 30.911033, "decimalLat": 1.988953, "year": "2021" }, "geometry": { "type": "Point", "coordinates": [ 30.911033, 1.988953 ] } },
{ "type": "Feature", "properties": { "species": "Heliosciurus gambianus", "decimalLon": 29.527817, "decimalLat": 3.756779, "year": "2020" }, "geometry": { "type": "Point", "coordinates": [ 29.527817, 3.756779 ] } },
{ "type": "Feature", "properties": { "species": "Heliosciurus gambianus", "decimalLon": 29.522932, "decimalLat": 3.748975, "year": "2020" }, "geometry": { "type": "Point", "coordinates": [ 29.522932, 3.748975 ] } },
{ "type": "Feature", "properties": { "species": "Heliosciurus gambianus", "decimalLon": 29.523985, "decimalLat": 3.75269, "year": "2020" }, "geometry": { "type": "Point", "coordinates": [ 29.523985, 3.75269 ] } },
{ "type": "Feature", "properties": { "species": "Heliosciurus gambianus", "decimalLon": 29.516571, "decimalLat": 3.752587, "year": "2019" }, "geometry": { "type": "Point", "coordinates": [ 29.516571, 3.752587 ] } },
{ "type": "Feature", "properties": { "species": "Heliosciurus gambianus", "decimalLon": 29.520842, "decimalLat": 3.751567, "year": "2019" }, "geometry": { "type": "Point", "coordinates": [ 29.520842, 3.751567 ] } },
{ "type": "Feature", "properties": { "species": "Heliosciurus gambianus", "decimalLon": 29.518624, "decimalLat": 3.751682, "year": "2018" }, "geometry": { "type": "Point", "coordinates": [ 29.518624, 3.751682 ] } },
{ "type": "Feature", "properties": { "species": "Heliosciurus gambianus", "decimalLon": 29.518633, "decimalLat": 3.750052, "year": "2018" }, "geometry": { "type": "Point", "coordinates": [ 29.518633, 3.750052 ] } },
{ "type": "Feature", "properties": { "species": "Heliosciurus gambianus", "decimalLon": 29.519833, "decimalLat": 3.751559, "year": "2018" }, "geometry": { "type": "Point", "coordinates": [ 29.519833, 3.751559 ] } },
{ "type": "Feature", "properties": { "species": "Heliosciurus gambianus", "decimalLon": 29.516571, "decimalLat": 3.752587, "year": "2018" }, "geometry": { "type": "Point", "coordinates": [ 29.516571, 3.752587 ] } },
{ "type": "Feature", "properties": { "species": "Heliosciurus gambianus", "decimalLon": 29.527843, "decimalLat": 3.75695, "year": "2017" }, "geometry": { "type": "Point", "coordinates": [ 29.527843, 3.75695 ] } },
{ "type": "Feature", "properties": { "species": "Heliosciurus gambianus", "decimalLon": 29.51, "decimalLat": 3.741, "year": "2017" }, "geometry": { "type": "Point", "coordinates": [ 29.51, 3.741 ] } },
{ "type": "Feature", "properties": { "species": "Heliosciurus gambianus", "decimalLon": 29.509736, "decimalLat": 3.741015, "year": "2017" }, "geometry": { "type": "Point", "coordinates": [ 29.509736, 3.741015 ] } },
{ "type": "Feature", "properties": { "species": "Heliosciurus gambianus", "decimalLon": 29.511166, "decimalLat": 3.747782, "year": "2017" }, "geometry": { "type": "Point", "coordinates": [ 29.511166, 3.747782 ] } },
{ "type": "Feature", "properties": { "species": "Heliosciurus gambianus", "decimalLon": 29.524062, "decimalLat": 3.761272, "year": "2016" }, "geometry": { "type": "Point", "coordinates": [ 29.524062, 3.761272 ] } },
{ "type": "Feature", "properties": { "species": "Heliosciurus gambianus", "decimalLon": 29.519864, "decimalLat": 3.753262, "year": "2016" }, "geometry": { "type": "Point", "coordinates": [ 29.519864, 3.753262 ] } },
{ "type": "Feature", "properties": { "species": "Heliosciurus gambianus", "decimalLon": 25.975095, "decimalLat": -10.790172, "year": "2014" }, "geometry": { "type": "Point", "coordinates": [ 25.975095, -10.790172 ] } },
{ "type": "Feature", "properties": { "species": "Heliosciurus gambianus", "decimalLon": 27.10383, "decimalLat": -11.242001, "year": "2014" }, "geometry": { "type": "Point", "coordinates": [ 27.10383, -11.242001 ] } },
{ "type": "Feature", "properties": { "species": "Heliosciurus gambianus", "decimalLon": 27.103137, "decimalLat": -11.255835, "year": "2014" }, "geometry": { "type": "Point", "coordinates": [ 27.103137, -11.255835 ] } },
{ "type": "Feature", "properties": { "species": "Heliosciurus gambianus", "decimalLon": 27.4167, "decimalLat": -11.5667, "year": "1967" }, "geometry": { "type": "Point", "coordinates": [ 27.4167, -11.5667 ] } },
{ "type": "Feature", "properties": { "species": "Heliosciurus gambianus", "decimalLon": 27.416667, "decimalLat": -11.566667, "year": "1967" }, "geometry": { "type": "Point", "coordinates": [ 27.416667, -11.566667 ] } },
{ "type": "Feature", "properties": { "species": "Heliosciurus gambianus", "decimalLon": 29.2167, "decimalLat": 0.9, "year": "1961" }, "geometry": { "type": "Point", "coordinates": [ 29.2167, 0.9 ] } },
{ "type": "Feature", "properties": { "species": "Heliosciurus gambianus", "decimalLon": 29.3, "decimalLat": 0.2, "year": "1961" }, "geometry": { "type": "Point", "coordinates": [ 29.3, 0.2 ] } },
{ "type": "Feature", "properties": { "species": "Heliosciurus gambianus", "decimalLon": 27.3, "decimalLat": -11.3167, "year": "1958" }, "geometry": { "type": "Point", "coordinates": [ 27.3, -11.3167 ] } },
{ "type": "Feature", "properties": { "species": "Heliosciurus gambianus", "decimalLon": 27.3, "decimalLat": -11.3167, "year": "1957" }, "geometry": { "type": "Point", "coordinates": [ 27.3, -11.3167 ] } },
{ "type": "Feature", "properties": { "species": "Heliosciurus gambianus", "decimalLon": 27.85, "decimalLat": -11.45, "year": "1956" }, "geometry": { "type": "Point", "coordinates": [ 27.85, -11.45 ] } },
{ "type": "Feature", "properties": { "species": "Heliosciurus gambianus", "decimalLon": 27.4333, "decimalLat": -11.75, "year": "1956" }, "geometry": { "type": "Point", "coordinates": [ 27.4333, -11.75 ] } },
{ "type": "Feature", "properties": { "species": "Heliosciurus gambianus", "decimalLon": 27.3, "decimalLat": -11.3167, "year": "1956" }, "geometry": { "type": "Point", "coordinates": [ 27.3, -11.3167 ] } },
{ "type": "Feature", "properties": { "species": "Heliosciurus gambianus", "decimalLon": 27.3667, "decimalLat": -11.1167, "year": "1955" }, "geometry": { "type": "Point", "coordinates": [ 27.3667, -11.1167 ] } },
{ "type": "Feature", "properties": { "species": "Heliosciurus gambianus", "decimalLon": 27.3, "decimalLat": -11.3167, "year": "1955" }, "geometry": { "type": "Point", "coordinates": [ 27.3, -11.3167 ] } },
{ "type": "Feature", "properties": { "species": "Heliosciurus gambianus", "decimalLon": 27.45, "decimalLat": -11.4833, "year": "1955" }, "geometry": { "type": "Point", "coordinates": [ 27.45, -11.4833 ] } },
{ "type": "Feature", "properties": { "species": "Heliosciurus gambianus", "decimalLon": 27.85, "decimalLat": -11.45, "year": "1955" }, "geometry": { "type": "Point", "coordinates": [ 27.85, -11.45 ] } },
{ "type": "Feature", "properties": { "species": "Heliosciurus gambianus", "decimalLon": 29.2, "decimalLat": -12.85, "year": "1954" }, "geometry": { "type": "Point", "coordinates": [ 29.2, -12.85 ] } },
{ "type": "Feature", "properties": { "species": "Heliosciurus gambianus", "decimalLon": 25.7333, "decimalLat": -10.8333, "year": "1953" }, "geometry": { "type": "Point", "coordinates": [ 25.7333, -10.8333 ] } },
{ "type": "Feature", "properties": { "species": "Heliosciurus gambianus", "decimalLon": 23.6333, "decimalLat": -10.45, "year": "1953" }, "geometry": { "type": "Point", "coordinates": [ 23.6333, -10.45 ] } },
{ "type": "Feature", "properties": { "species": "Heliosciurus gambianus", "decimalLon": 29.0833, "decimalLat": 4.0333, "year": "1952" }, "geometry": { "type": "Point", "coordinates": [ 29.0833, 4.0333 ] } },
{ "type": "Feature", "properties": { "species": "Heliosciurus gambianus", "decimalLon": 19.0, "decimalLat": -7.2833, "year": "1952" }, "geometry": { "type": "Point", "coordinates": [ 19.0, -7.2833 ] } },
{ "type": "Feature", "properties": { "species": "Heliosciurus gambianus", "decimalLon": 18.6833, "decimalLat": -7.7333, "year": "1952" }, "geometry": { "type": "Point", "coordinates": [ 18.6833, -7.7333 ] } },
{ "type": "Feature", "properties": { "species": "Heliosciurus gambianus", "decimalLon": 19.05, "decimalLat": -7.15, "year": "1952" }, "geometry": { "type": "Point", "coordinates": [ 19.05, -7.15 ] } },
{ "type": "Feature", "properties": { "species": "Heliosciurus gambianus", "decimalLon": 18.85, "decimalLat": -7.2, "year": "1952" }, "geometry": { "type": "Point", "coordinates": [ 18.85, -7.2 ] } },
{ "type": "Feature", "properties": { "species": "Heliosciurus gambianus", "decimalLon": 19.1, "decimalLat": -7.1833, "year": "1952" }, "geometry": { "type": "Point", "coordinates": [ 19.1, -7.1833 ] } },
{ "type": "Feature", "properties": { "species": "Heliosciurus gambianus", "decimalLon": 29.2833, "decimalLat": 4.3667, "year": "1950" }, "geometry": { "type": "Point", "coordinates": [ 29.2833, 4.3667 ] } },
{ "type": "Feature", "properties": { "species": "Heliosciurus gambianus", "decimalLon": 29.2667, "decimalLat": 4.3333, "year": "1950" }, "geometry": { "type": "Point", "coordinates": [ 29.2667, 4.3333 ] } },
{ "type": "Feature", "properties": { "species": "Heliosciurus gambianus", "decimalLon": 26.5167, "decimalLat": -8.65, "year": "1949" }, "geometry": { "type": "Point", "coordinates": [ 26.5167, -8.65 ] } },
{ "type": "Feature", "properties": { "species": "Heliosciurus gambianus", "decimalLon": 26.516667, "decimalLat": -8.65, "year": "1949" }, "geometry": { "type": "Point", "coordinates": [ 26.516667, -8.65 ] } },
{ "type": "Feature", "properties": { "species": "Heliosciurus gambianus", "decimalLon": 28.5667, "decimalLat": -12.75, "year": "1948" }, "geometry": { "type": "Point", "coordinates": [ 28.5667, -12.75 ] } },
{ "type": "Feature", "properties": { "species": "Heliosciurus gambianus", "decimalLon": 29.25, "decimalLat": -1.3667, "year": "1948" }, "geometry": { "type": "Point", "coordinates": [ 29.25, -1.3667 ] } },
{ "type": "Feature", "properties": { "species": "Heliosciurus gambianus", "decimalLon": 27.2, "decimalLat": -9.0833, "year": "1948" }, "geometry": { "type": "Point", "coordinates": [ 27.2, -9.0833 ] } },
{ "type": "Feature", "properties": { "species": "Heliosciurus gambianus", "decimalLon": 27.2, "decimalLat": -8.9333, "year": "1947" }, "geometry": { "type": "Point", "coordinates": [ 27.2, -8.9333 ] } },
{ "type": "Feature", "properties": { "species": "Heliosciurus gambianus", "decimalLon": 27.2, "decimalLat": -8.933333, "year": "1947" }, "geometry": { "type": "Point", "coordinates": [ 27.2, -8.933333 ] } },
{ "type": "Feature", "properties": { "species": "Heliosciurus gambianus", "decimalLon": 26.5167, "decimalLat": -8.65, "year": "1947" }, "geometry": { "type": "Point", "coordinates": [ 26.5167, -8.65 ] } },
{ "type": "Feature", "properties": { "species": "Heliosciurus gambianus", "decimalLon": 26.516667, "decimalLat": -8.65, "year": "1947" }, "geometry": { "type": "Point", "coordinates": [ 26.516667, -8.65 ] } },
{ "type": "Feature", "properties": { "species": "Heliosciurus gambianus", "decimalLon": 26.7333, "decimalLat": -8.8333, "year": "1947" }, "geometry": { "type": "Point", "coordinates": [ 26.7333, -8.8333 ] } },
{ "type": "Feature", "properties": { "species": "Heliosciurus gambianus", "decimalLon": 26.733333, "decimalLat": -8.833333, "year": "1947" }, "geometry": { "type": "Point", "coordinates": [ 26.733333, -8.833333 ] } },
{ "type": "Feature", "properties": { "species": "Heliosciurus gambianus", "decimalLon": 25.2, "decimalLat": -10.5167, "year": "1946" }, "geometry": { "type": "Point", "coordinates": [ 25.2, -10.5167 ] } },
{ "type": "Feature", "properties": { "species": "Heliosciurus gambianus", "decimalLon": 25.2, "decimalLat": -10.516667, "year": "1946" }, "geometry": { "type": "Point", "coordinates": [ 25.2, -10.516667 ] } },
{ "type": "Feature", "properties": { "species": "Heliosciurus gambianus", "decimalLon": 15.3, "decimalLat": -4.3, "year": "1943" }, "geometry": { "type": "Point", "coordinates": [ 15.3, -4.3 ] } },
{ "type": "Feature", "properties": { "species": "Heliosciurus gambianus", "decimalLon": 31.1667, "decimalLat": 2.2, "year": "1942" }, "geometry": { "type": "Point", "coordinates": [ 31.1667, 2.2 ] } },
{ "type": "Feature", "properties": { "species": "Heliosciurus gambianus", "decimalLon": 25.2, "decimalLat": -10.5167, "year": "1939" }, "geometry": { "type": "Point", "coordinates": [ 25.2, -10.5167 ] } },
{ "type": "Feature", "properties": { "species": "Heliosciurus gambianus", "decimalLon": 25.2, "decimalLat": -10.516667, "year": "1939" }, "geometry": { "type": "Point", "coordinates": [ 25.2, -10.516667 ] } },
{ "type": "Feature", "properties": { "species": "Heliosciurus gambianus", "decimalLon": 27.4667, "decimalLat": -11.6667, "year": "1935" }, "geometry": { "type": "Point", "coordinates": [ 27.4667, -11.6667 ] } },
{ "type": "Feature", "properties": { "species": "Heliosciurus gambianus", "decimalLon": 22.4833, "decimalLat": -10.4833, "year": "1934" }, "geometry": { "type": "Point", "coordinates": [ 22.4833, -10.4833 ] } },
{ "type": "Feature", "properties": { "species": "Heliosciurus gambianus", "decimalLon": 27.4833, "decimalLat": -11.6833, "year": "1934" }, "geometry": { "type": "Point", "coordinates": [ 27.4833, -11.6833 ] } },
{ "type": "Feature", "properties": { "species": "Heliosciurus gambianus", "decimalLon": 27.5, "decimalLat": -11.6833, "year": "1934" }, "geometry": { "type": "Point", "coordinates": [ 27.5, -11.6833 ] } },
{ "type": "Feature", "properties": { "species": "Heliosciurus gambianus", "decimalLon": 27.5, "decimalLat": -11.6833, "year": "1932" }, "geometry": { "type": "Point", "coordinates": [ 27.5, -11.6833 ] } },
{ "type": "Feature", "properties": { "species": "Heliosciurus gambianus", "decimalLon": 30.9833, "decimalLat": 2.2667, "year": "1932" }, "geometry": { "type": "Point", "coordinates": [ 30.9833, 2.2667 ] } },
{ "type": "Feature", "properties": { "species": "Heliosciurus gambianus", "decimalLon": 22.4833, "decimalLat": -10.4833, "year": "1932" }, "geometry": { "type": "Point", "coordinates": [ 22.4833, -10.4833 ] } },
{ "type": "Feature", "properties": { "species": "Heliosciurus gambianus", "decimalLon": 28.6667, "decimalLat": -8.75, "year": "1931" }, "geometry": { "type": "Point", "coordinates": [ 28.6667, -8.75 ] } },
{ "type": "Feature", "properties": { "species": "Heliosciurus gambianus", "decimalLon": 26.0667, "decimalLat": -10.3, "year": "1931" }, "geometry": { "type": "Point", "coordinates": [ 26.0667, -10.3 ] } },
{ "type": "Feature", "properties": { "species": "Heliosciurus gambianus", "decimalLon": 27.8667, "decimalLat": -7.2333, "year": "1931" }, "geometry": { "type": "Point", "coordinates": [ 27.8667, -7.2333 ] } },
{ "type": "Feature", "properties": { "species": "Heliosciurus gambianus", "decimalLon": 31.1167, "decimalLat": 2.2333, "year": "1931" }, "geometry": { "type": "Point", "coordinates": [ 31.1167, 2.2333 ] } },
{ "type": "Feature", "properties": { "species": "Heliosciurus gambianus", "decimalLon": 22.4833, "decimalLat": -10.4833, "year": "1931" }, "geometry": { "type": "Point", "coordinates": [ 22.4833, -10.4833 ] } },
{ "type": "Feature", "properties": { "species": "Heliosciurus gambianus", "decimalLon": 27.5, "decimalLat": -11.6833, "year": "1930" }, "geometry": { "type": "Point", "coordinates": [ 27.5, -11.6833 ] } },
{ "type": "Feature", "properties": { "species": "Heliosciurus gambianus", "decimalLon": 26.0667, "decimalLat": -10.3, "year": "1930" }, "geometry": { "type": "Point", "coordinates": [ 26.0667, -10.3 ] } },
{ "type": "Feature", "properties": { "species": "Heliosciurus gambianus", "decimalLon": 27.5, "decimalLat": -11.6833, "year": "1929" }, "geometry": { "type": "Point", "coordinates": [ 27.5, -11.6833 ] } },
{ "type": "Feature", "properties": { "species": "Heliosciurus gambianus", "decimalLon": 31.25, "decimalLat": 2.1333, "year": "1925" }, "geometry": { "type": "Point", "coordinates": [ 31.25, 2.1333 ] } },
{ "type": "Feature", "properties": { "species": "Heliosciurus gambianus", "decimalLon": 27.4667, "decimalLat": -11.65, "year": "1922" }, "geometry": { "type": "Point", "coordinates": [ 27.4667, -11.65 ] } },
{ "type": "Feature", "properties": { "species": "Heliosciurus gambianus", "decimalLon": 25.0667, "decimalLat": -9.2333, "year": "1915" }, "geometry": { "type": "Point", "coordinates": [ 25.0667, -9.2333 ] } },
{ "type": "Feature", "properties": { "species": "Heliosciurus gambianus", "decimalLon": 25.5333, "decimalLat": -9.8333, "year": "1914" }, "geometry": { "type": "Point", "coordinates": [ 25.5333, -9.8333 ] } },
{ "type": "Feature", "properties": { "species": "Heliosciurus gambianus", "decimalLon": 25.0667, "decimalLat": -9.2333, "year": "1914" }, "geometry": { "type": "Point", "coordinates": [ 25.0667, -9.2333 ] } },
{ "type": "Feature", "properties": { "species": "Heliosciurus gambianus", "decimalLon": 26.2, "decimalLat": -10.2833, "year": "1913" }, "geometry": { "type": "Point", "coordinates": [ 26.2, -10.2833 ] } },
{ "type": "Feature", "properties": { "species": "Heliosciurus gambianus", "decimalLon": 14.04, "decimalLat": -5.07, "year": "1906" }, "geometry": { "type": "Point", "coordinates": [ 14.04, -5.07 ] } },
{ "type": "Feature", "properties": { "species": "Heliosciurus gambianus", "decimalLon": 30.1, "decimalLat": 1.8167, "year": "NA" }, "geometry": { "type": "Point", "coordinates": [ 30.1, 1.8167 ] } },
{ "type": "Feature", "properties": { "species": "Heliosciurus gambianus", "decimalLon": 25.8667, "decimalLat": -9.5833, "year": "NA" }, "geometry": { "type": "Point", "coordinates": [ 25.8667, -9.5833 ] } },
{ "type": "Feature", "properties": { "species": "Heliosciurus gambianus", "decimalLon": 25.5333, "decimalLat": -9.8333, "year": "NA" }, "geometry": { "type": "Point", "coordinates": [ 25.5333, -9.8333 ] } },
{ "type": "Feature", "properties": { "species": "Heliosciurus gambianus", "decimalLon": 25.2, "decimalLat": -10.5167, "year": "NA" }, "geometry": { "type": "Point", "coordinates": [ 25.2, -10.5167 ] } },
{ "type": "Feature", "properties": { "species": "Heliosciurus gambianus", "decimalLon": 27.4167, "decimalLat": -11.5667, "year": "NA" }, "geometry": { "type": "Point", "coordinates": [ 27.4167, -11.5667 ] } },
{ "type": "Feature", "properties": { "species": "Heliosciurus gambianus", "decimalLon": 25.0667, "decimalLat": -9.2333, "year": "NA" }, "geometry": { "type": "Point", "coordinates": [ 25.0667, -9.2333 ] } },
{ "type": "Feature", "properties": { "species": "Heliosciurus gambianus", "decimalLon": 27.4667, "decimalLat": -11.6667, "year": "NA" }, "geometry": { "type": "Point", "coordinates": [ 27.4667, -11.6667 ] } },
{ "type": "Feature", "properties": { "species": "Heliosciurus gambianus", "decimalLon": 29.4833, "decimalLat": -6.5, "year": "NA" }, "geometry": { "type": "Point", "coordinates": [ 29.4833, -6.5 ] } },
{ "type": "Feature", "properties": { "species": "Heliosciurus gambianus", "decimalLon": 25.4, "decimalLat": -10.3167, "year": "NA" }, "geometry": { "type": "Point", "coordinates": [ 25.4, -10.3167 ] } },
{ "type": "Feature", "properties": { "species": "Heliosciurus gambianus", "decimalLon": 26.1167, "decimalLat": -10.8167, "year": "NA" }, "geometry": { "type": "Point", "coordinates": [ 26.1167, -10.8167 ] } },
{ "type": "Feature", "properties": { "species": "Heliosciurus gambianus", "decimalLon": 22.6167, "decimalLat": -8.3667, "year": "NA" }, "geometry": { "type": "Point", "coordinates": [ 22.6167, -8.3667 ] } },
{ "type": "Feature", "properties": { "species": "Heliosciurus gambianus", "decimalLon": 17.2333, "decimalLat": -7.5667, "year": "NA" }, "geometry": { "type": "Point", "coordinates": [ 17.2333, -7.5667 ] } },
{ "type": "Feature", "properties": { "species": "Heliosciurus gambianus", "decimalLon": 27.5, "decimalLat": -11.6833, "year": "NA" }, "geometry": { "type": "Point", "coordinates": [ 27.5, -11.6833 ] } },
{ "type": "Feature", "properties": { "species": "Heliosciurus gambianus", "decimalLon": 22.4833, "decimalLat": -10.4833, "year": "NA" }, "geometry": { "type": "Point", "coordinates": [ 22.4833, -10.4833 ] } },
{ "type": "Feature", "properties": { "species": "Heliosciurus gambianus", "decimalLon": 27.05, "decimalLat": -6.9833, "year": "NA" }, "geometry": { "type": "Point", "coordinates": [ 27.05, -6.9833 ] } },
{ "type": "Feature", "properties": { "species": "Heliosciurus gambianus", "decimalLon": 27.4667, "decimalLat": -11.65, "year": "NA" }, "geometry": { "type": "Point", "coordinates": [ 27.4667, -11.65 ] } },
{ "type": "Feature", "properties": { "species": "Heliosciurus gambianus", "decimalLon": 27.416667, "decimalLat": -11.566667, "year": "NA" }, "geometry": { "type": "Point", "coordinates": [ 27.416667, -11.566667 ] } },
{ "type": "Feature", "properties": { "species": "Heliosciurus gambianus", "decimalLon": 25.2, "decimalLat": -10.516667, "year": "NA" }, "geometry": { "type": "Point", "coordinates": [ 25.2, -10.516667 ] } },
{ "type": "Feature", "properties": { "species": "Graphiurus lorraineus", "decimalLon": 19.35, "decimalLat": 3.03, "year": "1979" }, "geometry": { "type": "Point", "coordinates": [ 19.35, 3.03 ] } },
{ "type": "Feature", "properties": { "species": "Graphiurus lorraineus", "decimalLon": 28.17, "decimalLat": -1.67, "year": "1967" }, "geometry": { "type": "Point", "coordinates": [ 28.17, -1.67 ] } },
{ "type": "Feature", "properties": { "species": "Graphiurus lorraineus", "decimalLon": 18.6833, "decimalLat": -0.1, "year": "1952" }, "geometry": { "type": "Point", "coordinates": [ 18.6833, -0.1 ] } },
{ "type": "Feature", "properties": { "species": "Graphiurus lorraineus", "decimalLon": 18.3, "decimalLat": 0.0667, "year": "1936" }, "geometry": { "type": "Point", "coordinates": [ 18.3, 0.0667 ] } },
{ "type": "Feature", "properties": { "species": "Graphiurus lorraineus", "decimalLon": 24.8333, "decimalLat": 2.7833, "year": "1935" }, "geometry": { "type": "Point", "coordinates": [ 24.8333, 2.7833 ] } },
{ "type": "Feature", "properties": { "species": "Graphiurus lorraineus", "decimalLon": 23.25, "decimalLat": -4.9167, "year": "1933" }, "geometry": { "type": "Point", "coordinates": [ 23.25, -4.9167 ] } },
{ "type": "Feature", "properties": { "species": "Graphiurus lorraineus", "decimalLon": 22.3167, "decimalLat": -6.0167, "year": "1923" }, "geometry": { "type": "Point", "coordinates": [ 22.3167, -6.0167 ] } },
{ "type": "Feature", "properties": { "species": "Graphiurus lorraineus", "decimalLon": 23.25, "decimalLat": -4.9167, "year": "1923" }, "geometry": { "type": "Point", "coordinates": [ 23.25, -4.9167 ] } },
{ "type": "Feature", "properties": { "species": "Graphiurus lorraineus", "decimalLon": 29.716694, "decimalLat": 3.733333, "year": "1912" }, "geometry": { "type": "Point", "coordinates": [ 29.716694, 3.733333 ] } },
{ "type": "Feature", "properties": { "species": "Graphiurus lorraineus", "decimalLon": 27.866694, "decimalLat": 3.7, "year": "1911" }, "geometry": { "type": "Point", "coordinates": [ 27.866694, 3.7 ] } },
{ "type": "Feature", "properties": { "species": "Graphiurus lorraineus", "decimalLon": 29.716694, "decimalLat": 3.733333, "year": "1911" }, "geometry": { "type": "Point", "coordinates": [ 29.716694, 3.733333 ] } },
{ "type": "Feature", "properties": { "species": "Graphiurus lorraineus", "decimalLon": 27.866694, "decimalLat": 3.7, "year": "1910" }, "geometry": { "type": "Point", "coordinates": [ 27.866694, 3.7 ] } },
{ "type": "Feature", "properties": { "species": "Graphiurus lorraineus", "decimalLon": 27.3, "decimalLat": 2.4167, "year": "1910" }, "geometry": { "type": "Point", "coordinates": [ 27.3, 2.4167 ] } },
{ "type": "Feature", "properties": { "species": "Graphiurus lorraineus", "decimalLon": 27.8667, "decimalLat": 3.75, "year": "1910" }, "geometry": { "type": "Point", "coordinates": [ 27.8667, 3.75 ] } },
{ "type": "Feature", "properties": { "species": "Graphiurus lorraineus", "decimalLon": 18.1333, "decimalLat": -2.7333, "year": "1902" }, "geometry": { "type": "Point", "coordinates": [ 18.1333, -2.7333 ] } },
{ "type": "Feature", "properties": { "species": "Graphiurus lorraineus", "decimalLon": 13.6667, "decimalLat": -5.7, "year": "NA" }, "geometry": { "type": "Point", "coordinates": [ 13.6667, -5.7 ] } },
{ "type": "Feature", "properties": { "species": "Graphiurus lorraineus", "decimalLon": 15.3167, "decimalLat": -5.1333, "year": "NA" }, "geometry": { "type": "Point", "coordinates": [ 15.3167, -5.1333 ] } },
{ "type": "Feature", "properties": { "species": "Graphiurus lorraineus", "decimalLon": 26.9667, "decimalLat": 3.1333, "year": "NA" }, "geometry": { "type": "Point", "coordinates": [ 26.9667, 3.1333 ] } },
{ "type": "Feature", "properties": { "species": "Graphiurus lorraineus", "decimalLon": 16.4333, "decimalLat": -2.1, "year": "NA" }, "geometry": { "type": "Point", "coordinates": [ 16.4333, -2.1 ] } },
{ "type": "Feature", "properties": { "species": "Graphiurus lorraineus", "decimalLon": 22.65, "decimalLat": -6.5, "year": "NA" }, "geometry": { "type": "Point", "coordinates": [ 22.65, -6.5 ] } },
{ "type": "Feature", "properties": { "species": "Cricetomys gambianus", "decimalLon": 29.511, "decimalLat": 3.742, "year": "2017" }, "geometry": { "type": "Point", "coordinates": [ 29.511, 3.742 ] } },
{ "type": "Feature", "properties": { "species": "Cricetomys gambianus", "decimalLon": 23.431, "decimalLat": 1.294, "year": "2004" }, "geometry": { "type": "Point", "coordinates": [ 23.431, 1.294 ] } },
{ "type": "Feature", "properties": { "species": "Cricetomys gambianus", "decimalLon": 18.8916, "decimalLat": -4.9997, "year": "1995" }, "geometry": { "type": "Point", "coordinates": [ 18.8916, -4.9997 ] } },
{ "type": "Feature", "properties": { "species": "Cricetomys gambianus", "decimalLon": 18.85, "decimalLat": -5.0333, "year": "1995" }, "geometry": { "type": "Point", "coordinates": [ 18.85, -5.0333 ] } },
{ "type": "Feature", "properties": { "species": "Cricetomys gambianus", "decimalLon": 29.3, "decimalLat": 0.2, "year": "1961" }, "geometry": { "type": "Point", "coordinates": [ 29.3, 0.2 ] } },
{ "type": "Feature", "properties": { "species": "Cricetomys gambianus", "decimalLon": 29.2167, "decimalLat": 0.95, "year": "1961" }, "geometry": { "type": "Point", "coordinates": [ 29.2167, 0.95 ] } },
{ "type": "Feature", "properties": { "species": "Cricetomys gambianus", "decimalLon": 21.9167, "decimalLat": -4.85, "year": "1960" }, "geometry": { "type": "Point", "coordinates": [ 21.9167, -4.85 ] } },
{ "type": "Feature", "properties": { "species": "Cricetomys gambianus", "decimalLon": 29.2167, "decimalLat": 0.9, "year": "1960" }, "geometry": { "type": "Point", "coordinates": [ 29.2167, 0.9 ] } },
{ "type": "Feature", "properties": { "species": "Cricetomys gambianus", "decimalLon": 29.3, "decimalLat": 0.2, "year": "1960" }, "geometry": { "type": "Point", "coordinates": [ 29.3, 0.2 ] } },
{ "type": "Feature", "properties": { "species": "Cricetomys gambianus", "decimalLon": 29.5833, "decimalLat": 0.75, "year": "1957" }, "geometry": { "type": "Point", "coordinates": [ 29.5833, 0.75 ] } },
{ "type": "Feature", "properties": { "species": "Cricetomys gambianus", "decimalLon": 30.4333, "decimalLat": 1.4, "year": "1954" }, "geometry": { "type": "Point", "coordinates": [ 30.4333, 1.4 ] } },
{ "type": "Feature", "properties": { "species": "Cricetomys gambianus", "decimalLon": 30.433333, "decimalLat": 1.4, "year": "1954" }, "geometry": { "type": "Point", "coordinates": [ 30.433333, 1.4 ] } },
{ "type": "Feature", "properties": { "species": "Cricetomys gambianus", "decimalLon": 29.15, "decimalLat": 3.6667, "year": "1954" }, "geometry": { "type": "Point", "coordinates": [ 29.15, 3.6667 ] } },
{ "type": "Feature", "properties": { "species": "Cricetomys gambianus", "decimalLon": 29.8, "decimalLat": 0.2667, "year": "1953" }, "geometry": { "type": "Point", "coordinates": [ 29.8, 0.2667 ] } },
{ "type": "Feature", "properties": { "species": "Cricetomys gambianus", "decimalLon": 29.8, "decimalLat": 0.266667, "year": "1953" }, "geometry": { "type": "Point", "coordinates": [ 29.8, 0.266667 ] } },
{ "type": "Feature", "properties": { "species": "Cricetomys gambianus", "decimalLon": 29.3333, "decimalLat": 3.9167, "year": "1952" }, "geometry": { "type": "Point", "coordinates": [ 29.3333, 3.9167 ] } },
{ "type": "Feature", "properties": { "species": "Cricetomys gambianus", "decimalLon": 22.2833, "decimalLat": 0.0167, "year": "1952" }, "geometry": { "type": "Point", "coordinates": [ 22.2833, 0.0167 ] } },
{ "type": "Feature", "properties": { "species": "Cricetomys gambianus", "decimalLon": 29.45, "decimalLat": 4.5333, "year": "1952" }, "geometry": { "type": "Point", "coordinates": [ 29.45, 4.5333 ] } },
{ "type": "Feature", "properties": { "species": "Cricetomys gambianus", "decimalLon": 28.7333, "decimalLat": 0.35, "year": "1952" }, "geometry": { "type": "Point", "coordinates": [ 28.7333, 0.35 ] } },
{ "type": "Feature", "properties": { "species": "Cricetomys gambianus", "decimalLon": 29.4167, "decimalLat": 3.9167, "year": "1951" }, "geometry": { "type": "Point", "coordinates": [ 29.4167, 3.9167 ] } },
{ "type": "Feature", "properties": { "species": "Cricetomys gambianus", "decimalLon": 29.25, "decimalLat": 4.3333, "year": "1951" }, "geometry": { "type": "Point", "coordinates": [ 29.25, 4.3333 ] } },
{ "type": "Feature", "properties": { "species": "Cricetomys gambianus", "decimalLon": 29.25, "decimalLat": 4.333333, "year": "1951" }, "geometry": { "type": "Point", "coordinates": [ 29.25, 4.333333 ] } },
{ "type": "Feature", "properties": { "species": "Cricetomys gambianus", "decimalLon": 30.5833, "decimalLat": 2.0, "year": "1951" }, "geometry": { "type": "Point", "coordinates": [ 30.5833, 2.0 ] } },
{ "type": "Feature", "properties": { "species": "Cricetomys gambianus", "decimalLon": 30.583333, "decimalLat": 2.0, "year": "1951" }, "geometry": { "type": "Point", "coordinates": [ 30.583333, 2.0 ] } },
{ "type": "Feature", "properties": { "species": "Cricetomys gambianus", "decimalLon": 29.2667, "decimalLat": 4.3333, "year": "1950" }, "geometry": { "type": "Point", "coordinates": [ 29.2667, 4.3333 ] } },
{ "type": "Feature", "properties": { "species": "Cricetomys gambianus", "decimalLon": 30.8167, "decimalLat": 1.7333, "year": "1950" }, "geometry": { "type": "Point", "coordinates": [ 30.8167, 1.7333 ] } },
{ "type": "Feature", "properties": { "species": "Cricetomys gambianus", "decimalLon": 16.4167, "decimalLat": -2.15, "year": "1950" }, "geometry": { "type": "Point", "coordinates": [ 16.4167, -2.15 ] } },
{ "type": "Feature", "properties": { "species": "Cricetomys gambianus", "decimalLon": 26.5167, "decimalLat": -8.65, "year": "1949" }, "geometry": { "type": "Point", "coordinates": [ 26.5167, -8.65 ] } },
{ "type": "Feature", "properties": { "species": "Cricetomys gambianus", "decimalLon": 26.516667, "decimalLat": -8.65, "year": "1949" }, "geometry": { "type": "Point", "coordinates": [ 26.516667, -8.65 ] } },
{ "type": "Feature", "properties": { "species": "Cricetomys gambianus", "decimalLon": 28.8167, "decimalLat": -0.4833, "year": "1949" }, "geometry": { "type": "Point", "coordinates": [ 28.8167, -0.4833 ] } },
{ "type": "Feature", "properties": { "species": "Cricetomys gambianus", "decimalLon": 24.4, "decimalLat": 0.7833, "year": "1949" }, "geometry": { "type": "Point", "coordinates": [ 24.4, 0.7833 ] } },
{ "type": "Feature", "properties": { "species": "Cricetomys gambianus", "decimalLon": 27.2, "decimalLat": -9.0833, "year": "1948" }, "geometry": { "type": "Point", "coordinates": [ 27.2, -9.0833 ] } },
{ "type": "Feature", "properties": { "species": "Cricetomys gambianus", "decimalLon": 27.2, "decimalLat": -8.9333, "year": "1947" }, "geometry": { "type": "Point", "coordinates": [ 27.2, -8.9333 ] } },
{ "type": "Feature", "properties": { "species": "Cricetomys gambianus", "decimalLon": 27.2, "decimalLat": -8.933333, "year": "1947" }, "geometry": { "type": "Point", "coordinates": [ 27.2, -8.933333 ] } },
{ "type": "Feature", "properties": { "species": "Cricetomys gambianus", "decimalLon": 28.9333, "decimalLat": -2.0333, "year": "1947" }, "geometry": { "type": "Point", "coordinates": [ 28.9333, -2.0333 ] } },
{ "type": "Feature", "properties": { "species": "Cricetomys gambianus", "decimalLon": 23.0833, "decimalLat": -1.1333, "year": "1945" }, "geometry": { "type": "Point", "coordinates": [ 23.0833, -1.1333 ] } },
{ "type": "Feature", "properties": { "species": "Cricetomys gambianus", "decimalLon": 24.6333, "decimalLat": 0.6, "year": "1943" }, "geometry": { "type": "Point", "coordinates": [ 24.6333, 0.6 ] } },
{ "type": "Feature", "properties": { "species": "Cricetomys gambianus", "decimalLon": 24.8333, "decimalLat": 2.7833, "year": "1942" }, "geometry": { "type": "Point", "coordinates": [ 24.8333, 2.7833 ] } },
{ "type": "Feature", "properties": { "species": "Cricetomys gambianus", "decimalLon": 15.3, "decimalLat": -4.3, "year": "1942" }, "geometry": { "type": "Point", "coordinates": [ 15.3, -4.3 ] } },
{ "type": "Feature", "properties": { "species": "Cricetomys gambianus", "decimalLon": 16.9167, "decimalLat": -3.0167, "year": "1941" }, "geometry": { "type": "Point", "coordinates": [ 16.9167, -3.0167 ] } },
{ "type": "Feature", "properties": { "species": "Cricetomys gambianus", "decimalLon": 13.05, "decimalLat": -5.85, "year": "1940" }, "geometry": { "type": "Point", "coordinates": [ 13.05, -5.85 ] } },
{ "type": "Feature", "properties": { "species": "Cricetomys gambianus", "decimalLon": 25.7333, "decimalLat": 3.3667, "year": "1940" }, "geometry": { "type": "Point", "coordinates": [ 25.7333, 3.3667 ] } },
{ "type": "Feature", "properties": { "species": "Cricetomys gambianus", "decimalLon": 12.3, "decimalLat": -5.8333, "year": "1940" }, "geometry": { "type": "Point", "coordinates": [ 12.3, -5.8333 ] } },
{ "type": "Feature", "properties": { "species": "Cricetomys gambianus", "decimalLon": 16.5333, "decimalLat": -2.9167, "year": "1940" }, "geometry": { "type": "Point", "coordinates": [ 16.5333, -2.9167 ] } },
{ "type": "Feature", "properties": { "species": "Cricetomys gambianus", "decimalLon": 16.6, "decimalLat": -3.6333, "year": "1940" }, "geometry": { "type": "Point", "coordinates": [ 16.6, -3.6333 ] } },
{ "type": "Feature", "properties": { "species": "Cricetomys gambianus", "decimalLon": 25.7333, "decimalLat": 3.3667, "year": "1939" }, "geometry": { "type": "Point", "coordinates": [ 25.7333, 3.3667 ] } },
{ "type": "Feature", "properties": { "species": "Cricetomys gambianus", "decimalLon": 25.7333, "decimalLat": 3.3667, "year": "1938" }, "geometry": { "type": "Point", "coordinates": [ 25.7333, 3.3667 ] } },
{ "type": "Feature", "properties": { "species": "Cricetomys gambianus", "decimalLon": 29.25, "decimalLat": -1.6167, "year": "1938" }, "geometry": { "type": "Point", "coordinates": [ 29.25, -1.6167 ] } },
{ "type": "Feature", "properties": { "species": "Cricetomys gambianus", "decimalLon": 29.3333, "decimalLat": -1.4667, "year": "1938" }, "geometry": { "type": "Point", "coordinates": [ 29.3333, -1.4667 ] } },
{ "type": "Feature", "properties": { "species": "Cricetomys gambianus", "decimalLon": 28.8, "decimalLat": -2.4833, "year": "1937" }, "geometry": { "type": "Point", "coordinates": [ 28.8, -2.4833 ] } },
{ "type": "Feature", "properties": { "species": "Cricetomys gambianus", "decimalLon": 29.25, "decimalLat": -1.6167, "year": "1934" }, "geometry": { "type": "Point", "coordinates": [ 29.25, -1.6167 ] } },
{ "type": "Feature", "properties": { "species": "Cricetomys gambianus", "decimalLon": 17.1833, "decimalLat": -1.1667, "year": "1933" }, "geometry": { "type": "Point", "coordinates": [ 17.1833, -1.1667 ] } },
{ "type": "Feature", "properties": { "species": "Cricetomys gambianus", "decimalLon": 22.93457, "decimalLat": -4.30259, "year": "1927" }, "geometry": { "type": "Point", "coordinates": [ 22.93457, -4.30259 ] } },
{ "type": "Feature", "properties": { "species": "Cricetomys gambianus", "decimalLon": 29.3667, "decimalLat": -1.4167, "year": "1925" }, "geometry": { "type": "Point", "coordinates": [ 29.3667, -1.4167 ] } },
{ "type": "Feature", "properties": { "species": "Cricetomys gambianus", "decimalLon": 16.4333, "decimalLat": -2.1, "year": "1921" }, "geometry": { "type": "Point", "coordinates": [ 16.4333, -2.1 ] } },
{ "type": "Feature", "properties": { "species": "Cricetomys gambianus", "decimalLon": 12.9, "decimalLat": -4.7833, "year": "1920" }, "geometry": { "type": "Point", "coordinates": [ 12.9, -4.7833 ] } },
{ "type": "Feature", "properties": { "species": "Cricetomys gambianus", "decimalLon": 26.45, "decimalLat": 3.5667, "year": "1914" }, "geometry": { "type": "Point", "coordinates": [ 26.45, 3.5667 ] } },
{ "type": "Feature", "properties": { "species": "Cricetomys gambianus", "decimalLon": 28.8333, "decimalLat": -1.4167, "year": "1914" }, "geometry": { "type": "Point", "coordinates": [ 28.8333, -1.4167 ] } },
{ "type": "Feature", "properties": { "species": "Cricetomys gambianus", "decimalLon": 27.3, "decimalLat": 2.4167, "year": "1914" }, "geometry": { "type": "Point", "coordinates": [ 27.3, 2.4167 ] } },
{ "type": "Feature", "properties": { "species": "Cricetomys gambianus", "decimalLon": 26.3833, "decimalLat": 1.8667, "year": "1914" }, "geometry": { "type": "Point", "coordinates": [ 26.3833, 1.8667 ] } },
{ "type": "Feature", "properties": { "species": "Cricetomys gambianus", "decimalLon": 26.9667, "decimalLat": 3.1333, "year": "1914" }, "geometry": { "type": "Point", "coordinates": [ 26.9667, 3.1333 ] } },
{ "type": "Feature", "properties": { "species": "Cricetomys gambianus", "decimalLon": 29.716694, "decimalLat": 3.733333, "year": "1913" }, "geometry": { "type": "Point", "coordinates": [ 29.716694, 3.733333 ] } },
{ "type": "Feature", "properties": { "species": "Cricetomys gambianus", "decimalLon": 27.866694, "decimalLat": 3.7, "year": "1913" }, "geometry": { "type": "Point", "coordinates": [ 27.866694, 3.7 ] } },
{ "type": "Feature", "properties": { "species": "Cricetomys gambianus", "decimalLon": 29.8, "decimalLat": 0.75, "year": "1913" }, "geometry": { "type": "Point", "coordinates": [ 29.8, 0.75 ] } },
{ "type": "Feature", "properties": { "species": "Cricetomys gambianus", "decimalLon": 29.716694, "decimalLat": 3.733333, "year": "1912" }, "geometry": { "type": "Point", "coordinates": [ 29.716694, 3.733333 ] } },
{ "type": "Feature", "properties": { "species": "Cricetomys gambianus", "decimalLon": 29.716694, "decimalLat": 3.733333, "year": "1911" }, "geometry": { "type": "Point", "coordinates": [ 29.716694, 3.733333 ] } },
{ "type": "Feature", "properties": { "species": "Cricetomys gambianus", "decimalLon": 29.6667, "decimalLat": 3.75, "year": "1911" }, "geometry": { "type": "Point", "coordinates": [ 29.6667, 3.75 ] } },
{ "type": "Feature", "properties": { "species": "Cricetomys gambianus", "decimalLon": 21.999997, "decimalLat": -4.0, "year": "1887" }, "geometry": { "type": "Point", "coordinates": [ 21.999997, -4.0 ] } },
{ "type": "Feature", "properties": { "species": "Cricetomys gambianus", "decimalLon": 16.4333, "decimalLat": -2.1, "year": "NA" }, "geometry": { "type": "Point", "coordinates": [ 16.4333, -2.1 ] } },
{ "type": "Feature", "properties": { "species": "Cricetomys gambianus", "decimalLon": 29.0, "decimalLat": -1.6833, "year": "NA" }, "geometry": { "type": "Point", "coordinates": [ 29.0, -1.6833 ] } },
{ "type": "Feature", "properties": { "species": "Cricetomys gambianus", "decimalLon": 16.4167, "decimalLat": -2.15, "year": "NA" }, "geometry": { "type": "Point", "coordinates": [ 16.4167, -2.15 ] } },
{ "type": "Feature", "properties": { "species": "Cricetomys gambianus", "decimalLon": 27.6167, "decimalLat": 1.6667, "year": "NA" }, "geometry": { "type": "Point", "coordinates": [ 27.6167, 1.6667 ] } },
{ "type": "Feature", "properties": { "species": "Cricetomys gambianus", "decimalLon": 17.7667, "decimalLat": -3.7, "year": "NA" }, "geometry": { "type": "Point", "coordinates": [ 17.7667, -3.7 ] } },
{ "type": "Feature", "properties": { "species": "Cricetomys gambianus", "decimalLon": 22.2833, "decimalLat": 0.0167, "year": "NA" }, "geometry": { "type": "Point", "coordinates": [ 22.2833, 0.0167 ] } },
{ "type": "Feature", "properties": { "species": "Cricetomys gambianus", "decimalLon": 30.6667, "decimalLat": 1.7333, "year": "NA" }, "geometry": { "type": "Point", "coordinates": [ 30.6667, 1.7333 ] } },
{ "type": "Feature", "properties": { "species": "Cricetomys gambianus", "decimalLon": 18.6833, "decimalLat": -0.1, "year": "NA" }, "geometry": { "type": "Point", "coordinates": [ 18.6833, -0.1 ] } },
{ "type": "Feature", "properties": { "species": "Cricetomys gambianus", "decimalLon": 29.15, "decimalLat": 3.6667, "year": "NA" }, "geometry": { "type": "Point", "coordinates": [ 29.15, 3.6667 ] } },
{ "type": "Feature", "properties": { "species": "Cricetomys gambianus", "decimalLon": 29.3, "decimalLat": 0.15, "year": "NA" }, "geometry": { "type": "Point", "coordinates": [ 29.3, 0.15 ] } },
{ "type": "Feature", "properties": { "species": "Cricetomys gambianus", "decimalLon": 29.3, "decimalLat": 0.2, "year": "NA" }, "geometry": { "type": "Point", "coordinates": [ 29.3, 0.2 ] } },
{ "type": "Feature", "properties": { "species": "Cricetomys gambianus", "decimalLon": 16.4833, "decimalLat": -2.1, "year": "NA" }, "geometry": { "type": "Point", "coordinates": [ 16.4833, -2.1 ] } },
{ "type": "Feature", "properties": { "species": "Cricetomys gambianus", "decimalLon": 21.75, "decimalLat": -4.046, "year": "NA" }, "geometry": { "type": "Point", "coordinates": [ 21.75, -4.046 ] } },
{ "type": "Feature", "properties": { "species": "Cricetomys gambianus", "decimalLon": 14.833333, "decimalLat": -5.25, "year": "NA" }, "geometry": { "type": "Point", "coordinates": [ 14.833333, -5.25 ] } },
{ "type": "Feature", "properties": { "species": "Cricetomys emini", "decimalLon": 27.523347, "decimalLat": -1.262283, "year": "2024" }, "geometry": { "type": "Point", "coordinates": [ 27.523347, -1.262283 ] } },
{ "type": "Feature", "properties": { "species": "Cricetomys emini", "decimalLon": 28.572202, "decimalLat": 1.404138, "year": "2023" }, "geometry": { "type": "Point", "coordinates": [ 28.572202, 1.404138 ] } },
{ "type": "Feature", "properties": { "species": "Cricetomys emini", "decimalLon": 21.438975, "decimalLat": 4.18274, "year": "2023" }, "geometry": { "type": "Point", "coordinates": [ 21.438975, 4.18274 ] } },
{ "type": "Feature", "properties": { "species": "Cricetomys emini", "decimalLon": 27.733843, "decimalLat": -1.033805, "year": "2022" }, "geometry": { "type": "Point", "coordinates": [ 27.733843, -1.033805 ] } },
{ "type": "Feature", "properties": { "species": "Cricetomys emini", "decimalLon": 20.378654, "decimalLat": -2.760206, "year": "2022" }, "geometry": { "type": "Point", "coordinates": [ 20.378654, -2.760206 ] } },
{ "type": "Feature", "properties": { "species": "Cricetomys emini", "decimalLon": 20.373916, "decimalLat": -2.763983, "year": "2022" }, "geometry": { "type": "Point", "coordinates": [ 20.373916, -2.763983 ] } },
{ "type": "Feature", "properties": { "species": "Cricetomys emini", "decimalLon": 28.576705, "decimalLat": 1.400864, "year": "2019" }, "geometry": { "type": "Point", "coordinates": [ 28.576705, 1.400864 ] } },
{ "type": "Feature", "properties": { "species": "Cricetomys emini", "decimalLon": 20.378654, "decimalLat": -2.760206, "year": "2017" }, "geometry": { "type": "Point", "coordinates": [ 20.378654, -2.760206 ] } },
{ "type": "Feature", "properties": { "species": "Cricetomys emini", "decimalLon": 16.328889, "decimalLat": -2.827231, "year": "2013" }, "geometry": { "type": "Point", "coordinates": [ 16.328889, -2.827231 ] } },
{ "type": "Feature", "properties": { "species": "Cricetomys emini", "decimalLon": 28.758717, "decimalLat": -2.31515, "year": "2001" }, "geometry": { "type": "Point", "coordinates": [ 28.758717, -2.31515 ] } },
{ "type": "Feature", "properties": { "species": "Cricetomys emini", "decimalLon": 25.2167, "decimalLat": 0.6, "year": "1985" }, "geometry": { "type": "Point", "coordinates": [ 25.2167, 0.6 ] } },
{ "type": "Feature", "properties": { "species": "Cricetomys emini", "decimalLon": 25.2833, "decimalLat": -0.0667, "year": "1984" }, "geometry": { "type": "Point", "coordinates": [ 25.2833, -0.0667 ] } },
{ "type": "Feature", "properties": { "species": "Cricetomys emini", "decimalLon": 25.2833, "decimalLat": 0.1833, "year": "1984" }, "geometry": { "type": "Point", "coordinates": [ 25.2833, 0.1833 ] } },
{ "type": "Feature", "properties": { "species": "Cricetomys emini", "decimalLon": 25.55, "decimalLat": 0.4667, "year": "1983" }, "geometry": { "type": "Point", "coordinates": [ 25.55, 0.4667 ] } },
{ "type": "Feature", "properties": { "species": "Cricetomys emini", "decimalLon": 25.2833, "decimalLat": -0.0667, "year": "1983" }, "geometry": { "type": "Point", "coordinates": [ 25.2833, -0.0667 ] } },
{ "type": "Feature", "properties": { "species": "Cricetomys emini", "decimalLon": 25.2833, "decimalLat": 0.1833, "year": "1983" }, "geometry": { "type": "Point", "coordinates": [ 25.2833, 0.1833 ] } },
{ "type": "Feature", "properties": { "species": "Cricetomys emini", "decimalLon": 25.55, "decimalLat": 0.4667, "year": "1982" }, "geometry": { "type": "Point", "coordinates": [ 25.55, 0.4667 ] } },
{ "type": "Feature", "properties": { "species": "Cricetomys emini", "decimalLon": 25.2, "decimalLat": 0.5, "year": "1982" }, "geometry": { "type": "Point", "coordinates": [ 25.2, 0.5 ] } },
{ "type": "Feature", "properties": { "species": "Cricetomys emini", "decimalLon": 28.35, "decimalLat": 1.25, "year": "1982" }, "geometry": { "type": "Point", "coordinates": [ 28.35, 1.25 ] } },
{ "type": "Feature", "properties": { "species": "Cricetomys emini", "decimalLon": 25.55, "decimalLat": 0.4667, "year": "1981" }, "geometry": { "type": "Point", "coordinates": [ 25.55, 0.4667 ] } },
{ "type": "Feature", "properties": { "species": "Cricetomys emini", "decimalLon": 25.2, "decimalLat": 0.5, "year": "1981" }, "geometry": { "type": "Point", "coordinates": [ 25.2, 0.5 ] } },
{ "type": "Feature", "properties": { "species": "Cricetomys emini", "decimalLon": 25.55, "decimalLat": 0.4667, "year": "1980" }, "geometry": { "type": "Point", "coordinates": [ 25.55, 0.4667 ] } },
{ "type": "Feature", "properties": { "species": "Cricetomys emini", "decimalLon": 25.2, "decimalLat": 0.5, "year": "1980" }, "geometry": { "type": "Point", "coordinates": [ 25.2, 0.5 ] } },
{ "type": "Feature", "properties": { "species": "Cricetomys emini", "decimalLon": 25.55, "decimalLat": 0.4667, "year": "1979" }, "geometry": { "type": "Point", "coordinates": [ 25.55, 0.4667 ] } },
{ "type": "Feature", "properties": { "species": "Cricetomys emini", "decimalLon": 25.2, "decimalLat": 0.5, "year": "1979" }, "geometry": { "type": "Point", "coordinates": [ 25.2, 0.5 ] } },
{ "type": "Feature", "properties": { "species": "Cricetomys emini", "decimalLon": 21.801101, "decimalLat": 2.5422, "year": "1979" }, "geometry": { "type": "Point", "coordinates": [ 21.801101, 2.5422 ] } },
{ "type": "Feature", "properties": { "species": "Cricetomys emini", "decimalLon": 21.785191, "decimalLat": 2.575111, "year": "1979" }, "geometry": { "type": "Point", "coordinates": [ 21.785191, 2.575111 ] } },
{ "type": "Feature", "properties": { "species": "Cricetomys emini", "decimalLon": 21.85, "decimalLat": 2.58, "year": "1979" }, "geometry": { "type": "Point", "coordinates": [ 21.85, 2.58 ] } },
{ "type": "Feature", "properties": { "species": "Cricetomys emini", "decimalLon": 19.35, "decimalLat": 3.03, "year": "1979" }, "geometry": { "type": "Point", "coordinates": [ 19.35, 3.03 ] } },
{ "type": "Feature", "properties": { "species": "Cricetomys emini", "decimalLon": 25.2, "decimalLat": 0.5, "year": "1977" }, "geometry": { "type": "Point", "coordinates": [ 25.2, 0.5 ] } },
{ "type": "Feature", "properties": { "species": "Cricetomys emini", "decimalLon": 29.3833, "decimalLat": -1.2167, "year": "1960" }, "geometry": { "type": "Point", "coordinates": [ 29.3833, -1.2167 ] } },
{ "type": "Feature", "properties": { "species": "Cricetomys emini", "decimalLon": 29.3, "decimalLat": 0.5833, "year": "1959" }, "geometry": { "type": "Point", "coordinates": [ 29.3, 0.5833 ] } },
{ "type": "Feature", "properties": { "species": "Cricetomys emini", "decimalLon": 29.8167, "decimalLat": 0.3333, "year": "1959" }, "geometry": { "type": "Point", "coordinates": [ 29.8167, 0.3333 ] } },
{ "type": "Feature", "properties": { "species": "Cricetomys emini", "decimalLon": 29.2667, "decimalLat": -1.4333, "year": "1958" }, "geometry": { "type": "Point", "coordinates": [ 29.2667, -1.4333 ] } },
{ "type": "Feature", "properties": { "species": "Cricetomys emini", "decimalLon": 22.9667, "decimalLat": -1.2, "year": "1957" }, "geometry": { "type": "Point", "coordinates": [ 22.9667, -1.2 ] } },
{ "type": "Feature", "properties": { "species": "Cricetomys emini", "decimalLon": 29.4, "decimalLat": -1.4167, "year": "1956" }, "geometry": { "type": "Point", "coordinates": [ 29.4, -1.4167 ] } },
{ "type": "Feature", "properties": { "species": "Cricetomys emini", "decimalLon": 29.5, "decimalLat": -1.1667, "year": "1954" }, "geometry": { "type": "Point", "coordinates": [ 29.5, -1.1667 ] } },
{ "type": "Feature", "properties": { "species": "Cricetomys emini", "decimalLon": 29.5833, "decimalLat": 0.75, "year": "1954" }, "geometry": { "type": "Point", "coordinates": [ 29.5833, 0.75 ] } },
{ "type": "Feature", "properties": { "species": "Cricetomys emini", "decimalLon": 29.7667, "decimalLat": 0.4167, "year": "1954" }, "geometry": { "type": "Point", "coordinates": [ 29.7667, 0.4167 ] } },
{ "type": "Feature", "properties": { "species": "Cricetomys emini", "decimalLon": 29.7167, "decimalLat": 0.35, "year": "1953" }, "geometry": { "type": "Point", "coordinates": [ 29.7167, 0.35 ] } },
{ "type": "Feature", "properties": { "species": "Cricetomys emini", "decimalLon": 29.1333, "decimalLat": 0.0167, "year": "1953" }, "geometry": { "type": "Point", "coordinates": [ 29.1333, 0.0167 ] } },
{ "type": "Feature", "properties": { "species": "Cricetomys emini", "decimalLon": 29.8, "decimalLat": 0.3333, "year": "1953" }, "geometry": { "type": "Point", "coordinates": [ 29.8, 0.3333 ] } },
{ "type": "Feature", "properties": { "species": "Cricetomys emini", "decimalLon": 29.7833, "decimalLat": 0.2667, "year": "1953" }, "geometry": { "type": "Point", "coordinates": [ 29.7833, 0.2667 ] } },
{ "type": "Feature", "properties": { "species": "Cricetomys emini", "decimalLon": 23.6667, "decimalLat": 2.6, "year": "1953" }, "geometry": { "type": "Point", "coordinates": [ 23.6667, 2.6 ] } },
{ "type": "Feature", "properties": { "species": "Cricetomys emini", "decimalLon": 29.7667, "decimalLat": 0.4167, "year": "1952" }, "geometry": { "type": "Point", "coordinates": [ 29.7667, 0.4167 ] } },
{ "type": "Feature", "properties": { "species": "Cricetomys emini", "decimalLon": 29.75, "decimalLat": 0.3167, "year": "1952" }, "geometry": { "type": "Point", "coordinates": [ 29.75, 0.3167 ] } },
{ "type": "Feature", "properties": { "species": "Cricetomys emini", "decimalLon": 29.1333, "decimalLat": 0.0167, "year": "1952" }, "geometry": { "type": "Point", "coordinates": [ 29.1333, 0.0167 ] } },
{ "type": "Feature", "properties": { "species": "Cricetomys emini", "decimalLon": 29.8167, "decimalLat": 0.3333, "year": "1952" }, "geometry": { "type": "Point", "coordinates": [ 29.8167, 0.3333 ] } },
{ "type": "Feature", "properties": { "species": "Cricetomys emini", "decimalLon": 29.7667, "decimalLat": 0.3, "year": "1952" }, "geometry": { "type": "Point", "coordinates": [ 29.7667, 0.3 ] } },
{ "type": "Feature", "properties": { "species": "Cricetomys emini", "decimalLon": 29.7167, "decimalLat": 0.5667, "year": "1952" }, "geometry": { "type": "Point", "coordinates": [ 29.7167, 0.5667 ] } },
{ "type": "Feature", "properties": { "species": "Cricetomys emini", "decimalLon": 28.499997, "decimalLat": 1.9999990000000001, "year": "1951" }, "geometry": { "type": "Point", "coordinates": [ 28.499997, 1.999999 ] } },
{ "type": "Feature", "properties": { "species": "Cricetomys emini", "decimalLon": 29.15, "decimalLat": 3.6667, "year": "1949" }, "geometry": { "type": "Point", "coordinates": [ 29.15, 3.6667 ] } },
{ "type": "Feature", "properties": { "species": "Cricetomys emini", "decimalLon": 24.45, "decimalLat": 0.7667, "year": "1948" }, "geometry": { "type": "Point", "coordinates": [ 24.45, 0.7667 ] } },
{ "type": "Feature", "properties": { "species": "Cricetomys emini", "decimalLon": 24.45, "decimalLat": 0.766667, "year": "1948" }, "geometry": { "type": "Point", "coordinates": [ 24.45, 0.766667 ] } },
{ "type": "Feature", "properties": { "species": "Cricetomys emini", "decimalLon": 29.166667, "decimalLat": -5.95, "year": "1940" }, "geometry": { "type": "Point", "coordinates": [ 29.166667, -5.95 ] } },
{ "type": "Feature", "properties": { "species": "Cricetomys emini", "decimalLon": 30.05, "decimalLat": 1.9333, "year": "1939" }, "geometry": { "type": "Point", "coordinates": [ 30.05, 1.9333 ] } },
{ "type": "Feature", "properties": { "species": "Cricetomys emini", "decimalLon": 29.0333, "decimalLat": -1.3833, "year": "1938" }, "geometry": { "type": "Point", "coordinates": [ 29.0333, -1.3833 ] } },
{ "type": "Feature", "properties": { "species": "Cricetomys emini", "decimalLon": 29.033333, "decimalLat": -1.383333, "year": "1938" }, "geometry": { "type": "Point", "coordinates": [ 29.033333, -1.383333 ] } },
{ "type": "Feature", "properties": { "species": "Cricetomys emini", "decimalLon": 24.9591, "decimalLat": 0.20446, "year": "1938" }, "geometry": { "type": "Point", "coordinates": [ 24.9591, 0.20446 ] } },
{ "type": "Feature", "properties": { "species": "Cricetomys emini", "decimalLon": 29.0333, "decimalLat": -1.3333, "year": "1934" }, "geometry": { "type": "Point", "coordinates": [ 29.0333, -1.3333 ] } },
{ "type": "Feature", "properties": { "species": "Cricetomys emini", "decimalLon": 29.35, "decimalLat": -1.4667, "year": "1934" }, "geometry": { "type": "Point", "coordinates": [ 29.35, -1.4667 ] } },
{ "type": "Feature", "properties": { "species": "Cricetomys emini", "decimalLon": 24.5667, "decimalLat": 2.85, "year": "1925" }, "geometry": { "type": "Point", "coordinates": [ 24.5667, 2.85 ] } },
{ "type": "Feature", "properties": { "species": "Cricetomys emini", "decimalLon": 29.5833, "decimalLat": 2.7833, "year": "1925" }, "geometry": { "type": "Point", "coordinates": [ 29.5833, 2.7833 ] } },
{ "type": "Feature", "properties": { "species": "Cricetomys emini", "decimalLon": 28.8333, "decimalLat": -1.4167, "year": "1914" }, "geometry": { "type": "Point", "coordinates": [ 28.8333, -1.4167 ] } },
{ "type": "Feature", "properties": { "species": "Cricetomys emini", "decimalLon": 26.5167, "decimalLat": 2.4167, "year": "1914" }, "geometry": { "type": "Point", "coordinates": [ 26.5167, 2.4167 ] } },
{ "type": "Feature", "properties": { "species": "Cricetomys emini", "decimalLon": 27.55, "decimalLat": 0.85, "year": "1913" }, "geometry": { "type": "Point", "coordinates": [ 27.55, 0.85 ] } },
{ "type": "Feature", "properties": { "species": "Cricetomys emini", "decimalLon": 29.4833, "decimalLat": 0.4833, "year": "1913" }, "geometry": { "type": "Point", "coordinates": [ 29.4833, 0.4833 ] } },
{ "type": "Feature", "properties": { "species": "Cricetomys emini", "decimalLon": 29.8, "decimalLat": 0.75, "year": "1913" }, "geometry": { "type": "Point", "coordinates": [ 29.8, 0.75 ] } },
{ "type": "Feature", "properties": { "species": "Cricetomys emini", "decimalLon": 27.7333, "decimalLat": 0.55, "year": "1912" }, "geometry": { "type": "Point", "coordinates": [ 27.7333, 0.55 ] } },
{ "type": "Feature", "properties": { "species": "Cricetomys emini", "decimalLon": 27.3, "decimalLat": 2.4167, "year": "1910" }, "geometry": { "type": "Point", "coordinates": [ 27.3, 2.4167 ] } },
{ "type": "Feature", "properties": { "species": "Cricetomys emini", "decimalLon": 25.2833, "decimalLat": 0.1833, "year": "NA" }, "geometry": { "type": "Point", "coordinates": [ 25.2833, 0.1833 ] } },
{ "type": "Feature", "properties": { "species": "Cricetomys emini", "decimalLon": 25.55, "decimalLat": 0.4667, "year": "NA" }, "geometry": { "type": "Point", "coordinates": [ 25.55, 0.4667 ] } },
{ "type": "Feature", "properties": { "species": "Cricetomys emini", "decimalLon": 24.8333, "decimalLat": 2.7833, "year": "NA" }, "geometry": { "type": "Point", "coordinates": [ 24.8333, 2.7833 ] } },
{ "type": "Feature", "properties": { "species": "Cricetomys emini", "decimalLon": 24.55, "decimalLat": 0.35, "year": "NA" }, "geometry": { "type": "Point", "coordinates": [ 24.55, 0.35 ] } },
{ "type": "Feature", "properties": { "species": "Cricetomys emini", "decimalLon": 25.9167, "decimalLat": 1.8167, "year": "NA" }, "geometry": { "type": "Point", "coordinates": [ 25.9167, 1.8167 ] } },
{ "type": "Feature", "properties": { "species": "Cricetomys emini", "decimalLon": 23.8333, "decimalLat": 3.7833, "year": "NA" }, "geometry": { "type": "Point", "coordinates": [ 23.8333, 3.7833 ] } },
{ "type": "Feature", "properties": { "species": "Cricetomys emini", "decimalLon": 24.0, "decimalLat": 3.0667, "year": "NA" }, "geometry": { "type": "Point", "coordinates": [ 24.0, 3.0667 ] } },
{ "type": "Feature", "properties": { "species": "Cricetomys emini", "decimalLon": 29.4833, "decimalLat": 0.4833, "year": "NA" }, "geometry": { "type": "Point", "coordinates": [ 29.4833, 0.4833 ] } },
{ "type": "Feature", "properties": { "species": "Cricetomys emini", "decimalLon": 26.9667, "decimalLat": 3.1333, "year": "NA" }, "geometry": { "type": "Point", "coordinates": [ 26.9667, 3.1333 ] } },
{ "type": "Feature", "properties": { "species": "Cricetomys emini", "decimalLon": 26.3833, "decimalLat": 1.8667, "year": "NA" }, "geometry": { "type": "Point", "coordinates": [ 26.3833, 1.8667 ] } },
{ "type": "Feature", "properties": { "species": "Cricetomys emini", "decimalLon": 30.5333, "decimalLat": 1.9167, "year": "NA" }, "geometry": { "type": "Point", "coordinates": [ 30.5333, 1.9167 ] } },
{ "type": "Feature", "properties": { "species": "Cricetomys emini", "decimalLon": 14.833333, "decimalLat": -5.25, "year": "NA" }, "geometry": { "type": "Point", "coordinates": [ 14.833333, -5.25 ] } },
{ "type": "Feature", "properties": { "species": "Oenomys hypoxanthus", "decimalLon": 24.03857, "decimalLat": 3.32292, "year": "2022" }, "geometry": { "type": "Point", "coordinates": [ 24.03857, 3.32292 ] } },
{ "type": "Feature", "properties": { "species": "Oenomys hypoxanthus", "decimalLon": 30.915944, "decimalLat": 1.996084, "year": "2021" }, "geometry": { "type": "Point", "coordinates": [ 30.915944, 1.996084 ] } },
{ "type": "Feature", "properties": { "species": "Oenomys hypoxanthus", "decimalLon": 20.530244, "decimalLat": -0.713872, "year": "2021" }, "geometry": { "type": "Point", "coordinates": [ 20.530244, -0.713872 ] } },
{ "type": "Feature", "properties": { "species": "Oenomys hypoxanthus", "decimalLon": 28.81128, "decimalLat": -2.23954, "year": "2015" }, "geometry": { "type": "Point", "coordinates": [ 28.81128, -2.23954 ] } },
{ "type": "Feature", "properties": { "species": "Oenomys hypoxanthus", "decimalLon": 28.81408, "decimalLat": -2.23903, "year": "2014" }, "geometry": { "type": "Point", "coordinates": [ 28.81408, -2.23903 ] } },
{ "type": "Feature", "properties": { "species": "Oenomys hypoxanthus", "decimalLon": 20.92603, "decimalLat": 0.16764, "year": "2013" }, "geometry": { "type": "Point", "coordinates": [ 20.92603, 0.16764 ] } },
{ "type": "Feature", "properties": { "species": "Oenomys hypoxanthus", "decimalLon": 28.65881, "decimalLat": -2.88408, "year": "2010" }, "geometry": { "type": "Point", "coordinates": [ 28.65881, -2.88408 ] } },
{ "type": "Feature", "properties": { "species": "Oenomys hypoxanthus", "decimalLon": 28.80683, "decimalLat": -2.23472, "year": "2008" }, "geometry": { "type": "Point", "coordinates": [ 28.80683, -2.23472 ] } },
{ "type": "Feature", "properties": { "species": "Oenomys hypoxanthus", "decimalLon": 28.74067, "decimalLat": -2.3245, "year": "2007" }, "geometry": { "type": "Point", "coordinates": [ 28.74067, -2.3245 ] } },
{ "type": "Feature", "properties": { "species": "Oenomys hypoxanthus", "decimalLon": 28.6853, "decimalLat": -3.3633, "year": "2006" }, "geometry": { "type": "Point", "coordinates": [ 28.6853, -3.3633 ] } },
{ "type": "Feature", "properties": { "species": "Oenomys hypoxanthus", "decimalLon": 28.86378, "decimalLat": -2.216, "year": "2002" }, "geometry": { "type": "Point", "coordinates": [ 28.86378, -2.216 ] } },
{ "type": "Feature", "properties": { "species": "Oenomys hypoxanthus", "decimalLon": 28.785767, "decimalLat": -2.22805, "year": "2002" }, "geometry": { "type": "Point", "coordinates": [ 28.785767, -2.22805 ] } },
{ "type": "Feature", "properties": { "species": "Oenomys hypoxanthus", "decimalLon": 18.9092, "decimalLat": -5.0579, "year": "1995" }, "geometry": { "type": "Point", "coordinates": [ 18.9092, -5.0579 ] } },
{ "type": "Feature", "properties": { "species": "Oenomys hypoxanthus", "decimalLon": 20.3333, "decimalLat": -1.35, "year": "1991" }, "geometry": { "type": "Point", "coordinates": [ 20.3333, -1.35 ] } },
{ "type": "Feature", "properties": { "species": "Oenomys hypoxanthus", "decimalLon": 20.3333, "decimalLat": -1.35, "year": "1988" }, "geometry": { "type": "Point", "coordinates": [ 20.3333, -1.35 ] } },
{ "type": "Feature", "properties": { "species": "Oenomys hypoxanthus", "decimalLon": 28.7833, "decimalLat": -2.2333, "year": "1986" }, "geometry": { "type": "Point", "coordinates": [ 28.7833, -2.2333 ] } },
{ "type": "Feature", "properties": { "species": "Oenomys hypoxanthus", "decimalLon": 25.2167, "decimalLat": 0.6, "year": "1986" }, "geometry": { "type": "Point", "coordinates": [ 25.2167, 0.6 ] } },
{ "type": "Feature", "properties": { "species": "Oenomys hypoxanthus", "decimalLon": 28.7833, "decimalLat": -2.2333, "year": "1985" }, "geometry": { "type": "Point", "coordinates": [ 28.7833, -2.2333 ] } },
{ "type": "Feature", "properties": { "species": "Oenomys hypoxanthus", "decimalLon": 24.8333, "decimalLat": 0.25, "year": "1985" }, "geometry": { "type": "Point", "coordinates": [ 24.8333, 0.25 ] } },
{ "type": "Feature", "properties": { "species": "Oenomys hypoxanthus", "decimalLon": 25.25, "decimalLat": 0.8333, "year": "1985" }, "geometry": { "type": "Point", "coordinates": [ 25.25, 0.8333 ] } },
{ "type": "Feature", "properties": { "species": "Oenomys hypoxanthus", "decimalLon": 25.6667, "decimalLat": 0.25, "year": "1985" }, "geometry": { "type": "Point", "coordinates": [ 25.6667, 0.25 ] } },
{ "type": "Feature", "properties": { "species": "Oenomys hypoxanthus", "decimalLon": 24.8333, "decimalLat": 0.25, "year": "1984" }, "geometry": { "type": "Point", "coordinates": [ 24.8333, 0.25 ] } },
{ "type": "Feature", "properties": { "species": "Oenomys hypoxanthus", "decimalLon": 25.5, "decimalLat": 0.5, "year": "1984" }, "geometry": { "type": "Point", "coordinates": [ 25.5, 0.5 ] } },
{ "type": "Feature", "properties": { "species": "Oenomys hypoxanthus", "decimalLon": 25.75, "decimalLat": -0.25, "year": "1984" }, "geometry": { "type": "Point", "coordinates": [ 25.75, -0.25 ] } },
{ "type": "Feature", "properties": { "species": "Oenomys hypoxanthus", "decimalLon": 25.25, "decimalLat": 0.8333, "year": "1984" }, "geometry": { "type": "Point", "coordinates": [ 25.25, 0.8333 ] } },
{ "type": "Feature", "properties": { "species": "Oenomys hypoxanthus", "decimalLon": 24.6667, "decimalLat": 0.75, "year": "1984" }, "geometry": { "type": "Point", "coordinates": [ 24.6667, 0.75 ] } },
{ "type": "Feature", "properties": { "species": "Oenomys hypoxanthus", "decimalLon": 25.6667, "decimalLat": 0.25, "year": "1984" }, "geometry": { "type": "Point", "coordinates": [ 25.6667, 0.25 ] } },
{ "type": "Feature", "properties": { "species": "Oenomys hypoxanthus", "decimalLon": 26.1667, "decimalLat": 0.75, "year": "1984" }, "geometry": { "type": "Point", "coordinates": [ 26.1667, 0.75 ] } },
{ "type": "Feature", "properties": { "species": "Oenomys hypoxanthus", "decimalLon": 25.2833, "decimalLat": -0.0667, "year": "1984" }, "geometry": { "type": "Point", "coordinates": [ 25.2833, -0.0667 ] } },
{ "type": "Feature", "properties": { "species": "Oenomys hypoxanthus", "decimalLon": 25.2833, "decimalLat": -0.0667, "year": "1983" }, "geometry": { "type": "Point", "coordinates": [ 25.2833, -0.0667 ] } },
{ "type": "Feature", "properties": { "species": "Oenomys hypoxanthus", "decimalLon": 24.8333, "decimalLat": 0.25, "year": "1983" }, "geometry": { "type": "Point", "coordinates": [ 24.8333, 0.25 ] } },
{ "type": "Feature", "properties": { "species": "Oenomys hypoxanthus", "decimalLon": 22.35, "decimalLat": -5.3667, "year": "1983" }, "geometry": { "type": "Point", "coordinates": [ 22.35, -5.3667 ] } },
{ "type": "Feature", "properties": { "species": "Oenomys hypoxanthus", "decimalLon": 25.5, "decimalLat": 0.5, "year": "1983" }, "geometry": { "type": "Point", "coordinates": [ 25.5, 0.5 ] } },
{ "type": "Feature", "properties": { "species": "Oenomys hypoxanthus", "decimalLon": 25.2, "decimalLat": 0.5, "year": "1981" }, "geometry": { "type": "Point", "coordinates": [ 25.2, 0.5 ] } },
{ "type": "Feature", "properties": { "species": "Oenomys hypoxanthus", "decimalLon": 21.849, "decimalLat": 2.6349, "year": "1979" }, "geometry": { "type": "Point", "coordinates": [ 21.849, 2.6349 ] } },
{ "type": "Feature", "properties": { "species": "Oenomys hypoxanthus", "decimalLon": 21.785191, "decimalLat": 2.575111, "year": "1979" }, "geometry": { "type": "Point", "coordinates": [ 21.785191, 2.575111 ] } },
{ "type": "Feature", "properties": { "species": "Oenomys hypoxanthus", "decimalLon": 21.742069, "decimalLat": 2.615417, "year": "1979" }, "geometry": { "type": "Point", "coordinates": [ 21.742069, 2.615417 ] } },
{ "type": "Feature", "properties": { "species": "Oenomys hypoxanthus", "decimalLon": 21.85, "decimalLat": 2.58, "year": "1979" }, "geometry": { "type": "Point", "coordinates": [ 21.85, 2.58 ] } },
{ "type": "Feature", "properties": { "species": "Oenomys hypoxanthus", "decimalLon": 28.3, "decimalLat": -3.1333, "year": "1975" }, "geometry": { "type": "Point", "coordinates": [ 28.3, -3.1333 ] } },
{ "type": "Feature", "properties": { "species": "Oenomys hypoxanthus", "decimalLon": 28.1, "decimalLat": -3.0167, "year": "1973" }, "geometry": { "type": "Point", "coordinates": [ 28.1, -3.0167 ] } },
{ "type": "Feature", "properties": { "species": "Oenomys hypoxanthus", "decimalLon": 28.1, "decimalLat": -3.0167, "year": "1972" }, "geometry": { "type": "Point", "coordinates": [ 28.1, -3.0167 ] } },
{ "type": "Feature", "properties": { "species": "Oenomys hypoxanthus", "decimalLon": 29.35, "decimalLat": 0.0333, "year": "1971" }, "geometry": { "type": "Point", "coordinates": [ 29.35, 0.0333 ] } },
{ "type": "Feature", "properties": { "species": "Oenomys hypoxanthus", "decimalLon": 28.6667, "decimalLat": -2.2667, "year": "1971" }, "geometry": { "type": "Point", "coordinates": [ 28.6667, -2.2667 ] } },
{ "type": "Feature", "properties": { "species": "Oenomys hypoxanthus", "decimalLon": 29.2, "decimalLat": 0.3833, "year": "1971" }, "geometry": { "type": "Point", "coordinates": [ 29.2, 0.3833 ] } },
{ "type": "Feature", "properties": { "species": "Oenomys hypoxanthus", "decimalLon": 29.0333, "decimalLat": 0.0, "year": "1970" }, "geometry": { "type": "Point", "coordinates": [ 29.0333, 0.0 ] } },
{ "type": "Feature", "properties": { "species": "Oenomys hypoxanthus", "decimalLon": 28.1333, "decimalLat": -3.35, "year": "1969" }, "geometry": { "type": "Point", "coordinates": [ 28.1333, -3.35 ] } },
{ "type": "Feature", "properties": { "species": "Oenomys hypoxanthus", "decimalLon": 29.15, "decimalLat": 0.6667, "year": "1969" }, "geometry": { "type": "Point", "coordinates": [ 29.15, 0.6667 ] } },
{ "type": "Feature", "properties": { "species": "Oenomys hypoxanthus", "decimalLon": 28.8, "decimalLat": -2.2, "year": "1967" }, "geometry": { "type": "Point", "coordinates": [ 28.8, -2.2 ] } },
{ "type": "Feature", "properties": { "species": "Oenomys hypoxanthus", "decimalLon": 28.85, "decimalLat": -1.6, "year": "1967" }, "geometry": { "type": "Point", "coordinates": [ 28.85, -1.6 ] } },
{ "type": "Feature", "properties": { "species": "Oenomys hypoxanthus", "decimalLon": 29.3333, "decimalLat": 0.3167, "year": "1966" }, "geometry": { "type": "Point", "coordinates": [ 29.3333, 0.3167 ] } },
{ "type": "Feature", "properties": { "species": "Oenomys hypoxanthus", "decimalLon": 28.17, "decimalLat": -1.67, "year": "1966" }, "geometry": { "type": "Point", "coordinates": [ 28.17, -1.67 ] } },
{ "type": "Feature", "properties": { "species": "Oenomys hypoxanthus", "decimalLon": 28.92, "decimalLat": -2.12, "year": "1966" }, "geometry": { "type": "Point", "coordinates": [ 28.92, -2.12 ] } },
{ "type": "Feature", "properties": { "species": "Oenomys hypoxanthus", "decimalLon": 28.88, "decimalLat": -2.35, "year": "1966" }, "geometry": { "type": "Point", "coordinates": [ 28.88, -2.35 ] } },
{ "type": "Feature", "properties": { "species": "Oenomys hypoxanthus", "decimalLon": 24.5667, "decimalLat": 2.85, "year": "1965" }, "geometry": { "type": "Point", "coordinates": [ 24.5667, 2.85 ] } },
{ "type": "Feature", "properties": { "species": "Oenomys hypoxanthus", "decimalLon": 22.4333, "decimalLat": -5.8833, "year": "1965" }, "geometry": { "type": "Point", "coordinates": [ 22.4333, -5.8833 ] } },
{ "type": "Feature", "properties": { "species": "Oenomys hypoxanthus", "decimalLon": 29.3, "decimalLat": 0.15, "year": "1964" }, "geometry": { "type": "Point", "coordinates": [ 29.3, 0.15 ] } },
{ "type": "Feature", "properties": { "species": "Oenomys hypoxanthus", "decimalLon": 29.3, "decimalLat": 0.15, "year": "1963" }, "geometry": { "type": "Point", "coordinates": [ 29.3, 0.15 ] } },
{ "type": "Feature", "properties": { "species": "Oenomys hypoxanthus", "decimalLon": 28.1, "decimalLat": -3.0167, "year": "1963" }, "geometry": { "type": "Point", "coordinates": [ 28.1, -3.0167 ] } },
{ "type": "Feature", "properties": { "species": "Oenomys hypoxanthus", "decimalLon": 28.1333, "decimalLat": -3.35, "year": "1962" }, "geometry": { "type": "Point", "coordinates": [ 28.1333, -3.35 ] } },
{ "type": "Feature", "properties": { "species": "Oenomys hypoxanthus", "decimalLon": 28.87, "decimalLat": -2.5, "year": "1962" }, "geometry": { "type": "Point", "coordinates": [ 28.87, -2.5 ] } },
{ "type": "Feature", "properties": { "species": "Oenomys hypoxanthus", "decimalLon": 28.1, "decimalLat": -3.0167, "year": "1962" }, "geometry": { "type": "Point", "coordinates": [ 28.1, -3.0167 ] } },
{ "type": "Feature", "properties": { "species": "Oenomys hypoxanthus", "decimalLon": 19.25, "decimalLat": 3.1667, "year": "1961" }, "geometry": { "type": "Point", "coordinates": [ 19.25, 3.1667 ] } },
{ "type": "Feature", "properties": { "species": "Oenomys hypoxanthus", "decimalLon": 29.3, "decimalLat": 0.2, "year": "1961" }, "geometry": { "type": "Point", "coordinates": [ 29.3, 0.2 ] } },
{ "type": "Feature", "properties": { "species": "Oenomys hypoxanthus", "decimalLon": 28.1, "decimalLat": -3.0167, "year": "1961" }, "geometry": { "type": "Point", "coordinates": [ 28.1, -3.0167 ] } },
{ "type": "Feature", "properties": { "species": "Oenomys hypoxanthus", "decimalLon": 28.7667, "decimalLat": -2.2, "year": "1960" }, "geometry": { "type": "Point", "coordinates": [ 28.7667, -2.2 ] } },
{ "type": "Feature", "properties": { "species": "Oenomys hypoxanthus", "decimalLon": 29.7667, "decimalLat": 0.6667, "year": "1960" }, "geometry": { "type": "Point", "coordinates": [ 29.7667, 0.6667 ] } },
{ "type": "Feature", "properties": { "species": "Oenomys hypoxanthus", "decimalLon": 28.8833, "decimalLat": -2.0167, "year": "1960" }, "geometry": { "type": "Point", "coordinates": [ 28.8833, -2.0167 ] } },
{ "type": "Feature", "properties": { "species": "Oenomys hypoxanthus", "decimalLon": 28.8167, "decimalLat": -2.2167, "year": "1960" }, "geometry": { "type": "Point", "coordinates": [ 28.8167, -2.2167 ] } },
{ "type": "Feature", "properties": { "species": "Oenomys hypoxanthus", "decimalLon": 30.1167, "decimalLat": 2.0333, "year": "1960" }, "geometry": { "type": "Point", "coordinates": [ 30.1167, 2.0333 ] } },
{ "type": "Feature", "properties": { "species": "Oenomys hypoxanthus", "decimalLon": 28.8, "decimalLat": -2.2, "year": "1960" }, "geometry": { "type": "Point", "coordinates": [ 28.8, -2.2 ] } },
{ "type": "Feature", "properties": { "species": "Oenomys hypoxanthus", "decimalLon": 28.1, "decimalLat": -3.0167, "year": "1960" }, "geometry": { "type": "Point", "coordinates": [ 28.1, -3.0167 ] } },
{ "type": "Feature", "properties": { "species": "Oenomys hypoxanthus", "decimalLon": 28.7167, "decimalLat": -2.1333, "year": "1959" }, "geometry": { "type": "Point", "coordinates": [ 28.7167, -2.1333 ] } },
{ "type": "Feature", "properties": { "species": "Oenomys hypoxanthus", "decimalLon": 28.9, "decimalLat": -2.1167, "year": "1959" }, "geometry": { "type": "Point", "coordinates": [ 28.9, -2.1167 ] } },
{ "type": "Feature", "properties": { "species": "Oenomys hypoxanthus", "decimalLon": 28.8, "decimalLat": -2.2, "year": "1959" }, "geometry": { "type": "Point", "coordinates": [ 28.8, -2.2 ] } },
{ "type": "Feature", "properties": { "species": "Oenomys hypoxanthus", "decimalLon": 28.8833, "decimalLat": -2.1167, "year": "1959" }, "geometry": { "type": "Point", "coordinates": [ 28.8833, -2.1167 ] } },
{ "type": "Feature", "properties": { "species": "Oenomys hypoxanthus", "decimalLon": 28.8833, "decimalLat": -2.2, "year": "1959" }, "geometry": { "type": "Point", "coordinates": [ 28.8833, -2.2 ] } },
{ "type": "Feature", "properties": { "species": "Oenomys hypoxanthus", "decimalLon": 29.2167, "decimalLat": 0.9, "year": "1959" }, "geometry": { "type": "Point", "coordinates": [ 29.2167, 0.9 ] } },
{ "type": "Feature", "properties": { "species": "Oenomys hypoxanthus", "decimalLon": 28.8833, "decimalLat": -2.0667, "year": "1959" }, "geometry": { "type": "Point", "coordinates": [ 28.8833, -2.0667 ] } },
{ "type": "Feature", "properties": { "species": "Oenomys hypoxanthus", "decimalLon": 29.3, "decimalLat": 0.5833, "year": "1959" }, "geometry": { "type": "Point", "coordinates": [ 29.3, 0.5833 ] } },
{ "type": "Feature", "properties": { "species": "Oenomys hypoxanthus", "decimalLon": 29.7833, "decimalLat": 0.6667, "year": "1959" }, "geometry": { "type": "Point", "coordinates": [ 29.7833, 0.6667 ] } },
{ "type": "Feature", "properties": { "species": "Oenomys hypoxanthus", "decimalLon": 29.65, "decimalLat": 0.8333, "year": "1959" }, "geometry": { "type": "Point", "coordinates": [ 29.65, 0.8333 ] } },
{ "type": "Feature", "properties": { "species": "Oenomys hypoxanthus", "decimalLon": 29.7167, "decimalLat": 0.8, "year": "1959" }, "geometry": { "type": "Point", "coordinates": [ 29.7167, 0.8 ] } },
{ "type": "Feature", "properties": { "species": "Oenomys hypoxanthus", "decimalLon": 28.8833, "decimalLat": -1.95, "year": "1959" }, "geometry": { "type": "Point", "coordinates": [ 28.8833, -1.95 ] } },
{ "type": "Feature", "properties": { "species": "Oenomys hypoxanthus", "decimalLon": 28.8667, "decimalLat": -2.0333, "year": "1959" }, "geometry": { "type": "Point", "coordinates": [ 28.8667, -2.0333 ] } },
{ "type": "Feature", "properties": { "species": "Oenomys hypoxanthus", "decimalLon": 28.4667, "decimalLat": -1.8167, "year": "1959" }, "geometry": { "type": "Point", "coordinates": [ 28.4667, -1.8167 ] } },
{ "type": "Feature", "properties": { "species": "Oenomys hypoxanthus", "decimalLon": 28.4667, "decimalLat": -1.9333, "year": "1959" }, "geometry": { "type": "Point", "coordinates": [ 28.4667, -1.9333 ] } },
{ "type": "Feature", "properties": { "species": "Oenomys hypoxanthus", "decimalLon": 29.35, "decimalLat": -1.3333, "year": "1959" }, "geometry": { "type": "Point", "coordinates": [ 29.35, -1.3333 ] } },
{ "type": "Feature", "properties": { "species": "Oenomys hypoxanthus", "decimalLon": 29.35, "decimalLat": -0.0167, "year": "1958" }, "geometry": { "type": "Point", "coordinates": [ 29.35, -0.0167 ] } },
{ "type": "Feature", "properties": { "species": "Oenomys hypoxanthus", "decimalLon": 30.6, "decimalLat": 1.75, "year": "1958" }, "geometry": { "type": "Point", "coordinates": [ 30.6, 1.75 ] } },
{ "type": "Feature", "properties": { "species": "Oenomys hypoxanthus", "decimalLon": 30.5, "decimalLat": 1.9167, "year": "1958" }, "geometry": { "type": "Point", "coordinates": [ 30.5, 1.9167 ] } },
{ "type": "Feature", "properties": { "species": "Oenomys hypoxanthus", "decimalLon": 30.5, "decimalLat": 1.916667, "year": "1958" }, "geometry": { "type": "Point", "coordinates": [ 30.5, 1.916667 ] } },
{ "type": "Feature", "properties": { "species": "Oenomys hypoxanthus", "decimalLon": 29.45, "decimalLat": -1.1667, "year": "1958" }, "geometry": { "type": "Point", "coordinates": [ 29.45, -1.1667 ] } },
{ "type": "Feature", "properties": { "species": "Oenomys hypoxanthus", "decimalLon": 30.1167, "decimalLat": 1.05, "year": "1958" }, "geometry": { "type": "Point", "coordinates": [ 30.1167, 1.05 ] } },
{ "type": "Feature", "properties": { "species": "Oenomys hypoxanthus", "decimalLon": 29.65, "decimalLat": -0.4667, "year": "1958" }, "geometry": { "type": "Point", "coordinates": [ 29.65, -0.4667 ] } },
{ "type": "Feature", "properties": { "species": "Oenomys hypoxanthus", "decimalLon": 28.1, "decimalLat": -3.0167, "year": "1958" }, "geometry": { "type": "Point", "coordinates": [ 28.1, -3.0167 ] } },
{ "type": "Feature", "properties": { "species": "Oenomys hypoxanthus", "decimalLon": 29.4167, "decimalLat": -0.15, "year": "1958" }, "geometry": { "type": "Point", "coordinates": [ 29.4167, -0.15 ] } },
{ "type": "Feature", "properties": { "species": "Oenomys hypoxanthus", "decimalLon": 28.7167, "decimalLat": -2.1333, "year": "1958" }, "geometry": { "type": "Point", "coordinates": [ 28.7167, -2.1333 ] } },
{ "type": "Feature", "properties": { "species": "Oenomys hypoxanthus", "decimalLon": 28.45, "decimalLat": -1.9, "year": "1958" }, "geometry": { "type": "Point", "coordinates": [ 28.45, -1.9 ] } },
{ "type": "Feature", "properties": { "species": "Oenomys hypoxanthus", "decimalLon": 16.2333, "decimalLat": -2.15, "year": "1957" }, "geometry": { "type": "Point", "coordinates": [ 16.2333, -2.15 ] } },
{ "type": "Feature", "properties": { "species": "Oenomys hypoxanthus", "decimalLon": 27.9, "decimalLat": 0.0, "year": "1957" }, "geometry": { "type": "Point", "coordinates": [ 27.9, 0.0 ] } },
{ "type": "Feature", "properties": { "species": "Oenomys hypoxanthus", "decimalLon": 25.5167, "decimalLat": -10.6833, "year": "1957" }, "geometry": { "type": "Point", "coordinates": [ 25.5167, -10.6833 ] } },
{ "type": "Feature", "properties": { "species": "Oenomys hypoxanthus", "decimalLon": 25.4725, "decimalLat": -10.71667, "year": "1957" }, "geometry": { "type": "Point", "coordinates": [ 25.4725, -10.71667 ] } },
{ "type": "Feature", "properties": { "species": "Oenomys hypoxanthus", "decimalLon": 28.9833, "decimalLat": -3.05, "year": "1957" }, "geometry": { "type": "Point", "coordinates": [ 28.9833, -3.05 ] } },
{ "type": "Feature", "properties": { "species": "Oenomys hypoxanthus", "decimalLon": 29.45, "decimalLat": -1.1667, "year": "1957" }, "geometry": { "type": "Point", "coordinates": [ 29.45, -1.1667 ] } },
{ "type": "Feature", "properties": { "species": "Oenomys hypoxanthus", "decimalLon": 29.4, "decimalLat": -1.4167, "year": "1957" }, "geometry": { "type": "Point", "coordinates": [ 29.4, -1.4167 ] } },
{ "type": "Feature", "properties": { "species": "Oenomys hypoxanthus", "decimalLon": 28.58333, "decimalLat": 1.4, "year": "1957" }, "geometry": { "type": "Point", "coordinates": [ 28.58333, 1.4 ] } },
{ "type": "Feature", "properties": { "species": "Oenomys hypoxanthus", "decimalLon": 29.0667, "decimalLat": 0.0667, "year": "1957" }, "geometry": { "type": "Point", "coordinates": [ 29.0667, 0.0667 ] } },
{ "type": "Feature", "properties": { "species": "Oenomys hypoxanthus", "decimalLon": 29.6333, "decimalLat": 0.2, "year": "1956" }, "geometry": { "type": "Point", "coordinates": [ 29.6333, 0.2 ] } },
{ "type": "Feature", "properties": { "species": "Oenomys hypoxanthus", "decimalLon": 28.4667, "decimalLat": -3.4833, "year": "1956" }, "geometry": { "type": "Point", "coordinates": [ 28.4667, -3.4833 ] } },
{ "type": "Feature", "properties": { "species": "Oenomys hypoxanthus", "decimalLon": 27.0, "decimalLat": -5.3333, "year": "1955" }, "geometry": { "type": "Point", "coordinates": [ 27.0, -5.3333 ] } },
{ "type": "Feature", "properties": { "species": "Oenomys hypoxanthus", "decimalLon": 29.1667, "decimalLat": -1.6667, "year": "1955" }, "geometry": { "type": "Point", "coordinates": [ 29.1667, -1.6667 ] } },
{ "type": "Feature", "properties": { "species": "Oenomys hypoxanthus", "decimalLon": 29.85, "decimalLat": 1.5333, "year": "1955" }, "geometry": { "type": "Point", "coordinates": [ 29.85, 1.5333 ] } },
{ "type": "Feature", "properties": { "species": "Oenomys hypoxanthus", "decimalLon": 25.2333, "decimalLat": 0.55, "year": "1955" }, "geometry": { "type": "Point", "coordinates": [ 25.2333, 0.55 ] } },
{ "type": "Feature", "properties": { "species": "Oenomys hypoxanthus", "decimalLon": 22.3833, "decimalLat": 4.0667, "year": "1955" }, "geometry": { "type": "Point", "coordinates": [ 22.3833, 4.0667 ] } },
{ "type": "Feature", "properties": { "species": "Oenomys hypoxanthus", "decimalLon": 29.4167, "decimalLat": -0.15, "year": "1954" }, "geometry": { "type": "Point", "coordinates": [ 29.4167, -0.15 ] } },
{ "type": "Feature", "properties": { "species": "Oenomys hypoxanthus", "decimalLon": 29.75, "decimalLat": 0.3167, "year": "1954" }, "geometry": { "type": "Point", "coordinates": [ 29.75, 0.3167 ] } },
{ "type": "Feature", "properties": { "species": "Oenomys hypoxanthus", "decimalLon": 29.7667, "decimalLat": 0.3, "year": "1954" }, "geometry": { "type": "Point", "coordinates": [ 29.7667, 0.3 ] } },
{ "type": "Feature", "properties": { "species": "Oenomys hypoxanthus", "decimalLon": 29.7667, "decimalLat": 0.3833, "year": "1954" }, "geometry": { "type": "Point", "coordinates": [ 29.7667, 0.3833 ] } },
{ "type": "Feature", "properties": { "species": "Oenomys hypoxanthus", "decimalLon": 29.15, "decimalLat": 3.6667, "year": "1954" }, "geometry": { "type": "Point", "coordinates": [ 29.15, 3.6667 ] } },
{ "type": "Feature", "properties": { "species": "Oenomys hypoxanthus", "decimalLon": 29.0667, "decimalLat": 0.0667, "year": "1954" }, "geometry": { "type": "Point", "coordinates": [ 29.0667, 0.0667 ] } },
{ "type": "Feature", "properties": { "species": "Oenomys hypoxanthus", "decimalLon": 28.1, "decimalLat": -3.0167, "year": "1954" }, "geometry": { "type": "Point", "coordinates": [ 28.1, -3.0167 ] } },
{ "type": "Feature", "properties": { "species": "Oenomys hypoxanthus", "decimalLon": 28.35, "decimalLat": -3.15, "year": "1953" }, "geometry": { "type": "Point", "coordinates": [ 28.35, -3.15 ] } },
{ "type": "Feature", "properties": { "species": "Oenomys hypoxanthus", "decimalLon": 29.75, "decimalLat": 0.3167, "year": "1953" }, "geometry": { "type": "Point", "coordinates": [ 29.75, 0.3167 ] } },
{ "type": "Feature", "properties": { "species": "Oenomys hypoxanthus", "decimalLon": 29.6333, "decimalLat": 0.2, "year": "1953" }, "geometry": { "type": "Point", "coordinates": [ 29.6333, 0.2 ] } },
{ "type": "Feature", "properties": { "species": "Oenomys hypoxanthus", "decimalLon": 28.1, "decimalLat": -3.0167, "year": "1953" }, "geometry": { "type": "Point", "coordinates": [ 28.1, -3.0167 ] } },
{ "type": "Feature", "properties": { "species": "Oenomys hypoxanthus", "decimalLon": 29.8, "decimalLat": 0.5167, "year": "1953" }, "geometry": { "type": "Point", "coordinates": [ 29.8, 0.5167 ] } },
{ "type": "Feature", "properties": { "species": "Oenomys hypoxanthus", "decimalLon": 29.4167, "decimalLat": 3.9167, "year": "1952" }, "geometry": { "type": "Point", "coordinates": [ 29.4167, 3.9167 ] } },
{ "type": "Feature", "properties": { "species": "Oenomys hypoxanthus", "decimalLon": 28.8167, "decimalLat": -0.4833, "year": "1952" }, "geometry": { "type": "Point", "coordinates": [ 28.8167, -0.4833 ] } },
{ "type": "Feature", "properties": { "species": "Oenomys hypoxanthus", "decimalLon": 28.3333, "decimalLat": -3.1833, "year": "1952" }, "geometry": { "type": "Point", "coordinates": [ 28.3333, -3.1833 ] } },
{ "type": "Feature", "properties": { "species": "Oenomys hypoxanthus", "decimalLon": 29.7667, "decimalLat": 0.3833, "year": "1952" }, "geometry": { "type": "Point", "coordinates": [ 29.7667, 0.3833 ] } },
{ "type": "Feature", "properties": { "species": "Oenomys hypoxanthus", "decimalLon": 28.8667, "decimalLat": -2.5, "year": "1952" }, "geometry": { "type": "Point", "coordinates": [ 28.8667, -2.5 ] } },
{ "type": "Feature", "properties": { "species": "Oenomys hypoxanthus", "decimalLon": 29.75, "decimalLat": 0.3167, "year": "1952" }, "geometry": { "type": "Point", "coordinates": [ 29.75, 0.3167 ] } },
{ "type": "Feature", "properties": { "species": "Oenomys hypoxanthus", "decimalLon": 29.4833, "decimalLat": 3.7667, "year": "1952" }, "geometry": { "type": "Point", "coordinates": [ 29.4833, 3.7667 ] } },
{ "type": "Feature", "properties": { "species": "Oenomys hypoxanthus", "decimalLon": 30.6667, "decimalLat": 1.7333, "year": "1952" }, "geometry": { "type": "Point", "coordinates": [ 30.6667, 1.7333 ] } },
{ "type": "Feature", "properties": { "species": "Oenomys hypoxanthus", "decimalLon": 30.5333, "decimalLat": 1.5667, "year": "1952" }, "geometry": { "type": "Point", "coordinates": [ 30.5333, 1.5667 ] } },
{ "type": "Feature", "properties": { "species": "Oenomys hypoxanthus", "decimalLon": 30.6, "decimalLat": 1.65, "year": "1952" }, "geometry": { "type": "Point", "coordinates": [ 30.6, 1.65 ] } },
{ "type": "Feature", "properties": { "species": "Oenomys hypoxanthus", "decimalLon": 29.45, "decimalLat": -1.1833, "year": "1952" }, "geometry": { "type": "Point", "coordinates": [ 29.45, -1.1833 ] } },
{ "type": "Feature", "properties": { "species": "Oenomys hypoxanthus", "decimalLon": 29.6667, "decimalLat": 0.6, "year": "1952" }, "geometry": { "type": "Point", "coordinates": [ 29.6667, 0.6 ] } },
{ "type": "Feature", "properties": { "species": "Oenomys hypoxanthus", "decimalLon": 29.1667, "decimalLat": -5.95, "year": "1952" }, "geometry": { "type": "Point", "coordinates": [ 29.1667, -5.95 ] } },
{ "type": "Feature", "properties": { "species": "Oenomys hypoxanthus", "decimalLon": 28.499997, "decimalLat": 1.9999990000000001, "year": "1951" }, "geometry": { "type": "Point", "coordinates": [ 28.499997, 1.999999 ] } },
{ "type": "Feature", "properties": { "species": "Oenomys hypoxanthus", "decimalLon": 29.4167, "decimalLat": 3.9167, "year": "1951" }, "geometry": { "type": "Point", "coordinates": [ 29.4167, 3.9167 ] } },
{ "type": "Feature", "properties": { "species": "Oenomys hypoxanthus", "decimalLon": 29.5667, "decimalLat": 4.3333, "year": "1951" }, "geometry": { "type": "Point", "coordinates": [ 29.5667, 4.3333 ] } },
{ "type": "Feature", "properties": { "species": "Oenomys hypoxanthus", "decimalLon": 28.1, "decimalLat": -3.0167, "year": "1950" }, "geometry": { "type": "Point", "coordinates": [ 28.1, -3.0167 ] } },
{ "type": "Feature", "properties": { "species": "Oenomys hypoxanthus", "decimalLon": 29.3, "decimalLat": 0.15, "year": "1950" }, "geometry": { "type": "Point", "coordinates": [ 29.3, 0.15 ] } },
{ "type": "Feature", "properties": { "species": "Oenomys hypoxanthus", "decimalLon": 26.5167, "decimalLat": -8.65, "year": "1949" }, "geometry": { "type": "Point", "coordinates": [ 26.5167, -8.65 ] } },
{ "type": "Feature", "properties": { "species": "Oenomys hypoxanthus", "decimalLon": 26.516667, "decimalLat": -8.65, "year": "1949" }, "geometry": { "type": "Point", "coordinates": [ 26.516667, -8.65 ] } },
{ "type": "Feature", "properties": { "species": "Oenomys hypoxanthus", "decimalLon": 28.8167, "decimalLat": -0.4833, "year": "1949" }, "geometry": { "type": "Point", "coordinates": [ 28.8167, -0.4833 ] } },
{ "type": "Feature", "properties": { "species": "Oenomys hypoxanthus", "decimalLon": 28.4167, "decimalLat": -1.8333, "year": "1949" }, "geometry": { "type": "Point", "coordinates": [ 28.4167, -1.8333 ] } },
{ "type": "Feature", "properties": { "species": "Oenomys hypoxanthus", "decimalLon": 13.05, "decimalLat": -5.8333, "year": "1949" }, "geometry": { "type": "Point", "coordinates": [ 13.05, -5.8333 ] } },
{ "type": "Feature", "properties": { "species": "Oenomys hypoxanthus", "decimalLon": 28.7833, "decimalLat": -1.3667, "year": "1949" }, "geometry": { "type": "Point", "coordinates": [ 28.7833, -1.3667 ] } },
{ "type": "Feature", "properties": { "species": "Oenomys hypoxanthus", "decimalLon": 24.4, "decimalLat": 0.7833, "year": "1949" }, "geometry": { "type": "Point", "coordinates": [ 24.4, 0.7833 ] } },
{ "type": "Feature", "properties": { "species": "Oenomys hypoxanthus", "decimalLon": 29.25, "decimalLat": -1.6167, "year": "1949" }, "geometry": { "type": "Point", "coordinates": [ 29.25, -1.6167 ] } },
{ "type": "Feature", "properties": { "species": "Oenomys hypoxanthus", "decimalLon": 28.65, "decimalLat": -1.3, "year": "1949" }, "geometry": { "type": "Point", "coordinates": [ 28.65, -1.3 ] } },
{ "type": "Feature", "properties": { "species": "Oenomys hypoxanthus", "decimalLon": 24.45, "decimalLat": 0.7667, "year": "1948" }, "geometry": { "type": "Point", "coordinates": [ 24.45, 0.7667 ] } },
{ "type": "Feature", "properties": { "species": "Oenomys hypoxanthus", "decimalLon": 29.1333, "decimalLat": 3.6833, "year": "1948" }, "geometry": { "type": "Point", "coordinates": [ 29.1333, 3.6833 ] } },
{ "type": "Feature", "properties": { "species": "Oenomys hypoxanthus", "decimalLon": 29.75, "decimalLat": 1.9167, "year": "1948" }, "geometry": { "type": "Point", "coordinates": [ 29.75, 1.9167 ] } },
{ "type": "Feature", "properties": { "species": "Oenomys hypoxanthus", "decimalLon": 24.45, "decimalLat": 0.766667, "year": "1948" }, "geometry": { "type": "Point", "coordinates": [ 24.45, 0.766667 ] } },
{ "type": "Feature", "properties": { "species": "Oenomys hypoxanthus", "decimalLon": 29.133333, "decimalLat": 3.683333, "year": "1948" }, "geometry": { "type": "Point", "coordinates": [ 29.133333, 3.683333 ] } },
{ "type": "Feature", "properties": { "species": "Oenomys hypoxanthus", "decimalLon": 22.4167, "decimalLat": -0.75, "year": "1948" }, "geometry": { "type": "Point", "coordinates": [ 22.4167, -0.75 ] } },
{ "type": "Feature", "properties": { "species": "Oenomys hypoxanthus", "decimalLon": 29.75, "decimalLat": 1.916667, "year": "1948" }, "geometry": { "type": "Point", "coordinates": [ 29.75, 1.916667 ] } },
{ "type": "Feature", "properties": { "species": "Oenomys hypoxanthus", "decimalLon": 15.2833, "decimalLat": -4.3, "year": "1947" }, "geometry": { "type": "Point", "coordinates": [ 15.2833, -4.3 ] } },
{ "type": "Feature", "properties": { "species": "Oenomys hypoxanthus", "decimalLon": 27.2, "decimalLat": -8.9333, "year": "1947" }, "geometry": { "type": "Point", "coordinates": [ 27.2, -8.9333 ] } },
{ "type": "Feature", "properties": { "species": "Oenomys hypoxanthus", "decimalLon": 27.2, "decimalLat": -8.933333, "year": "1947" }, "geometry": { "type": "Point", "coordinates": [ 27.2, -8.933333 ] } },
{ "type": "Feature", "properties": { "species": "Oenomys hypoxanthus", "decimalLon": 24.45, "decimalLat": 0.7667, "year": "1946" }, "geometry": { "type": "Point", "coordinates": [ 24.45, 0.7667 ] } },
{ "type": "Feature", "properties": { "species": "Oenomys hypoxanthus", "decimalLon": 24.45, "decimalLat": 0.766667, "year": "1946" }, "geometry": { "type": "Point", "coordinates": [ 24.45, 0.766667 ] } },
{ "type": "Feature", "properties": { "species": "Oenomys hypoxanthus", "decimalLon": 28.8, "decimalLat": -2.3167, "year": "1941" }, "geometry": { "type": "Point", "coordinates": [ 28.8, -2.3167 ] } },
{ "type": "Feature", "properties": { "species": "Oenomys hypoxanthus", "decimalLon": 15.3, "decimalLat": -4.3, "year": "1939" }, "geometry": { "type": "Point", "coordinates": [ 15.3, -4.3 ] } },
{ "type": "Feature", "properties": { "species": "Oenomys hypoxanthus", "decimalLon": 29.05975, "decimalLat": -2.10035, "year": "1939" }, "geometry": { "type": "Point", "coordinates": [ 29.05975, -2.10035 ] } },
{ "type": "Feature", "properties": { "species": "Oenomys hypoxanthus", "decimalLon": 29.28677, "decimalLat": 1.73492, "year": "1939" }, "geometry": { "type": "Point", "coordinates": [ 29.28677, 1.73492 ] } },
{ "type": "Feature", "properties": { "species": "Oenomys hypoxanthus", "decimalLon": 30.05, "decimalLat": 1.9333, "year": "1939" }, "geometry": { "type": "Point", "coordinates": [ 30.05, 1.9333 ] } },
{ "type": "Feature", "properties": { "species": "Oenomys hypoxanthus", "decimalLon": 29.4489, "decimalLat": -1.1842, "year": "1938" }, "geometry": { "type": "Point", "coordinates": [ 29.4489, -1.1842 ] } },
{ "type": "Feature", "properties": { "species": "Oenomys hypoxanthus", "decimalLon": 15.3, "decimalLat": -4.3, "year": "1938" }, "geometry": { "type": "Point", "coordinates": [ 15.3, -4.3 ] } },
{ "type": "Feature", "properties": { "species": "Oenomys hypoxanthus", "decimalLon": 29.4804, "decimalLat": 0.81439, "year": "1938" }, "geometry": { "type": "Point", "coordinates": [ 29.4804, 0.81439 ] } },
{ "type": "Feature", "properties": { "species": "Oenomys hypoxanthus", "decimalLon": 29.45, "decimalLat": -1.1833, "year": "1937" }, "geometry": { "type": "Point", "coordinates": [ 29.45, -1.1833 ] } },
{ "type": "Feature", "properties": { "species": "Oenomys hypoxanthus", "decimalLon": 15.3, "decimalLat": -4.3, "year": "1937" }, "geometry": { "type": "Point", "coordinates": [ 15.3, -4.3 ] } },
{ "type": "Feature", "properties": { "species": "Oenomys hypoxanthus", "decimalLon": 24.8667, "decimalLat": -5.3333, "year": "1936" }, "geometry": { "type": "Point", "coordinates": [ 24.8667, -5.3333 ] } },
{ "type": "Feature", "properties": { "species": "Oenomys hypoxanthus", "decimalLon": 29.7167, "decimalLat": 0.35, "year": "1936" }, "geometry": { "type": "Point", "coordinates": [ 29.7167, 0.35 ] } },
{ "type": "Feature", "properties": { "species": "Oenomys hypoxanthus", "decimalLon": 29.35, "decimalLat": -1.4833, "year": "1934" }, "geometry": { "type": "Point", "coordinates": [ 29.35, -1.4833 ] } },
{ "type": "Feature", "properties": { "species": "Oenomys hypoxanthus", "decimalLon": 30.6667, "decimalLat": 1.7333, "year": "1929" }, "geometry": { "type": "Point", "coordinates": [ 30.6667, 1.7333 ] } },
{ "type": "Feature", "properties": { "species": "Oenomys hypoxanthus", "decimalLon": 25.2333, "decimalLat": 0.55, "year": "1928" }, "geometry": { "type": "Point", "coordinates": [ 25.2333, 0.55 ] } },
{ "type": "Feature", "properties": { "species": "Oenomys hypoxanthus", "decimalLon": 24.5667, "decimalLat": 2.85, "year": "1925" }, "geometry": { "type": "Point", "coordinates": [ 24.5667, 2.85 ] } },
{ "type": "Feature", "properties": { "species": "Oenomys hypoxanthus", "decimalLon": 24.8333, "decimalLat": 2.7833, "year": "1925" }, "geometry": { "type": "Point", "coordinates": [ 24.8333, 2.7833 ] } },
{ "type": "Feature", "properties": { "species": "Oenomys hypoxanthus", "decimalLon": 29.466669, "decimalLat": 0.5, "year": "1925" }, "geometry": { "type": "Point", "coordinates": [ 29.466669, 0.5 ] } },
{ "type": "Feature", "properties": { "species": "Oenomys hypoxanthus", "decimalLon": 23.3333, "decimalLat": -1.0, "year": "1925" }, "geometry": { "type": "Point", "coordinates": [ 23.3333, -1.0 ] } },
{ "type": "Feature", "properties": { "species": "Oenomys hypoxanthus", "decimalLon": 27.3, "decimalLat": 2.4167, "year": "1925" }, "geometry": { "type": "Point", "coordinates": [ 27.3, 2.4167 ] } },
{ "type": "Feature", "properties": { "species": "Oenomys hypoxanthus", "decimalLon": 26.3833, "decimalLat": 1.8667, "year": "1925" }, "geometry": { "type": "Point", "coordinates": [ 26.3833, 1.8667 ] } },
{ "type": "Feature", "properties": { "species": "Oenomys hypoxanthus", "decimalLon": 22.9, "decimalLat": -4.5333, "year": "1924" }, "geometry": { "type": "Point", "coordinates": [ 22.9, -4.5333 ] } },
{ "type": "Feature", "properties": { "species": "Oenomys hypoxanthus", "decimalLon": 23.25, "decimalLat": -4.9167, "year": "1923" }, "geometry": { "type": "Point", "coordinates": [ 23.25, -4.9167 ] } },
{ "type": "Feature", "properties": { "species": "Oenomys hypoxanthus", "decimalLon": 13.0333, "decimalLat": -5.55, "year": "1922" }, "geometry": { "type": "Point", "coordinates": [ 13.0333, -5.55 ] } },
{ "type": "Feature", "properties": { "species": "Oenomys hypoxanthus", "decimalLon": 22.4333, "decimalLat": -5.8833, "year": "1922" }, "geometry": { "type": "Point", "coordinates": [ 22.4333, -5.8833 ] } },
{ "type": "Feature", "properties": { "species": "Oenomys hypoxanthus", "decimalLon": 16.4333, "decimalLat": -2.1, "year": "1922" }, "geometry": { "type": "Point", "coordinates": [ 16.4333, -2.1 ] } },
{ "type": "Feature", "properties": { "species": "Oenomys hypoxanthus", "decimalLon": 18.3, "decimalLat": 0.0667, "year": "1921" }, "geometry": { "type": "Point", "coordinates": [ 18.3, 0.0667 ] } },
{ "type": "Feature", "properties": { "species": "Oenomys hypoxanthus", "decimalLon": 29.373, "decimalLat": -1.413, "year": "1921" }, "geometry": { "type": "Point", "coordinates": [ 29.373, -1.413 ] } },
{ "type": "Feature", "properties": { "species": "Oenomys hypoxanthus", "decimalLon": 29.65, "decimalLat": 0.71666, "year": "1921" }, "geometry": { "type": "Point", "coordinates": [ 29.65, 0.71666 ] } },
{ "type": "Feature", "properties": { "species": "Oenomys hypoxanthus", "decimalLon": 29.83333, "decimalLat": 0.83333, "year": "1921" }, "geometry": { "type": "Point", "coordinates": [ 29.83333, 0.83333 ] } },
{ "type": "Feature", "properties": { "species": "Oenomys hypoxanthus", "decimalLon": 29.4, "decimalLat": -1.2333, "year": "1921" }, "geometry": { "type": "Point", "coordinates": [ 29.4, -1.2333 ] } },
{ "type": "Feature", "properties": { "species": "Oenomys hypoxanthus", "decimalLon": 28.26, "decimalLat": 1.58, "year": "1921" }, "geometry": { "type": "Point", "coordinates": [ 28.26, 1.58 ] } },
{ "type": "Feature", "properties": { "species": "Oenomys hypoxanthus", "decimalLon": 29.88, "decimalLat": 1.45, "year": "1921" }, "geometry": { "type": "Point", "coordinates": [ 29.88, 1.45 ] } },
{ "type": "Feature", "properties": { "species": "Oenomys hypoxanthus", "decimalLon": 21.55, "decimalLat": -5.3333, "year": "1921" }, "geometry": { "type": "Point", "coordinates": [ 21.55, -5.3333 ] } },
{ "type": "Feature", "properties": { "species": "Oenomys hypoxanthus", "decimalLon": 12.9, "decimalLat": -4.7833, "year": "1920" }, "geometry": { "type": "Point", "coordinates": [ 12.9, -4.7833 ] } },
{ "type": "Feature", "properties": { "species": "Oenomys hypoxanthus", "decimalLon": 28.81333, "decimalLat": -1.39888, "year": "1914" }, "geometry": { "type": "Point", "coordinates": [ 28.81333, -1.39888 ] } },
{ "type": "Feature", "properties": { "species": "Oenomys hypoxanthus", "decimalLon": 27.3, "decimalLat": 2.4167, "year": "1914" }, "geometry": { "type": "Point", "coordinates": [ 27.3, 2.4167 ] } },
{ "type": "Feature", "properties": { "species": "Oenomys hypoxanthus", "decimalLon": 26.9667, "decimalLat": 3.1333, "year": "1914" }, "geometry": { "type": "Point", "coordinates": [ 26.9667, 3.1333 ] } },
{ "type": "Feature", "properties": { "species": "Oenomys hypoxanthus", "decimalLon": 27.5667, "decimalLat": 0.8667, "year": "1913" }, "geometry": { "type": "Point", "coordinates": [ 27.5667, 0.8667 ] } },
{ "type": "Feature", "properties": { "species": "Oenomys hypoxanthus", "decimalLon": 29.5, "decimalLat": 0.65, "year": "1913" }, "geometry": { "type": "Point", "coordinates": [ 29.5, 0.65 ] } },
{ "type": "Feature", "properties": { "species": "Oenomys hypoxanthus", "decimalLon": 29.8, "decimalLat": 0.75, "year": "1913" }, "geometry": { "type": "Point", "coordinates": [ 29.8, 0.75 ] } },
{ "type": "Feature", "properties": { "species": "Oenomys hypoxanthus", "decimalLon": 29.3833, "decimalLat": 0.5667, "year": "1913" }, "geometry": { "type": "Point", "coordinates": [ 29.3833, 0.5667 ] } },
{ "type": "Feature", "properties": { "species": "Oenomys hypoxanthus", "decimalLon": 24.5667, "decimalLat": 1.2833, "year": "1913" }, "geometry": { "type": "Point", "coordinates": [ 24.5667, 1.2833 ] } },
{ "type": "Feature", "properties": { "species": "Oenomys hypoxanthus", "decimalLon": 29.5, "decimalLat": 0.3333, "year": "1913" }, "geometry": { "type": "Point", "coordinates": [ 29.5, 0.3333 ] } },
{ "type": "Feature", "properties": { "species": "Oenomys hypoxanthus", "decimalLon": 27.7333, "decimalLat": 0.55, "year": "1913" }, "geometry": { "type": "Point", "coordinates": [ 27.7333, 0.55 ] } },
{ "type": "Feature", "properties": { "species": "Oenomys hypoxanthus", "decimalLon": 21.05, "decimalLat": 1.5, "year": "1912" }, "geometry": { "type": "Point", "coordinates": [ 21.05, 1.5 ] } },
{ "type": "Feature", "properties": { "species": "Oenomys hypoxanthus", "decimalLon": 22.4333, "decimalLat": -5.8833, "year": "1912" }, "geometry": { "type": "Point", "coordinates": [ 22.4333, -5.8833 ] } },
{ "type": "Feature", "properties": { "species": "Oenomys hypoxanthus", "decimalLon": 15.3, "decimalLat": -4.3, "year": "1912" }, "geometry": { "type": "Point", "coordinates": [ 15.3, -4.3 ] } },
{ "type": "Feature", "properties": { "species": "Oenomys hypoxanthus", "decimalLon": 27.2, "decimalLat": 1.15, "year": "1912" }, "geometry": { "type": "Point", "coordinates": [ 27.2, 1.15 ] } },
{ "type": "Feature", "properties": { "species": "Oenomys hypoxanthus", "decimalLon": 27.35, "decimalLat": 0.7167, "year": "1912" }, "geometry": { "type": "Point", "coordinates": [ 27.35, 0.7167 ] } },
{ "type": "Feature", "properties": { "species": "Oenomys hypoxanthus", "decimalLon": 27.5833, "decimalLat": 1.3, "year": "1912" }, "geometry": { "type": "Point", "coordinates": [ 27.5833, 1.3 ] } },
{ "type": "Feature", "properties": { "species": "Oenomys hypoxanthus", "decimalLon": 27.5667, "decimalLat": 0.8667, "year": "1912" }, "geometry": { "type": "Point", "coordinates": [ 27.5667, 0.8667 ] } },
{ "type": "Feature", "properties": { "species": "Oenomys hypoxanthus", "decimalLon": 27.7333, "decimalLat": 0.55, "year": "1912" }, "geometry": { "type": "Point", "coordinates": [ 27.7333, 0.55 ] } },
{ "type": "Feature", "properties": { "species": "Oenomys hypoxanthus", "decimalLon": 29.716694, "decimalLat": 3.733333, "year": "1911" }, "geometry": { "type": "Point", "coordinates": [ 29.716694, 3.733333 ] } },
{ "type": "Feature", "properties": { "species": "Oenomys hypoxanthus", "decimalLon": 27.866694, "decimalLat": 3.7, "year": "1910" }, "geometry": { "type": "Point", "coordinates": [ 27.866694, 3.7 ] } },
{ "type": "Feature", "properties": { "species": "Oenomys hypoxanthus", "decimalLon": 25.2333, "decimalLat": 0.55, "year": "1909" }, "geometry": { "type": "Point", "coordinates": [ 25.2333, 0.55 ] } },
{ "type": "Feature", "properties": { "species": "Oenomys hypoxanthus", "decimalLon": 27.5833, "decimalLat": 1.3, "year": "1909" }, "geometry": { "type": "Point", "coordinates": [ 27.5833, 1.3 ] } },
{ "type": "Feature", "properties": { "species": "Oenomys hypoxanthus", "decimalLon": 13.6667, "decimalLat": -5.7, "year": "NA" }, "geometry": { "type": "Point", "coordinates": [ 13.6667, -5.7 ] } },
{ "type": "Feature", "properties": { "species": "Oenomys hypoxanthus", "decimalLon": 27.5833, "decimalLat": 1.3, "year": "NA" }, "geometry": { "type": "Point", "coordinates": [ 27.5833, 1.3 ] } },
{ "type": "Feature", "properties": { "species": "Oenomys hypoxanthus", "decimalLon": 27.2, "decimalLat": 1.15, "year": "NA" }, "geometry": { "type": "Point", "coordinates": [ 27.2, 1.15 ] } },
{ "type": "Feature", "properties": { "species": "Oenomys hypoxanthus", "decimalLon": 25.7, "decimalLat": 0.5, "year": "NA" }, "geometry": { "type": "Point", "coordinates": [ 25.7, 0.5 ] } },
{ "type": "Feature", "properties": { "species": "Oenomys hypoxanthus", "decimalLon": 27.35, "decimalLat": 0.7167, "year": "NA" }, "geometry": { "type": "Point", "coordinates": [ 27.35, 0.7167 ] } },
{ "type": "Feature", "properties": { "species": "Oenomys hypoxanthus", "decimalLon": 22.4333, "decimalLat": -5.8833, "year": "NA" }, "geometry": { "type": "Point", "coordinates": [ 22.4333, -5.8833 ] } },
{ "type": "Feature", "properties": { "species": "Oenomys hypoxanthus", "decimalLon": 29.4833, "decimalLat": 0.4833, "year": "NA" }, "geometry": { "type": "Point", "coordinates": [ 29.4833, 0.4833 ] } },
{ "type": "Feature", "properties": { "species": "Oenomys hypoxanthus", "decimalLon": 26.9667, "decimalLat": 3.1333, "year": "NA" }, "geometry": { "type": "Point", "coordinates": [ 26.9667, 3.1333 ] } },
{ "type": "Feature", "properties": { "species": "Oenomys hypoxanthus", "decimalLon": 23.65, "decimalLat": 1.15, "year": "NA" }, "geometry": { "type": "Point", "coordinates": [ 23.65, 1.15 ] } },
{ "type": "Feature", "properties": { "species": "Oenomys hypoxanthus", "decimalLon": 16.4333, "decimalLat": -2.1, "year": "NA" }, "geometry": { "type": "Point", "coordinates": [ 16.4333, -2.1 ] } },
{ "type": "Feature", "properties": { "species": "Oenomys hypoxanthus", "decimalLon": 30.5333, "decimalLat": 1.9167, "year": "NA" }, "geometry": { "type": "Point", "coordinates": [ 30.5333, 1.9167 ] } },
{ "type": "Feature", "properties": { "species": "Oenomys hypoxanthus", "decimalLon": 25.2333, "decimalLat": 0.55, "year": "NA" }, "geometry": { "type": "Point", "coordinates": [ 25.2333, 0.55 ] } },
{ "type": "Feature", "properties": { "species": "Oenomys hypoxanthus", "decimalLon": 30.6667, "decimalLat": 1.7333, "year": "NA" }, "geometry": { "type": "Point", "coordinates": [ 30.6667, 1.7333 ] } },
{ "type": "Feature", "properties": { "species": "Oenomys hypoxanthus", "decimalLon": 15.3, "decimalLat": -4.3, "year": "NA" }, "geometry": { "type": "Point", "coordinates": [ 15.3, -4.3 ] } },
{ "type": "Feature", "properties": { "species": "Oenomys hypoxanthus", "decimalLon": 17.3333, "decimalLat": -7.7, "year": "NA" }, "geometry": { "type": "Point", "coordinates": [ 17.3333, -7.7 ] } },
{ "type": "Feature", "properties": { "species": "Oenomys hypoxanthus", "decimalLon": 22.4167, "decimalLat": -0.75, "year": "NA" }, "geometry": { "type": "Point", "coordinates": [ 22.4167, -0.75 ] } },
{ "type": "Feature", "properties": { "species": "Oenomys hypoxanthus", "decimalLon": 29.3, "decimalLat": 0.15, "year": "NA" }, "geometry": { "type": "Point", "coordinates": [ 29.3, 0.15 ] } },
{ "type": "Feature", "properties": { "species": "Oenomys hypoxanthus", "decimalLon": 23.6167, "decimalLat": 2.6333, "year": "NA" }, "geometry": { "type": "Point", "coordinates": [ 23.6167, 2.6333 ] } },
{ "type": "Feature", "properties": { "species": "Oenomys hypoxanthus", "decimalLon": 18.4, "decimalLat": 0.0167, "year": "NA" }, "geometry": { "type": "Point", "coordinates": [ 18.4, 0.0167 ] } },
{ "type": "Feature", "properties": { "species": "Oenomys hypoxanthus", "decimalLon": 28.4667, "decimalLat": -1.9333, "year": "NA" }, "geometry": { "type": "Point", "coordinates": [ 28.4667, -1.9333 ] } },
{ "type": "Feature", "properties": { "species": "Oenomys hypoxanthus", "decimalLon": 23.0833, "decimalLat": -1.1333, "year": "NA" }, "geometry": { "type": "Point", "coordinates": [ 23.0833, -1.1333 ] } },
{ "type": "Feature", "properties": { "species": "Oenomys hypoxanthus", "decimalLon": 25.5167, "decimalLat": -10.6833, "year": "NA" }, "geometry": { "type": "Point", "coordinates": [ 25.5167, -10.6833 ] } },
{ "type": "Feature", "properties": { "species": "Oenomys hypoxanthus", "decimalLon": 29.85, "decimalLat": 1.5333, "year": "NA" }, "geometry": { "type": "Point", "coordinates": [ 29.85, 1.5333 ] } },
{ "type": "Feature", "properties": { "species": "Oenomys hypoxanthus", "decimalLon": 28.7833, "decimalLat": -2.2333, "year": "NA" }, "geometry": { "type": "Point", "coordinates": [ 28.7833, -2.2333 ] } },
{ "type": "Feature", "properties": { "species": "Malacomys longipes", "decimalLon": 27.523347, "decimalLat": -1.262283, "year": "2024" }, "geometry": { "type": "Point", "coordinates": [ 27.523347, -1.262283 ] } },
{ "type": "Feature", "properties": { "species": "Malacomys longipes", "decimalLon": 24.03857, "decimalLat": 3.32292, "year": "2022" }, "geometry": { "type": "Point", "coordinates": [ 24.03857, 3.32292 ] } },
{ "type": "Feature", "properties": { "species": "Malacomys longipes", "decimalLon": 24.04587, "decimalLat": 3.31755, "year": "2022" }, "geometry": { "type": "Point", "coordinates": [ 24.04587, 3.31755 ] } },
{ "type": "Feature", "properties": { "species": "Malacomys longipes", "decimalLon": 24.06646, "decimalLat": 3.32952, "year": "2022" }, "geometry": { "type": "Point", "coordinates": [ 24.06646, 3.32952 ] } },
{ "type": "Feature", "properties": { "species": "Malacomys longipes", "decimalLon": 20.52058, "decimalLat": -0.70543, "year": "2021" }, "geometry": { "type": "Point", "coordinates": [ 20.52058, -0.70543 ] } },
{ "type": "Feature", "properties": { "species": "Malacomys longipes", "decimalLon": 20.530244, "decimalLat": -0.713872, "year": "2021" }, "geometry": { "type": "Point", "coordinates": [ 20.530244, -0.713872 ] } },
{ "type": "Feature", "properties": { "species": "Malacomys longipes", "decimalLon": 23.47, "decimalLat": 3.39, "year": "2017" }, "geometry": { "type": "Point", "coordinates": [ 23.47, 3.39 ] } },
{ "type": "Feature", "properties": { "species": "Malacomys longipes", "decimalLon": 24.491947, "decimalLat": 0.799228, "year": "2015" }, "geometry": { "type": "Point", "coordinates": [ 24.491947, 0.799228 ] } },
{ "type": "Feature", "properties": { "species": "Malacomys longipes", "decimalLon": 28.72217, "decimalLat": -2.40284, "year": "2015" }, "geometry": { "type": "Point", "coordinates": [ 28.72217, -2.40284 ] } },
{ "type": "Feature", "properties": { "species": "Malacomys longipes", "decimalLon": 28.77648, "decimalLat": -2.21592, "year": "2015" }, "geometry": { "type": "Point", "coordinates": [ 28.77648, -2.21592 ] } },
{ "type": "Feature", "properties": { "species": "Malacomys longipes", "decimalLon": 28.66512, "decimalLat": -2.27386, "year": "2014" }, "geometry": { "type": "Point", "coordinates": [ 28.66512, -2.27386 ] } },
{ "type": "Feature", "properties": { "species": "Malacomys longipes", "decimalLon": 20.92603, "decimalLat": 0.16764, "year": "2013" }, "geometry": { "type": "Point", "coordinates": [ 20.92603, 0.16764 ] } },
{ "type": "Feature", "properties": { "species": "Malacomys longipes", "decimalLon": 20.8833, "decimalLat": 0.24128, "year": "2012" }, "geometry": { "type": "Point", "coordinates": [ 20.8833, 0.24128 ] } },
{ "type": "Feature", "properties": { "species": "Malacomys longipes", "decimalLon": 29.10184, "decimalLat": -5.24097, "year": "2012" }, "geometry": { "type": "Point", "coordinates": [ 29.10184, -5.24097 ] } },
{ "type": "Feature", "properties": { "species": "Malacomys longipes", "decimalLon": 28.65881, "decimalLat": -2.88408, "year": "2010" }, "geometry": { "type": "Point", "coordinates": [ 28.65881, -2.88408 ] } },
{ "type": "Feature", "properties": { "species": "Malacomys longipes", "decimalLon": 25.21578, "decimalLat": -2.67371, "year": "2009" }, "geometry": { "type": "Point", "coordinates": [ 25.21578, -2.67371 ] } },
{ "type": "Feature", "properties": { "species": "Malacomys longipes", "decimalLon": 28.6853, "decimalLat": -3.3633, "year": "2006" }, "geometry": { "type": "Point", "coordinates": [ 28.6853, -3.3633 ] } },
{ "type": "Feature", "properties": { "species": "Malacomys longipes", "decimalLon": 25.217, "decimalLat": 0.6, "year": "2001" }, "geometry": { "type": "Point", "coordinates": [ 25.217, 0.6 ] } },
{ "type": "Feature", "properties": { "species": "Malacomys longipes", "decimalLon": 28.583332, "decimalLat": 1.383333, "year": "1993" }, "geometry": { "type": "Point", "coordinates": [ 28.583332, 1.383333 ] } },
{ "type": "Feature", "properties": { "species": "Malacomys longipes", "decimalLon": 28.633333, "decimalLat": 1.55, "year": "1993" }, "geometry": { "type": "Point", "coordinates": [ 28.633333, 1.55 ] } },
{ "type": "Feature", "properties": { "species": "Malacomys longipes", "decimalLon": 28.56666, "decimalLat": 1.4, "year": "1993" }, "geometry": { "type": "Point", "coordinates": [ 28.56666, 1.4 ] } },
{ "type": "Feature", "properties": { "species": "Malacomys longipes", "decimalLon": 28.633333, "decimalLat": 1.316666, "year": "1993" }, "geometry": { "type": "Point", "coordinates": [ 28.633333, 1.316666 ] } },
{ "type": "Feature", "properties": { "species": "Malacomys longipes", "decimalLon": 28.616659, "decimalLat": 1.4, "year": "1993" }, "geometry": { "type": "Point", "coordinates": [ 28.616659, 1.4 ] } },
{ "type": "Feature", "properties": { "species": "Malacomys longipes", "decimalLon": 28.5833, "decimalLat": -1.4166, "year": "1991" }, "geometry": { "type": "Point", "coordinates": [ 28.5833, -1.4166 ] } },
{ "type": "Feature", "properties": { "species": "Malacomys longipes", "decimalLon": 20.3333, "decimalLat": -1.35, "year": "1988" }, "geometry": { "type": "Point", "coordinates": [ 20.3333, -1.35 ] } },
{ "type": "Feature", "properties": { "species": "Malacomys longipes", "decimalLon": 25.2167, "decimalLat": 0.6, "year": "1987" }, "geometry": { "type": "Point", "coordinates": [ 25.2167, 0.6 ] } },
{ "type": "Feature", "properties": { "species": "Malacomys longipes", "decimalLon": 25.2167, "decimalLat": 0.6, "year": "1986" }, "geometry": { "type": "Point", "coordinates": [ 25.2167, 0.6 ] } },
{ "type": "Feature", "properties": { "species": "Malacomys longipes", "decimalLon": 25.2167, "decimalLat": 0.6, "year": "1985" }, "geometry": { "type": "Point", "coordinates": [ 25.2167, 0.6 ] } },
{ "type": "Feature", "properties": { "species": "Malacomys longipes", "decimalLon": 24.8333, "decimalLat": 0.25, "year": "1985" }, "geometry": { "type": "Point", "coordinates": [ 24.8333, 0.25 ] } },
{ "type": "Feature", "properties": { "species": "Malacomys longipes", "decimalLon": 25.5, "decimalLat": 0.5, "year": "1985" }, "geometry": { "type": "Point", "coordinates": [ 25.5, 0.5 ] } },
{ "type": "Feature", "properties": { "species": "Malacomys longipes", "decimalLon": 24.6667, "decimalLat": 0.75, "year": "1985" }, "geometry": { "type": "Point", "coordinates": [ 24.6667, 0.75 ] } },
{ "type": "Feature", "properties": { "species": "Malacomys longipes", "decimalLon": 25.75, "decimalLat": -0.25, "year": "1985" }, "geometry": { "type": "Point", "coordinates": [ 25.75, -0.25 ] } },
{ "type": "Feature", "properties": { "species": "Malacomys longipes", "decimalLon": 25.75, "decimalLat": -0.25, "year": "1984" }, "geometry": { "type": "Point", "coordinates": [ 25.75, -0.25 ] } },
{ "type": "Feature", "properties": { "species": "Malacomys longipes", "decimalLon": 25.6667, "decimalLat": 0.25, "year": "1984" }, "geometry": { "type": "Point", "coordinates": [ 25.6667, 0.25 ] } },
{ "type": "Feature", "properties": { "species": "Malacomys longipes", "decimalLon": 26.1667, "decimalLat": 0.75, "year": "1984" }, "geometry": { "type": "Point", "coordinates": [ 26.1667, 0.75 ] } },
{ "type": "Feature", "properties": { "species": "Malacomys longipes", "decimalLon": 25.5, "decimalLat": 0.5, "year": "1984" }, "geometry": { "type": "Point", "coordinates": [ 25.5, 0.5 ] } },
{ "type": "Feature", "properties": { "species": "Malacomys longipes", "decimalLon": 24.8333, "decimalLat": 0.25, "year": "1984" }, "geometry": { "type": "Point", "coordinates": [ 24.8333, 0.25 ] } },
{ "type": "Feature", "properties": { "species": "Malacomys longipes", "decimalLon": 24.6667, "decimalLat": 0.75, "year": "1984" }, "geometry": { "type": "Point", "coordinates": [ 24.6667, 0.75 ] } },
{ "type": "Feature", "properties": { "species": "Malacomys longipes", "decimalLon": 25.2833, "decimalLat": -0.0667, "year": "1984" }, "geometry": { "type": "Point", "coordinates": [ 25.2833, -0.0667 ] } },
{ "type": "Feature", "properties": { "species": "Malacomys longipes", "decimalLon": 25.25, "decimalLat": 0.8333, "year": "1984" }, "geometry": { "type": "Point", "coordinates": [ 25.25, 0.8333 ] } },
{ "type": "Feature", "properties": { "species": "Malacomys longipes", "decimalLon": 25.2833, "decimalLat": -0.0667, "year": "1983" }, "geometry": { "type": "Point", "coordinates": [ 25.2833, -0.0667 ] } },
{ "type": "Feature", "properties": { "species": "Malacomys longipes", "decimalLon": 24.8333, "decimalLat": 0.25, "year": "1983" }, "geometry": { "type": "Point", "coordinates": [ 24.8333, 0.25 ] } },
{ "type": "Feature", "properties": { "species": "Malacomys longipes", "decimalLon": 22.35, "decimalLat": -5.3667, "year": "1983" }, "geometry": { "type": "Point", "coordinates": [ 22.35, -5.3667 ] } },
{ "type": "Feature", "properties": { "species": "Malacomys longipes", "decimalLon": 24.6667, "decimalLat": 0.75, "year": "1983" }, "geometry": { "type": "Point", "coordinates": [ 24.6667, 0.75 ] } },
{ "type": "Feature", "properties": { "species": "Malacomys longipes", "decimalLon": 25.5, "decimalLat": 0.5, "year": "1983" }, "geometry": { "type": "Point", "coordinates": [ 25.5, 0.5 ] } },
{ "type": "Feature", "properties": { "species": "Malacomys longipes", "decimalLon": 25.6667, "decimalLat": 0.25, "year": "1983" }, "geometry": { "type": "Point", "coordinates": [ 25.6667, 0.25 ] } },
{ "type": "Feature", "properties": { "species": "Malacomys longipes", "decimalLon": 26.0, "decimalLat": 0.6667, "year": "1983" }, "geometry": { "type": "Point", "coordinates": [ 26.0, 0.6667 ] } },
{ "type": "Feature", "properties": { "species": "Malacomys longipes", "decimalLon": 25.2, "decimalLat": 0.5, "year": "1982" }, "geometry": { "type": "Point", "coordinates": [ 25.2, 0.5 ] } },
{ "type": "Feature", "properties": { "species": "Malacomys longipes", "decimalLon": 25.2, "decimalLat": 0.5, "year": "1981" }, "geometry": { "type": "Point", "coordinates": [ 25.2, 0.5 ] } },
{ "type": "Feature", "properties": { "species": "Malacomys longipes", "decimalLon": 21.85, "decimalLat": 2.58, "year": "1979" }, "geometry": { "type": "Point", "coordinates": [ 21.85, 2.58 ] } },
{ "type": "Feature", "properties": { "species": "Malacomys longipes", "decimalLon": 19.35, "decimalLat": 3.03, "year": "1979" }, "geometry": { "type": "Point", "coordinates": [ 19.35, 3.03 ] } },
{ "type": "Feature", "properties": { "species": "Malacomys longipes", "decimalLon": 27.583333, "decimalLat": 1.333333, "year": "1974" }, "geometry": { "type": "Point", "coordinates": [ 27.583333, 1.333333 ] } },
{ "type": "Feature", "properties": { "species": "Malacomys longipes", "decimalLon": 28.1, "decimalLat": -3.0167, "year": "1973" }, "geometry": { "type": "Point", "coordinates": [ 28.1, -3.0167 ] } },
{ "type": "Feature", "properties": { "species": "Malacomys longipes", "decimalLon": 28.1, "decimalLat": -3.0167, "year": "1972" }, "geometry": { "type": "Point", "coordinates": [ 28.1, -3.0167 ] } },
{ "type": "Feature", "properties": { "species": "Malacomys longipes", "decimalLon": 28.55, "decimalLat": -2.4, "year": "1970" }, "geometry": { "type": "Point", "coordinates": [ 28.55, -2.4 ] } },
{ "type": "Feature", "properties": { "species": "Malacomys longipes", "decimalLon": 28.0167, "decimalLat": -2.6, "year": "1968" }, "geometry": { "type": "Point", "coordinates": [ 28.0167, -2.6 ] } },
{ "type": "Feature", "properties": { "species": "Malacomys longipes", "decimalLon": 28.17, "decimalLat": -1.67, "year": "1967" }, "geometry": { "type": "Point", "coordinates": [ 28.17, -1.67 ] } },
{ "type": "Feature", "properties": { "species": "Malacomys longipes", "decimalLon": 28.1, "decimalLat": -3.0167, "year": "1966" }, "geometry": { "type": "Point", "coordinates": [ 28.1, -3.0167 ] } },
{ "type": "Feature", "properties": { "species": "Malacomys longipes", "decimalLon": 29.2167, "decimalLat": 0.9, "year": "1964" }, "geometry": { "type": "Point", "coordinates": [ 29.2167, 0.9 ] } },
{ "type": "Feature", "properties": { "species": "Malacomys longipes", "decimalLon": 28.1, "decimalLat": -3.0167, "year": "1964" }, "geometry": { "type": "Point", "coordinates": [ 28.1, -3.0167 ] } },
{ "type": "Feature", "properties": { "species": "Malacomys longipes", "decimalLon": 26.1167, "decimalLat": -2.65, "year": "1963" }, "geometry": { "type": "Point", "coordinates": [ 26.1167, -2.65 ] } },
{ "type": "Feature", "properties": { "species": "Malacomys longipes", "decimalLon": 26.1167, "decimalLat": -2.6333, "year": "1963" }, "geometry": { "type": "Point", "coordinates": [ 26.1167, -2.6333 ] } },
{ "type": "Feature", "properties": { "species": "Malacomys longipes", "decimalLon": 28.1333, "decimalLat": -3.35, "year": "1962" }, "geometry": { "type": "Point", "coordinates": [ 28.1333, -3.35 ] } },
{ "type": "Feature", "properties": { "species": "Malacomys longipes", "decimalLon": 29.3, "decimalLat": 0.2, "year": "1961" }, "geometry": { "type": "Point", "coordinates": [ 29.3, 0.2 ] } },
{ "type": "Feature", "properties": { "species": "Malacomys longipes", "decimalLon": 13.45, "decimalLat": -5.8167, "year": "1961" }, "geometry": { "type": "Point", "coordinates": [ 13.45, -5.8167 ] } },
{ "type": "Feature", "properties": { "species": "Malacomys longipes", "decimalLon": 28.3333, "decimalLat": -3.1833, "year": "1961" }, "geometry": { "type": "Point", "coordinates": [ 28.3333, -3.1833 ] } },
{ "type": "Feature", "properties": { "species": "Malacomys longipes", "decimalLon": 28.3, "decimalLat": -2.4167, "year": "1960" }, "geometry": { "type": "Point", "coordinates": [ 28.3, -2.4167 ] } },
{ "type": "Feature", "properties": { "species": "Malacomys longipes", "decimalLon": 28.8833, "decimalLat": -2.0167, "year": "1960" }, "geometry": { "type": "Point", "coordinates": [ 28.8833, -2.0167 ] } },
{ "type": "Feature", "properties": { "species": "Malacomys longipes", "decimalLon": 28.45, "decimalLat": -1.9, "year": "1960" }, "geometry": { "type": "Point", "coordinates": [ 28.45, -1.9 ] } },
{ "type": "Feature", "properties": { "species": "Malacomys longipes", "decimalLon": 28.1333, "decimalLat": -3.35, "year": "1960" }, "geometry": { "type": "Point", "coordinates": [ 28.1333, -3.35 ] } },
{ "type": "Feature", "properties": { "species": "Malacomys longipes", "decimalLon": 29.3, "decimalLat": 0.2, "year": "1960" }, "geometry": { "type": "Point", "coordinates": [ 29.3, 0.2 ] } },
{ "type": "Feature", "properties": { "species": "Malacomys longipes", "decimalLon": 28.8667, "decimalLat": -2.1333, "year": "1959" }, "geometry": { "type": "Point", "coordinates": [ 28.8667, -2.1333 ] } },
{ "type": "Feature", "properties": { "species": "Malacomys longipes", "decimalLon": 28.6, "decimalLat": -2.3, "year": "1959" }, "geometry": { "type": "Point", "coordinates": [ 28.6, -2.3 ] } },
{ "type": "Feature", "properties": { "species": "Malacomys longipes", "decimalLon": 28.8667, "decimalLat": -2.0333, "year": "1959" }, "geometry": { "type": "Point", "coordinates": [ 28.8667, -2.0333 ] } },
{ "type": "Feature", "properties": { "species": "Malacomys longipes", "decimalLon": 28.45, "decimalLat": -1.9, "year": "1959" }, "geometry": { "type": "Point", "coordinates": [ 28.45, -1.9 ] } },
{ "type": "Feature", "properties": { "species": "Malacomys longipes", "decimalLon": 28.4667, "decimalLat": -1.9333, "year": "1959" }, "geometry": { "type": "Point", "coordinates": [ 28.4667, -1.9333 ] } },
{ "type": "Feature", "properties": { "species": "Malacomys longipes", "decimalLon": 28.45, "decimalLat": -1.9, "year": "1958" }, "geometry": { "type": "Point", "coordinates": [ 28.45, -1.9 ] } },
{ "type": "Feature", "properties": { "species": "Malacomys longipes", "decimalLon": 28.7167, "decimalLat": -2.1333, "year": "1958" }, "geometry": { "type": "Point", "coordinates": [ 28.7167, -2.1333 ] } },
{ "type": "Feature", "properties": { "species": "Malacomys longipes", "decimalLon": 29.75, "decimalLat": 0.5167, "year": "1958" }, "geometry": { "type": "Point", "coordinates": [ 29.75, 0.5167 ] } },
{ "type": "Feature", "properties": { "species": "Malacomys longipes", "decimalLon": 28.6, "decimalLat": 1.4, "year": "1957" }, "geometry": { "type": "Point", "coordinates": [ 28.6, 1.4 ] } },
{ "type": "Feature", "properties": { "species": "Malacomys longipes", "decimalLon": 25.5167, "decimalLat": -10.6833, "year": "1957" }, "geometry": { "type": "Point", "coordinates": [ 25.5167, -10.6833 ] } },
{ "type": "Feature", "properties": { "species": "Malacomys longipes", "decimalLon": 28.40983, "decimalLat": 1.4, "year": "1957" }, "geometry": { "type": "Point", "coordinates": [ 28.40983, 1.4 ] } },
{ "type": "Feature", "properties": { "species": "Malacomys longipes", "decimalLon": 29.5333, "decimalLat": 0.4667, "year": "1956" }, "geometry": { "type": "Point", "coordinates": [ 29.5333, 0.4667 ] } },
{ "type": "Feature", "properties": { "species": "Malacomys longipes", "decimalLon": 28.35, "decimalLat": -3.15, "year": "1953" }, "geometry": { "type": "Point", "coordinates": [ 28.35, -3.15 ] } },
{ "type": "Feature", "properties": { "species": "Malacomys longipes", "decimalLon": 28.3333, "decimalLat": -3.1833, "year": "1952" }, "geometry": { "type": "Point", "coordinates": [ 28.3333, -3.1833 ] } },
{ "type": "Feature", "properties": { "species": "Malacomys longipes", "decimalLon": 16.4, "decimalLat": -2.0833, "year": "1949" }, "geometry": { "type": "Point", "coordinates": [ 16.4, -2.0833 ] } },
{ "type": "Feature", "properties": { "species": "Malacomys longipes", "decimalLon": 29.1333, "decimalLat": 3.6833, "year": "1948" }, "geometry": { "type": "Point", "coordinates": [ 29.1333, 3.6833 ] } },
{ "type": "Feature", "properties": { "species": "Malacomys longipes", "decimalLon": 29.133333, "decimalLat": 3.683333, "year": "1948" }, "geometry": { "type": "Point", "coordinates": [ 29.133333, 3.683333 ] } },
{ "type": "Feature", "properties": { "species": "Malacomys longipes", "decimalLon": 19.6333, "decimalLat": -2.1, "year": "1945" }, "geometry": { "type": "Point", "coordinates": [ 19.6333, -2.1 ] } },
{ "type": "Feature", "properties": { "species": "Malacomys longipes", "decimalLon": 19.633333, "decimalLat": -2.1, "year": "1945" }, "geometry": { "type": "Point", "coordinates": [ 19.633333, -2.1 ] } },
{ "type": "Feature", "properties": { "species": "Malacomys longipes", "decimalLon": 22.4667, "decimalLat": -10.4667, "year": "1934" }, "geometry": { "type": "Point", "coordinates": [ 22.4667, -10.4667 ] } },
{ "type": "Feature", "properties": { "species": "Malacomys longipes", "decimalLon": 27.95, "decimalLat": 3.25, "year": "1925" }, "geometry": { "type": "Point", "coordinates": [ 27.95, 3.25 ] } },
{ "type": "Feature", "properties": { "species": "Malacomys longipes", "decimalLon": 22.3167, "decimalLat": -6.0167, "year": "1923" }, "geometry": { "type": "Point", "coordinates": [ 22.3167, -6.0167 ] } },
{ "type": "Feature", "properties": { "species": "Malacomys longipes", "decimalLon": 22.4333, "decimalLat": -5.8833, "year": "1922" }, "geometry": { "type": "Point", "coordinates": [ 22.4333, -5.8833 ] } },
{ "type": "Feature", "properties": { "species": "Malacomys longipes", "decimalLon": 18.3, "decimalLat": 0.0667, "year": "1921" }, "geometry": { "type": "Point", "coordinates": [ 18.3, 0.0667 ] } },
{ "type": "Feature", "properties": { "species": "Malacomys longipes", "decimalLon": 29.65, "decimalLat": 0.71666, "year": "1921" }, "geometry": { "type": "Point", "coordinates": [ 29.65, 0.71666 ] } },
{ "type": "Feature", "properties": { "species": "Malacomys longipes", "decimalLon": 21.55, "decimalLat": -5.3333, "year": "1921" }, "geometry": { "type": "Point", "coordinates": [ 21.55, -5.3333 ] } },
{ "type": "Feature", "properties": { "species": "Malacomys longipes", "decimalLon": 25.5333, "decimalLat": -9.8333, "year": "1914" }, "geometry": { "type": "Point", "coordinates": [ 25.5333, -9.8333 ] } },
{ "type": "Feature", "properties": { "species": "Malacomys longipes", "decimalLon": 27.3, "decimalLat": 2.4167, "year": "1914" }, "geometry": { "type": "Point", "coordinates": [ 27.3, 2.4167 ] } },
{ "type": "Feature", "properties": { "species": "Malacomys longipes", "decimalLon": 26.9667, "decimalLat": 3.1333, "year": "1914" }, "geometry": { "type": "Point", "coordinates": [ 26.9667, 3.1333 ] } },
{ "type": "Feature", "properties": { "species": "Malacomys longipes", "decimalLon": 27.5667, "decimalLat": 0.8667, "year": "1913" }, "geometry": { "type": "Point", "coordinates": [ 27.5667, 0.8667 ] } },
{ "type": "Feature", "properties": { "species": "Malacomys longipes", "decimalLon": 27.55, "decimalLat": 0.85, "year": "1913" }, "geometry": { "type": "Point", "coordinates": [ 27.55, 0.85 ] } },
{ "type": "Feature", "properties": { "species": "Malacomys longipes", "decimalLon": 26.5167, "decimalLat": 2.4167, "year": "1913" }, "geometry": { "type": "Point", "coordinates": [ 26.5167, 2.4167 ] } },
{ "type": "Feature", "properties": { "species": "Malacomys longipes", "decimalLon": 22.4333, "decimalLat": -5.8833, "year": "1912" }, "geometry": { "type": "Point", "coordinates": [ 22.4333, -5.8833 ] } },
{ "type": "Feature", "properties": { "species": "Malacomys longipes", "decimalLon": 27.7333, "decimalLat": 0.55, "year": "1912" }, "geometry": { "type": "Point", "coordinates": [ 27.7333, 0.55 ] } },
{ "type": "Feature", "properties": { "species": "Malacomys longipes", "decimalLon": 27.25, "decimalLat": 2.1667, "year": "1910" }, "geometry": { "type": "Point", "coordinates": [ 27.25, 2.1667 ] } },
{ "type": "Feature", "properties": { "species": "Malacomys longipes", "decimalLon": 27.866694, "decimalLat": 3.7, "year": "1910" }, "geometry": { "type": "Point", "coordinates": [ 27.866694, 3.7 ] } },
{ "type": "Feature", "properties": { "species": "Malacomys longipes", "decimalLon": 25.2167, "decimalLat": 0.6, "year": "NA" }, "geometry": { "type": "Point", "coordinates": [ 25.2167, 0.6 ] } },
{ "type": "Feature", "properties": { "species": "Malacomys longipes", "decimalLon": 22.4333, "decimalLat": -5.8833, "year": "NA" }, "geometry": { "type": "Point", "coordinates": [ 22.4333, -5.8833 ] } },
{ "type": "Feature", "properties": { "species": "Malacomys longipes", "decimalLon": 16.4333, "decimalLat": -2.1, "year": "NA" }, "geometry": { "type": "Point", "coordinates": [ 16.4333, -2.1 ] } },
{ "type": "Feature", "properties": { "species": "Malacomys longipes", "decimalLon": 16.2333, "decimalLat": -2.15, "year": "NA" }, "geometry": { "type": "Point", "coordinates": [ 16.2333, -2.15 ] } },
{ "type": "Feature", "properties": { "species": "Malacomys longipes", "decimalLon": 18.4, "decimalLat": -2.8333, "year": "NA" }, "geometry": { "type": "Point", "coordinates": [ 18.4, -2.8333 ] } },
{ "type": "Feature", "properties": { "species": "Malacomys longipes", "decimalLon": 25.2333, "decimalLat": 0.55, "year": "NA" }, "geometry": { "type": "Point", "coordinates": [ 25.2333, 0.55 ] } },
{ "type": "Feature", "properties": { "species": "Malacomys longipes", "decimalLon": 26.147, "decimalLat": 0.641, "year": "NA" }, "geometry": { "type": "Point", "coordinates": [ 26.147, 0.641 ] } },
{ "type": "Feature", "properties": { "species": "Malacomys longipes", "decimalLon": 26.15, "decimalLat": 0.64, "year": "NA" }, "geometry": { "type": "Point", "coordinates": [ 26.15, 0.64 ] } },
{ "type": "Feature", "properties": { "species": "Malacomys edwardsi", "decimalLon": 28.6333, "decimalLat": -2.2167, "year": "1970" }, "geometry": { "type": "Point", "coordinates": [ 28.6333, -2.2167 ] } },
{ "type": "Feature", "properties": { "species": "Stochomys longicaudatus", "decimalLon": 24.03857, "decimalLat": 3.32292, "year": "2022" }, "geometry": { "type": "Point", "coordinates": [ 24.03857, 3.32292 ] } },
{ "type": "Feature", "properties": { "species": "Stochomys longicaudatus", "decimalLon": 24.05462, "decimalLat": 3.31875, "year": "2022" }, "geometry": { "type": "Point", "coordinates": [ 24.05462, 3.31875 ] } },
{ "type": "Feature", "properties": { "species": "Stochomys longicaudatus", "decimalLon": 20.52058, "decimalLat": -0.70543, "year": "2021" }, "geometry": { "type": "Point", "coordinates": [ 20.52058, -0.70543 ] } },
{ "type": "Feature", "properties": { "species": "Stochomys longicaudatus", "decimalLon": 20.53157, "decimalLat": -0.72078, "year": "2021" }, "geometry": { "type": "Point", "coordinates": [ 20.53157, -0.72078 ] } },
{ "type": "Feature", "properties": { "species": "Stochomys longicaudatus", "decimalLon": 20.53152, "decimalLat": -0.71367, "year": "2021" }, "geometry": { "type": "Point", "coordinates": [ 20.53152, -0.71367 ] } },
{ "type": "Feature", "properties": { "species": "Stochomys longicaudatus", "decimalLon": 20.52534, "decimalLat": -0.70343, "year": "2021" }, "geometry": { "type": "Point", "coordinates": [ 20.52534, -0.70343 ] } },
{ "type": "Feature", "properties": { "species": "Stochomys longicaudatus", "decimalLon": 24.490133, "decimalLat": 0.793108, "year": "2016" }, "geometry": { "type": "Point", "coordinates": [ 24.490133, 0.793108 ] } },
{ "type": "Feature", "properties": { "species": "Stochomys longicaudatus", "decimalLon": 24.491928, "decimalLat": 0.794881, "year": "2014" }, "geometry": { "type": "Point", "coordinates": [ 24.491928, 0.794881 ] } },
{ "type": "Feature", "properties": { "species": "Stochomys longicaudatus", "decimalLon": 20.37369, "decimalLat": -2.77091, "year": "2014" }, "geometry": { "type": "Point", "coordinates": [ 20.37369, -2.77091 ] } },
{ "type": "Feature", "properties": { "species": "Stochomys longicaudatus", "decimalLon": 20.92603, "decimalLat": 0.16764, "year": "2013" }, "geometry": { "type": "Point", "coordinates": [ 20.92603, 0.16764 ] } },
{ "type": "Feature", "properties": { "species": "Stochomys longicaudatus", "decimalLon": 28.5833, "decimalLat": -1.4166, "year": "1991" }, "geometry": { "type": "Point", "coordinates": [ 28.5833, -1.4166 ] } },
{ "type": "Feature", "properties": { "species": "Stochomys longicaudatus", "decimalLon": 20.3333, "decimalLat": -1.35, "year": "1988" }, "geometry": { "type": "Point", "coordinates": [ 20.3333, -1.35 ] } },
{ "type": "Feature", "properties": { "species": "Stochomys longicaudatus", "decimalLon": 25.2167, "decimalLat": 0.6, "year": "1987" }, "geometry": { "type": "Point", "coordinates": [ 25.2167, 0.6 ] } },
{ "type": "Feature", "properties": { "species": "Stochomys longicaudatus", "decimalLon": 25.2167, "decimalLat": 0.6, "year": "1986" }, "geometry": { "type": "Point", "coordinates": [ 25.2167, 0.6 ] } },
{ "type": "Feature", "properties": { "species": "Stochomys longicaudatus", "decimalLon": 25.2167, "decimalLat": 0.6, "year": "1985" }, "geometry": { "type": "Point", "coordinates": [ 25.2167, 0.6 ] } },
{ "type": "Feature", "properties": { "species": "Stochomys longicaudatus", "decimalLon": 24.8333, "decimalLat": 0.25, "year": "1985" }, "geometry": { "type": "Point", "coordinates": [ 24.8333, 0.25 ] } },
{ "type": "Feature", "properties": { "species": "Stochomys longicaudatus", "decimalLon": 25.25, "decimalLat": 0.8333, "year": "1985" }, "geometry": { "type": "Point", "coordinates": [ 25.25, 0.8333 ] } },
{ "type": "Feature", "properties": { "species": "Stochomys longicaudatus", "decimalLon": 25.5, "decimalLat": 0.5, "year": "1985" }, "geometry": { "type": "Point", "coordinates": [ 25.5, 0.5 ] } },
{ "type": "Feature", "properties": { "species": "Stochomys longicaudatus", "decimalLon": 25.6667, "decimalLat": 0.25, "year": "1985" }, "geometry": { "type": "Point", "coordinates": [ 25.6667, 0.25 ] } },
{ "type": "Feature", "properties": { "species": "Stochomys longicaudatus", "decimalLon": 26.1667, "decimalLat": 0.75, "year": "1985" }, "geometry": { "type": "Point", "coordinates": [ 26.1667, 0.75 ] } },
{ "type": "Feature", "properties": { "species": "Stochomys longicaudatus", "decimalLon": 24.6667, "decimalLat": 0.75, "year": "1985" }, "geometry": { "type": "Point", "coordinates": [ 24.6667, 0.75 ] } },
{ "type": "Feature", "properties": { "species": "Stochomys longicaudatus", "decimalLon": 25.75, "decimalLat": -0.25, "year": "1985" }, "geometry": { "type": "Point", "coordinates": [ 25.75, -0.25 ] } },
{ "type": "Feature", "properties": { "species": "Stochomys longicaudatus", "decimalLon": 25.75, "decimalLat": -0.25, "year": "1984" }, "geometry": { "type": "Point", "coordinates": [ 25.75, -0.25 ] } },
{ "type": "Feature", "properties": { "species": "Stochomys longicaudatus", "decimalLon": 24.8333, "decimalLat": 0.25, "year": "1984" }, "geometry": { "type": "Point", "coordinates": [ 24.8333, 0.25 ] } },
{ "type": "Feature", "properties": { "species": "Stochomys longicaudatus", "decimalLon": 25.6667, "decimalLat": 0.25, "year": "1984" }, "geometry": { "type": "Point", "coordinates": [ 25.6667, 0.25 ] } },
{ "type": "Feature", "properties": { "species": "Stochomys longicaudatus", "decimalLon": 26.1667, "decimalLat": 0.75, "year": "1984" }, "geometry": { "type": "Point", "coordinates": [ 26.1667, 0.75 ] } },
{ "type": "Feature", "properties": { "species": "Stochomys longicaudatus", "decimalLon": 25.5, "decimalLat": 0.5, "year": "1984" }, "geometry": { "type": "Point", "coordinates": [ 25.5, 0.5 ] } },
{ "type": "Feature", "properties": { "species": "Stochomys longicaudatus", "decimalLon": 24.6667, "decimalLat": 0.75, "year": "1984" }, "geometry": { "type": "Point", "coordinates": [ 24.6667, 0.75 ] } },
{ "type": "Feature", "properties": { "species": "Stochomys longicaudatus", "decimalLon": 25.25, "decimalLat": 0.8333, "year": "1984" }, "geometry": { "type": "Point", "coordinates": [ 25.25, 0.8333 ] } },
{ "type": "Feature", "properties": { "species": "Stochomys longicaudatus", "decimalLon": 25.2833, "decimalLat": -0.0667, "year": "1984" }, "geometry": { "type": "Point", "coordinates": [ 25.2833, -0.0667 ] } },
{ "type": "Feature", "properties": { "species": "Stochomys longicaudatus", "decimalLon": 25.2167, "decimalLat": 0.6, "year": "1984" }, "geometry": { "type": "Point", "coordinates": [ 25.2167, 0.6 ] } },
{ "type": "Feature", "properties": { "species": "Stochomys longicaudatus", "decimalLon": 25.2833, "decimalLat": -0.0667, "year": "1983" }, "geometry": { "type": "Point", "coordinates": [ 25.2833, -0.0667 ] } },
{ "type": "Feature", "properties": { "species": "Stochomys longicaudatus", "decimalLon": 24.8333, "decimalLat": 0.25, "year": "1983" }, "geometry": { "type": "Point", "coordinates": [ 24.8333, 0.25 ] } },
{ "type": "Feature", "properties": { "species": "Stochomys longicaudatus", "decimalLon": 24.6667, "decimalLat": 0.75, "year": "1983" }, "geometry": { "type": "Point", "coordinates": [ 24.6667, 0.75 ] } },
{ "type": "Feature", "properties": { "species": "Stochomys longicaudatus", "decimalLon": 25.5, "decimalLat": 0.5, "year": "1983" }, "geometry": { "type": "Point", "coordinates": [ 25.5, 0.5 ] } },
{ "type": "Feature", "properties": { "species": "Stochomys longicaudatus", "decimalLon": 25.6667, "decimalLat": 0.25, "year": "1983" }, "geometry": { "type": "Point", "coordinates": [ 25.6667, 0.25 ] } },
{ "type": "Feature", "properties": { "species": "Stochomys longicaudatus", "decimalLon": 26.0, "decimalLat": 0.6667, "year": "1983" }, "geometry": { "type": "Point", "coordinates": [ 26.0, 0.6667 ] } },
{ "type": "Feature", "properties": { "species": "Stochomys longicaudatus", "decimalLon": 25.2, "decimalLat": 0.5, "year": "1982" }, "geometry": { "type": "Point", "coordinates": [ 25.2, 0.5 ] } },
{ "type": "Feature", "properties": { "species": "Stochomys longicaudatus", "decimalLon": 28.15, "decimalLat": -3.05, "year": "1975" }, "geometry": { "type": "Point", "coordinates": [ 28.15, -3.05 ] } },
{ "type": "Feature", "properties": { "species": "Stochomys longicaudatus", "decimalLon": 28.1, "decimalLat": -3.0167, "year": "1973" }, "geometry": { "type": "Point", "coordinates": [ 28.1, -3.0167 ] } },
{ "type": "Feature", "properties": { "species": "Stochomys longicaudatus", "decimalLon": 28.1, "decimalLat": -3.0167, "year": "1972" }, "geometry": { "type": "Point", "coordinates": [ 28.1, -3.0167 ] } },
{ "type": "Feature", "properties": { "species": "Stochomys longicaudatus", "decimalLon": 28.6333, "decimalLat": -2.2167, "year": "1970" }, "geometry": { "type": "Point", "coordinates": [ 28.6333, -2.2167 ] } },
{ "type": "Feature", "properties": { "species": "Stochomys longicaudatus", "decimalLon": 28.1, "decimalLat": -3.0167, "year": "1968" }, "geometry": { "type": "Point", "coordinates": [ 28.1, -3.0167 ] } },
{ "type": "Feature", "properties": { "species": "Stochomys longicaudatus", "decimalLon": 28.0167, "decimalLat": -2.6, "year": "1968" }, "geometry": { "type": "Point", "coordinates": [ 28.0167, -2.6 ] } },
{ "type": "Feature", "properties": { "species": "Stochomys longicaudatus", "decimalLon": 28.17, "decimalLat": -1.67, "year": "1967" }, "geometry": { "type": "Point", "coordinates": [ 28.17, -1.67 ] } },
{ "type": "Feature", "properties": { "species": "Stochomys longicaudatus", "decimalLon": 28.1333, "decimalLat": -3.35, "year": "1964" }, "geometry": { "type": "Point", "coordinates": [ 28.1333, -3.35 ] } },
{ "type": "Feature", "properties": { "species": "Stochomys longicaudatus", "decimalLon": 28.3333, "decimalLat": -3.1833, "year": "1964" }, "geometry": { "type": "Point", "coordinates": [ 28.3333, -3.1833 ] } },
{ "type": "Feature", "properties": { "species": "Stochomys longicaudatus", "decimalLon": 27.6, "decimalLat": -2.3333, "year": "1963" }, "geometry": { "type": "Point", "coordinates": [ 27.6, -2.3333 ] } },
{ "type": "Feature", "properties": { "species": "Stochomys longicaudatus", "decimalLon": 26.1167, "decimalLat": -2.65, "year": "1963" }, "geometry": { "type": "Point", "coordinates": [ 26.1167, -2.65 ] } },
{ "type": "Feature", "properties": { "species": "Stochomys longicaudatus", "decimalLon": 28.1, "decimalLat": -3.0167, "year": "1963" }, "geometry": { "type": "Point", "coordinates": [ 28.1, -3.0167 ] } },
{ "type": "Feature", "properties": { "species": "Stochomys longicaudatus", "decimalLon": 28.3333, "decimalLat": -3.1833, "year": "1962" }, "geometry": { "type": "Point", "coordinates": [ 28.3333, -3.1833 ] } },
{ "type": "Feature", "properties": { "species": "Stochomys longicaudatus", "decimalLon": 28.1, "decimalLat": -3.0167, "year": "1962" }, "geometry": { "type": "Point", "coordinates": [ 28.1, -3.0167 ] } },
{ "type": "Feature", "properties": { "species": "Stochomys longicaudatus", "decimalLon": 28.1, "decimalLat": -3.0167, "year": "1961" }, "geometry": { "type": "Point", "coordinates": [ 28.1, -3.0167 ] } },
{ "type": "Feature", "properties": { "species": "Stochomys longicaudatus", "decimalLon": 29.3, "decimalLat": 0.2, "year": "1961" }, "geometry": { "type": "Point", "coordinates": [ 29.3, 0.2 ] } },
{ "type": "Feature", "properties": { "species": "Stochomys longicaudatus", "decimalLon": 28.3333, "decimalLat": -3.1833, "year": "1961" }, "geometry": { "type": "Point", "coordinates": [ 28.3333, -3.1833 ] } },
{ "type": "Feature", "properties": { "species": "Stochomys longicaudatus", "decimalLon": 29.6833, "decimalLat": 0.5667, "year": "1960" }, "geometry": { "type": "Point", "coordinates": [ 29.6833, 0.5667 ] } },
{ "type": "Feature", "properties": { "species": "Stochomys longicaudatus", "decimalLon": 28.1, "decimalLat": -3.0167, "year": "1953" }, "geometry": { "type": "Point", "coordinates": [ 28.1, -3.0167 ] } },
{ "type": "Feature", "properties": { "species": "Stochomys longicaudatus", "decimalLon": 28.8167, "decimalLat": -0.4833, "year": "1952" }, "geometry": { "type": "Point", "coordinates": [ 28.8167, -0.4833 ] } },
{ "type": "Feature", "properties": { "species": "Stochomys longicaudatus", "decimalLon": 28.8667, "decimalLat": -2.5, "year": "1952" }, "geometry": { "type": "Point", "coordinates": [ 28.8667, -2.5 ] } },
{ "type": "Feature", "properties": { "species": "Stochomys longicaudatus", "decimalLon": 28.1, "decimalLat": -3.0167, "year": "1951" }, "geometry": { "type": "Point", "coordinates": [ 28.1, -3.0167 ] } },
{ "type": "Feature", "properties": { "species": "Stochomys longicaudatus", "decimalLon": 24.45, "decimalLat": 0.7667, "year": "1949" }, "geometry": { "type": "Point", "coordinates": [ 24.45, 0.7667 ] } },
{ "type": "Feature", "properties": { "species": "Stochomys longicaudatus", "decimalLon": 24.45, "decimalLat": 0.766667, "year": "1949" }, "geometry": { "type": "Point", "coordinates": [ 24.45, 0.766667 ] } },
{ "type": "Feature", "properties": { "species": "Stochomys longicaudatus", "decimalLon": 24.4, "decimalLat": 0.7833, "year": "1949" }, "geometry": { "type": "Point", "coordinates": [ 24.4, 0.7833 ] } },
{ "type": "Feature", "properties": { "species": "Stochomys longicaudatus", "decimalLon": 23.25, "decimalLat": -4.9167, "year": "1934" }, "geometry": { "type": "Point", "coordinates": [ 23.25, -4.9167 ] } },
{ "type": "Feature", "properties": { "species": "Stochomys longicaudatus", "decimalLon": 22.9, "decimalLat": -4.5333, "year": "1924" }, "geometry": { "type": "Point", "coordinates": [ 22.9, -4.5333 ] } },
{ "type": "Feature", "properties": { "species": "Stochomys longicaudatus", "decimalLon": 23.25, "decimalLat": -4.9167, "year": "1924" }, "geometry": { "type": "Point", "coordinates": [ 23.25, -4.9167 ] } },
{ "type": "Feature", "properties": { "species": "Stochomys longicaudatus", "decimalLon": 22.4333, "decimalLat": -5.8833, "year": "1923" }, "geometry": { "type": "Point", "coordinates": [ 22.4333, -5.8833 ] } },
{ "type": "Feature", "properties": { "species": "Stochomys longicaudatus", "decimalLon": 22.3167, "decimalLat": -6.0167, "year": "1923" }, "geometry": { "type": "Point", "coordinates": [ 22.3167, -6.0167 ] } },
{ "type": "Feature", "properties": { "species": "Stochomys longicaudatus", "decimalLon": 22.4333, "decimalLat": -5.8833, "year": "1922" }, "geometry": { "type": "Point", "coordinates": [ 22.4333, -5.8833 ] } },
{ "type": "Feature", "properties": { "species": "Stochomys longicaudatus", "decimalLon": 21.55, "decimalLat": -5.3333, "year": "1921" }, "geometry": { "type": "Point", "coordinates": [ 21.55, -5.3333 ] } },
{ "type": "Feature", "properties": { "species": "Stochomys longicaudatus", "decimalLon": 12.9, "decimalLat": -4.7833, "year": "1920" }, "geometry": { "type": "Point", "coordinates": [ 12.9, -4.7833 ] } },
{ "type": "Feature", "properties": { "species": "Stochomys longicaudatus", "decimalLon": 23.299999, "decimalLat": -4.88333, "year": "1916" }, "geometry": { "type": "Point", "coordinates": [ 23.299999, -4.88333 ] } },
{ "type": "Feature", "properties": { "species": "Stochomys longicaudatus", "decimalLon": 27.3, "decimalLat": 2.4167, "year": "1914" }, "geometry": { "type": "Point", "coordinates": [ 27.3, 2.4167 ] } },
{ "type": "Feature", "properties": { "species": "Stochomys longicaudatus", "decimalLon": 26.9667, "decimalLat": 3.1333, "year": "1914" }, "geometry": { "type": "Point", "coordinates": [ 26.9667, 3.1333 ] } },
{ "type": "Feature", "properties": { "species": "Stochomys longicaudatus", "decimalLon": 27.5667, "decimalLat": 0.8667, "year": "1913" }, "geometry": { "type": "Point", "coordinates": [ 27.5667, 0.8667 ] } },
{ "type": "Feature", "properties": { "species": "Stochomys longicaudatus", "decimalLon": 27.55, "decimalLat": 0.85, "year": "1913" }, "geometry": { "type": "Point", "coordinates": [ 27.55, 0.85 ] } },
{ "type": "Feature", "properties": { "species": "Stochomys longicaudatus", "decimalLon": 27.7333, "decimalLat": 0.55, "year": "1912" }, "geometry": { "type": "Point", "coordinates": [ 27.7333, 0.55 ] } },
{ "type": "Feature", "properties": { "species": "Stochomys longicaudatus", "decimalLon": 27.3, "decimalLat": 2.4167, "year": "1910" }, "geometry": { "type": "Point", "coordinates": [ 27.3, 2.4167 ] } },
{ "type": "Feature", "properties": { "species": "Stochomys longicaudatus", "decimalLon": 27.866694, "decimalLat": 3.7, "year": "1910" }, "geometry": { "type": "Point", "coordinates": [ 27.866694, 3.7 ] } },
{ "type": "Feature", "properties": { "species": "Stochomys longicaudatus", "decimalLon": 25.2333, "decimalLat": 0.55, "year": "1909" }, "geometry": { "type": "Point", "coordinates": [ 25.2333, 0.55 ] } },
{ "type": "Feature", "properties": { "species": "Stochomys longicaudatus", "decimalLon": 25.2167, "decimalLat": 0.6, "year": "NA" }, "geometry": { "type": "Point", "coordinates": [ 25.2167, 0.6 ] } },
{ "type": "Feature", "properties": { "species": "Stochomys longicaudatus", "decimalLon": 25.5667, "decimalLat": 3.2333, "year": "NA" }, "geometry": { "type": "Point", "coordinates": [ 25.5667, 3.2333 ] } },
{ "type": "Feature", "properties": { "species": "Stochomys longicaudatus", "decimalLon": 25.2333, "decimalLat": 0.55, "year": "NA" }, "geometry": { "type": "Point", "coordinates": [ 25.2333, 0.55 ] } },
{ "type": "Feature", "properties": { "species": "Hybomys univittatus", "decimalLon": 28.69206, "decimalLat": -2.38082, "year": "2015" }, "geometry": { "type": "Point", "coordinates": [ 28.69206, -2.38082 ] } },
{ "type": "Feature", "properties": { "species": "Hybomys univittatus", "decimalLon": 28.69435, "decimalLat": -2.41031, "year": "2015" }, "geometry": { "type": "Point", "coordinates": [ 28.69435, -2.41031 ] } },
{ "type": "Feature", "properties": { "species": "Hybomys univittatus", "decimalLon": 28.77683, "decimalLat": -2.21812, "year": "2015" }, "geometry": { "type": "Point", "coordinates": [ 28.77683, -2.21812 ] } },
{ "type": "Feature", "properties": { "species": "Hybomys univittatus", "decimalLon": 28.43571, "decimalLat": -3.15663, "year": "2014" }, "geometry": { "type": "Point", "coordinates": [ 28.43571, -3.15663 ] } },
{ "type": "Feature", "properties": { "species": "Hybomys univittatus", "decimalLon": 28.66512, "decimalLat": -2.27386, "year": "2014" }, "geometry": { "type": "Point", "coordinates": [ 28.66512, -2.27386 ] } },
{ "type": "Feature", "properties": { "species": "Hybomys univittatus", "decimalLon": 28.667, "decimalLat": -2.27027, "year": "2014" }, "geometry": { "type": "Point", "coordinates": [ 28.667, -2.27027 ] } },
{ "type": "Feature", "properties": { "species": "Hybomys univittatus", "decimalLon": 28.77936, "decimalLat": -2.2284, "year": "2014" }, "geometry": { "type": "Point", "coordinates": [ 28.77936, -2.2284 ] } },
{ "type": "Feature", "properties": { "species": "Hybomys univittatus", "decimalLon": 20.92603, "decimalLat": 0.16764, "year": "2013" }, "geometry": { "type": "Point", "coordinates": [ 20.92603, 0.16764 ] } },
{ "type": "Feature", "properties": { "species": "Hybomys univittatus", "decimalLon": 25.2916, "decimalLat": -2.646, "year": "2009" }, "geometry": { "type": "Point", "coordinates": [ 25.2916, -2.646 ] } },
{ "type": "Feature", "properties": { "species": "Hybomys univittatus", "decimalLon": 25.22519, "decimalLat": -2.67893, "year": "2009" }, "geometry": { "type": "Point", "coordinates": [ 25.22519, -2.67893 ] } },
{ "type": "Feature", "properties": { "species": "Hybomys univittatus", "decimalLon": 25.21578, "decimalLat": -2.67371, "year": "2009" }, "geometry": { "type": "Point", "coordinates": [ 25.21578, -2.67371 ] } },
{ "type": "Feature", "properties": { "species": "Hybomys univittatus", "decimalLon": 28.633333, "decimalLat": 1.316666, "year": "1993" }, "geometry": { "type": "Point", "coordinates": [ 28.633333, 1.316666 ] } },
{ "type": "Feature", "properties": { "species": "Hybomys univittatus", "decimalLon": 28.633333, "decimalLat": 1.55, "year": "1993" }, "geometry": { "type": "Point", "coordinates": [ 28.633333, 1.55 ] } },
{ "type": "Feature", "properties": { "species": "Hybomys univittatus", "decimalLon": 28.56666, "decimalLat": 1.4, "year": "1993" }, "geometry": { "type": "Point", "coordinates": [ 28.56666, 1.4 ] } },
{ "type": "Feature", "properties": { "species": "Hybomys univittatus", "decimalLon": 28.583332, "decimalLat": 1.383333, "year": "1993" }, "geometry": { "type": "Point", "coordinates": [ 28.583332, 1.383333 ] } },
{ "type": "Feature", "properties": { "species": "Hybomys univittatus", "decimalLon": 28.616659, "decimalLat": 1.4, "year": "1993" }, "geometry": { "type": "Point", "coordinates": [ 28.616659, 1.4 ] } },
{ "type": "Feature", "properties": { "species": "Hybomys univittatus", "decimalLon": 20.3333, "decimalLat": -1.35, "year": "1991" }, "geometry": { "type": "Point", "coordinates": [ 20.3333, -1.35 ] } },
{ "type": "Feature", "properties": { "species": "Hybomys univittatus", "decimalLon": 28.5833, "decimalLat": -1.4166, "year": "1991" }, "geometry": { "type": "Point", "coordinates": [ 28.5833, -1.4166 ] } },
{ "type": "Feature", "properties": { "species": "Hybomys univittatus", "decimalLon": 20.3333, "decimalLat": -1.35, "year": "1988" }, "geometry": { "type": "Point", "coordinates": [ 20.3333, -1.35 ] } },
{ "type": "Feature", "properties": { "species": "Hybomys univittatus", "decimalLon": 21.083333, "decimalLat": 0.85, "year": "1988" }, "geometry": { "type": "Point", "coordinates": [ 21.083333, 0.85 ] } },
{ "type": "Feature", "properties": { "species": "Hybomys univittatus", "decimalLon": 28.7833, "decimalLat": -2.2333, "year": "1986" }, "geometry": { "type": "Point", "coordinates": [ 28.7833, -2.2333 ] } },
{ "type": "Feature", "properties": { "species": "Hybomys univittatus", "decimalLon": 25.2167, "decimalLat": 0.6, "year": "1986" }, "geometry": { "type": "Point", "coordinates": [ 25.2167, 0.6 ] } },
{ "type": "Feature", "properties": { "species": "Hybomys univittatus", "decimalLon": 28.7833, "decimalLat": -2.2333, "year": "1985" }, "geometry": { "type": "Point", "coordinates": [ 28.7833, -2.2333 ] } },
{ "type": "Feature", "properties": { "species": "Hybomys univittatus", "decimalLon": 25.25, "decimalLat": 0.8333, "year": "1985" }, "geometry": { "type": "Point", "coordinates": [ 25.25, 0.8333 ] } },
{ "type": "Feature", "properties": { "species": "Hybomys univittatus", "decimalLon": 24.8333, "decimalLat": 0.25, "year": "1985" }, "geometry": { "type": "Point", "coordinates": [ 24.8333, 0.25 ] } },
{ "type": "Feature", "properties": { "species": "Hybomys univittatus", "decimalLon": 25.2167, "decimalLat": 0.6, "year": "1985" }, "geometry": { "type": "Point", "coordinates": [ 25.2167, 0.6 ] } },
{ "type": "Feature", "properties": { "species": "Hybomys univittatus", "decimalLon": 24.6667, "decimalLat": 0.75, "year": "1985" }, "geometry": { "type": "Point", "coordinates": [ 24.6667, 0.75 ] } },
{ "type": "Feature", "properties": { "species": "Hybomys univittatus", "decimalLon": 25.75, "decimalLat": -0.25, "year": "1985" }, "geometry": { "type": "Point", "coordinates": [ 25.75, -0.25 ] } },
{ "type": "Feature", "properties": { "species": "Hybomys univittatus", "decimalLon": 26.1667, "decimalLat": 0.75, "year": "1984" }, "geometry": { "type": "Point", "coordinates": [ 26.1667, 0.75 ] } },
{ "type": "Feature", "properties": { "species": "Hybomys univittatus", "decimalLon": 25.6667, "decimalLat": 0.25, "year": "1984" }, "geometry": { "type": "Point", "coordinates": [ 25.6667, 0.25 ] } },
{ "type": "Feature", "properties": { "species": "Hybomys univittatus", "decimalLon": 25.5, "decimalLat": 0.5, "year": "1984" }, "geometry": { "type": "Point", "coordinates": [ 25.5, 0.5 ] } },
{ "type": "Feature", "properties": { "species": "Hybomys univittatus", "decimalLon": 24.8333, "decimalLat": 0.25, "year": "1984" }, "geometry": { "type": "Point", "coordinates": [ 24.8333, 0.25 ] } },
{ "type": "Feature", "properties": { "species": "Hybomys univittatus", "decimalLon": 25.75, "decimalLat": -0.25, "year": "1984" }, "geometry": { "type": "Point", "coordinates": [ 25.75, -0.25 ] } },
{ "type": "Feature", "properties": { "species": "Hybomys univittatus", "decimalLon": 24.6667, "decimalLat": 0.75, "year": "1984" }, "geometry": { "type": "Point", "coordinates": [ 24.6667, 0.75 ] } },
{ "type": "Feature", "properties": { "species": "Hybomys univittatus", "decimalLon": 25.25, "decimalLat": 0.8333, "year": "1984" }, "geometry": { "type": "Point", "coordinates": [ 25.25, 0.8333 ] } },
{ "type": "Feature", "properties": { "species": "Hybomys univittatus", "decimalLon": 25.2833, "decimalLat": -0.0667, "year": "1984" }, "geometry": { "type": "Point", "coordinates": [ 25.2833, -0.0667 ] } },
{ "type": "Feature", "properties": { "species": "Hybomys univittatus", "decimalLon": 25.2167, "decimalLat": 0.6, "year": "1984" }, "geometry": { "type": "Point", "coordinates": [ 25.2167, 0.6 ] } },
{ "type": "Feature", "properties": { "species": "Hybomys univittatus", "decimalLon": 25.2833, "decimalLat": -0.0667, "year": "1983" }, "geometry": { "type": "Point", "coordinates": [ 25.2833, -0.0667 ] } },
{ "type": "Feature", "properties": { "species": "Hybomys univittatus", "decimalLon": 24.8333, "decimalLat": 0.25, "year": "1983" }, "geometry": { "type": "Point", "coordinates": [ 24.8333, 0.25 ] } },
{ "type": "Feature", "properties": { "species": "Hybomys univittatus", "decimalLon": 24.6667, "decimalLat": 0.75, "year": "1983" }, "geometry": { "type": "Point", "coordinates": [ 24.6667, 0.75 ] } },
{ "type": "Feature", "properties": { "species": "Hybomys univittatus", "decimalLon": 25.6667, "decimalLat": 0.25, "year": "1983" }, "geometry": { "type": "Point", "coordinates": [ 25.6667, 0.25 ] } },
{ "type": "Feature", "properties": { "species": "Hybomys univittatus", "decimalLon": 25.5, "decimalLat": 0.5, "year": "1983" }, "geometry": { "type": "Point", "coordinates": [ 25.5, 0.5 ] } },
{ "type": "Feature", "properties": { "species": "Hybomys univittatus", "decimalLon": 26.0, "decimalLat": 0.6667, "year": "1983" }, "geometry": { "type": "Point", "coordinates": [ 26.0, 0.6667 ] } },
{ "type": "Feature", "properties": { "species": "Hybomys univittatus", "decimalLon": 25.2, "decimalLat": 0.5, "year": "1981" }, "geometry": { "type": "Point", "coordinates": [ 25.2, 0.5 ] } },
{ "type": "Feature", "properties": { "species": "Hybomys univittatus", "decimalLon": 21.85, "decimalLat": 2.58, "year": "1979" }, "geometry": { "type": "Point", "coordinates": [ 21.85, 2.58 ] } },
{ "type": "Feature", "properties": { "species": "Hybomys univittatus", "decimalLon": 19.35, "decimalLat": 3.03, "year": "1979" }, "geometry": { "type": "Point", "coordinates": [ 19.35, 3.03 ] } },
{ "type": "Feature", "properties": { "species": "Hybomys univittatus", "decimalLon": 28.3, "decimalLat": -3.1333, "year": "1975" }, "geometry": { "type": "Point", "coordinates": [ 28.3, -3.1333 ] } },
{ "type": "Feature", "properties": { "species": "Hybomys univittatus", "decimalLon": 28.1, "decimalLat": -3.0167, "year": "1973" }, "geometry": { "type": "Point", "coordinates": [ 28.1, -3.0167 ] } },
{ "type": "Feature", "properties": { "species": "Hybomys univittatus", "decimalLon": 28.0167, "decimalLat": -2.6, "year": "1968" }, "geometry": { "type": "Point", "coordinates": [ 28.0167, -2.6 ] } },
{ "type": "Feature", "properties": { "species": "Hybomys univittatus", "decimalLon": 28.1, "decimalLat": -3.0167, "year": "1967" }, "geometry": { "type": "Point", "coordinates": [ 28.1, -3.0167 ] } },
{ "type": "Feature", "properties": { "species": "Hybomys univittatus", "decimalLon": 28.17, "decimalLat": -1.67, "year": "1967" }, "geometry": { "type": "Point", "coordinates": [ 28.17, -1.67 ] } },
{ "type": "Feature", "properties": { "species": "Hybomys univittatus", "decimalLon": 28.17, "decimalLat": -1.67, "year": "1966" }, "geometry": { "type": "Point", "coordinates": [ 28.17, -1.67 ] } },
{ "type": "Feature", "properties": { "species": "Hybomys univittatus", "decimalLon": 28.05, "decimalLat": -2.2667, "year": "1966" }, "geometry": { "type": "Point", "coordinates": [ 28.05, -2.2667 ] } },
{ "type": "Feature", "properties": { "species": "Hybomys univittatus", "decimalLon": 28.1167, "decimalLat": -2.8833, "year": "1966" }, "geometry": { "type": "Point", "coordinates": [ 28.1167, -2.8833 ] } },
{ "type": "Feature", "properties": { "species": "Hybomys univittatus", "decimalLon": 26.6167, "decimalLat": -3.1833, "year": "1966" }, "geometry": { "type": "Point", "coordinates": [ 26.6167, -3.1833 ] } },
{ "type": "Feature", "properties": { "species": "Hybomys univittatus", "decimalLon": 29.2167, "decimalLat": 0.9, "year": "1964" }, "geometry": { "type": "Point", "coordinates": [ 29.2167, 0.9 ] } },
{ "type": "Feature", "properties": { "species": "Hybomys univittatus", "decimalLon": 28.1, "decimalLat": -3.0167, "year": "1964" }, "geometry": { "type": "Point", "coordinates": [ 28.1, -3.0167 ] } },
{ "type": "Feature", "properties": { "species": "Hybomys univittatus", "decimalLon": 28.3333, "decimalLat": -3.1833, "year": "1964" }, "geometry": { "type": "Point", "coordinates": [ 28.3333, -3.1833 ] } },
{ "type": "Feature", "properties": { "species": "Hybomys univittatus", "decimalLon": 26.1167, "decimalLat": -2.65, "year": "1963" }, "geometry": { "type": "Point", "coordinates": [ 26.1167, -2.65 ] } },
{ "type": "Feature", "properties": { "species": "Hybomys univittatus", "decimalLon": 26.1167, "decimalLat": -2.6333, "year": "1963" }, "geometry": { "type": "Point", "coordinates": [ 26.1167, -2.6333 ] } },
{ "type": "Feature", "properties": { "species": "Hybomys univittatus", "decimalLon": 28.8, "decimalLat": -3.0667, "year": "1963" }, "geometry": { "type": "Point", "coordinates": [ 28.8, -3.0667 ] } },
{ "type": "Feature", "properties": { "species": "Hybomys univittatus", "decimalLon": 28.1, "decimalLat": -3.0167, "year": "1963" }, "geometry": { "type": "Point", "coordinates": [ 28.1, -3.0167 ] } },
{ "type": "Feature", "properties": { "species": "Hybomys univittatus", "decimalLon": 28.3333, "decimalLat": -3.2333, "year": "1963" }, "geometry": { "type": "Point", "coordinates": [ 28.3333, -3.2333 ] } },
{ "type": "Feature", "properties": { "species": "Hybomys univittatus", "decimalLon": 28.1, "decimalLat": -3.0167, "year": "1962" }, "geometry": { "type": "Point", "coordinates": [ 28.1, -3.0167 ] } },
{ "type": "Feature", "properties": { "species": "Hybomys univittatus", "decimalLon": 28.1, "decimalLat": -3.0167, "year": "1961" }, "geometry": { "type": "Point", "coordinates": [ 28.1, -3.0167 ] } },
{ "type": "Feature", "properties": { "species": "Hybomys univittatus", "decimalLon": 29.3, "decimalLat": 0.2, "year": "1961" }, "geometry": { "type": "Point", "coordinates": [ 29.3, 0.2 ] } },
{ "type": "Feature", "properties": { "species": "Hybomys univittatus", "decimalLon": 28.45, "decimalLat": -1.9, "year": "1961" }, "geometry": { "type": "Point", "coordinates": [ 28.45, -1.9 ] } },
{ "type": "Feature", "properties": { "species": "Hybomys univittatus", "decimalLon": 29.2, "decimalLat": -1.4167, "year": "1960" }, "geometry": { "type": "Point", "coordinates": [ 29.2, -1.4167 ] } },
{ "type": "Feature", "properties": { "species": "Hybomys univittatus", "decimalLon": 28.8833, "decimalLat": -2.0167, "year": "1960" }, "geometry": { "type": "Point", "coordinates": [ 28.8833, -2.0167 ] } },
{ "type": "Feature", "properties": { "species": "Hybomys univittatus", "decimalLon": 29.3, "decimalLat": 0.2, "year": "1960" }, "geometry": { "type": "Point", "coordinates": [ 29.3, 0.2 ] } },
{ "type": "Feature", "properties": { "species": "Hybomys univittatus", "decimalLon": 29.1, "decimalLat": 1.0333, "year": "1960" }, "geometry": { "type": "Point", "coordinates": [ 29.1, 1.0333 ] } },
{ "type": "Feature", "properties": { "species": "Hybomys univittatus", "decimalLon": 28.8833, "decimalLat": -2.1167, "year": "1959" }, "geometry": { "type": "Point", "coordinates": [ 28.8833, -2.1167 ] } },
{ "type": "Feature", "properties": { "species": "Hybomys univittatus", "decimalLon": 28.8833, "decimalLat": -2.0667, "year": "1959" }, "geometry": { "type": "Point", "coordinates": [ 28.8833, -2.0667 ] } },
{ "type": "Feature", "properties": { "species": "Hybomys univittatus", "decimalLon": 28.8, "decimalLat": -2.2, "year": "1959" }, "geometry": { "type": "Point", "coordinates": [ 28.8, -2.2 ] } },
{ "type": "Feature", "properties": { "species": "Hybomys univittatus", "decimalLon": 29.65, "decimalLat": 0.8333, "year": "1959" }, "geometry": { "type": "Point", "coordinates": [ 29.65, 0.8333 ] } },
{ "type": "Feature", "properties": { "species": "Hybomys univittatus", "decimalLon": 29.5833, "decimalLat": 0.6667, "year": "1959" }, "geometry": { "type": "Point", "coordinates": [ 29.5833, 0.6667 ] } },
{ "type": "Feature", "properties": { "species": "Hybomys univittatus", "decimalLon": 29.7833, "decimalLat": 0.6667, "year": "1959" }, "geometry": { "type": "Point", "coordinates": [ 29.7833, 0.6667 ] } },
{ "type": "Feature", "properties": { "species": "Hybomys univittatus", "decimalLon": 28.6667, "decimalLat": -2.2667, "year": "1959" }, "geometry": { "type": "Point", "coordinates": [ 28.6667, -2.2667 ] } },
{ "type": "Feature", "properties": { "species": "Hybomys univittatus", "decimalLon": 28.9167, "decimalLat": -1.9833, "year": "1959" }, "geometry": { "type": "Point", "coordinates": [ 28.9167, -1.9833 ] } },
{ "type": "Feature", "properties": { "species": "Hybomys univittatus", "decimalLon": 28.45, "decimalLat": -1.9, "year": "1959" }, "geometry": { "type": "Point", "coordinates": [ 28.45, -1.9 ] } },
{ "type": "Feature", "properties": { "species": "Hybomys univittatus", "decimalLon": 28.4667, "decimalLat": -1.9333, "year": "1959" }, "geometry": { "type": "Point", "coordinates": [ 28.4667, -1.9333 ] } },
{ "type": "Feature", "properties": { "species": "Hybomys univittatus", "decimalLon": 29.1667, "decimalLat": -1.3333, "year": "1959" }, "geometry": { "type": "Point", "coordinates": [ 29.1667, -1.3333 ] } },
{ "type": "Feature", "properties": { "species": "Hybomys univittatus", "decimalLon": 29.05, "decimalLat": 0.0, "year": "1959" }, "geometry": { "type": "Point", "coordinates": [ 29.05, 0.0 ] } },
{ "type": "Feature", "properties": { "species": "Hybomys univittatus", "decimalLon": 29.2667, "decimalLat": -1.4333, "year": "1958" }, "geometry": { "type": "Point", "coordinates": [ 29.2667, -1.4333 ] } },
{ "type": "Feature", "properties": { "species": "Hybomys univittatus", "decimalLon": 30.6, "decimalLat": 1.75, "year": "1958" }, "geometry": { "type": "Point", "coordinates": [ 30.6, 1.75 ] } },
{ "type": "Feature", "properties": { "species": "Hybomys univittatus", "decimalLon": 30.4667, "decimalLat": 1.2333, "year": "1958" }, "geometry": { "type": "Point", "coordinates": [ 30.4667, 1.2333 ] } },
{ "type": "Feature", "properties": { "species": "Hybomys univittatus", "decimalLon": 29.800001, "decimalLat": 0.749872, "year": "1958" }, "geometry": { "type": "Point", "coordinates": [ 29.800001, 0.749872 ] } },
{ "type": "Feature", "properties": { "species": "Hybomys univittatus", "decimalLon": 29.75, "decimalLat": 0.3167, "year": "1958" }, "geometry": { "type": "Point", "coordinates": [ 29.75, 0.3167 ] } },
{ "type": "Feature", "properties": { "species": "Hybomys univittatus", "decimalLon": 28.8333, "decimalLat": -2.3333, "year": "1958" }, "geometry": { "type": "Point", "coordinates": [ 28.8333, -2.3333 ] } },
{ "type": "Feature", "properties": { "species": "Hybomys univittatus", "decimalLon": 28.45, "decimalLat": -1.9, "year": "1958" }, "geometry": { "type": "Point", "coordinates": [ 28.45, -1.9 ] } },
{ "type": "Feature", "properties": { "species": "Hybomys univittatus", "decimalLon": 28.8, "decimalLat": -2.2, "year": "1958" }, "geometry": { "type": "Point", "coordinates": [ 28.8, -2.2 ] } },
{ "type": "Feature", "properties": { "species": "Hybomys univittatus", "decimalLon": 28.7167, "decimalLat": -2.1333, "year": "1958" }, "geometry": { "type": "Point", "coordinates": [ 28.7167, -2.1333 ] } },
{ "type": "Feature", "properties": { "species": "Hybomys univittatus", "decimalLon": 28.8, "decimalLat": -2.2, "year": "1957" }, "geometry": { "type": "Point", "coordinates": [ 28.8, -2.2 ] } },
{ "type": "Feature", "properties": { "species": "Hybomys univittatus", "decimalLon": 28.8167, "decimalLat": -2.2167, "year": "1956" }, "geometry": { "type": "Point", "coordinates": [ 28.8167, -2.2167 ] } },
{ "type": "Feature", "properties": { "species": "Hybomys univittatus", "decimalLon": 28.8, "decimalLat": -2.2, "year": "1956" }, "geometry": { "type": "Point", "coordinates": [ 28.8, -2.2 ] } },
{ "type": "Feature", "properties": { "species": "Hybomys univittatus", "decimalLon": 28.45, "decimalLat": -1.9, "year": "1956" }, "geometry": { "type": "Point", "coordinates": [ 28.45, -1.9 ] } },
{ "type": "Feature", "properties": { "species": "Hybomys univittatus", "decimalLon": 28.7833, "decimalLat": -2.4667, "year": "1956" }, "geometry": { "type": "Point", "coordinates": [ 28.7833, -2.4667 ] } },
{ "type": "Feature", "properties": { "species": "Hybomys univittatus", "decimalLon": 28.8167, "decimalLat": -2.2167, "year": "1954" }, "geometry": { "type": "Point", "coordinates": [ 28.8167, -2.2167 ] } },
{ "type": "Feature", "properties": { "species": "Hybomys univittatus", "decimalLon": 29.3667, "decimalLat": -1.4, "year": "1954" }, "geometry": { "type": "Point", "coordinates": [ 29.3667, -1.4 ] } },
{ "type": "Feature", "properties": { "species": "Hybomys univittatus", "decimalLon": 28.1, "decimalLat": -3.0167, "year": "1953" }, "geometry": { "type": "Point", "coordinates": [ 28.1, -3.0167 ] } },
{ "type": "Feature", "properties": { "species": "Hybomys univittatus", "decimalLon": 28.8167, "decimalLat": -0.4833, "year": "1952" }, "geometry": { "type": "Point", "coordinates": [ 28.8167, -0.4833 ] } },
{ "type": "Feature", "properties": { "species": "Hybomys univittatus", "decimalLon": 30.6667, "decimalLat": 1.75, "year": "1952" }, "geometry": { "type": "Point", "coordinates": [ 30.6667, 1.75 ] } },
{ "type": "Feature", "properties": { "species": "Hybomys univittatus", "decimalLon": 28.8, "decimalLat": -2.2, "year": "1952" }, "geometry": { "type": "Point", "coordinates": [ 28.8, -2.2 ] } },
{ "type": "Feature", "properties": { "species": "Hybomys univittatus", "decimalLon": 28.499997, "decimalLat": 1.9999990000000001, "year": "1951" }, "geometry": { "type": "Point", "coordinates": [ 28.499997, 1.999999 ] } },
{ "type": "Feature", "properties": { "species": "Hybomys univittatus", "decimalLon": 28.8, "decimalLat": -3.0667, "year": "1951" }, "geometry": { "type": "Point", "coordinates": [ 28.8, -3.0667 ] } },
{ "type": "Feature", "properties": { "species": "Hybomys univittatus", "decimalLon": 30.6667, "decimalLat": 1.7333, "year": "1951" }, "geometry": { "type": "Point", "coordinates": [ 30.6667, 1.7333 ] } },
{ "type": "Feature", "properties": { "species": "Hybomys univittatus", "decimalLon": 28.1, "decimalLat": -3.0167, "year": "1950" }, "geometry": { "type": "Point", "coordinates": [ 28.1, -3.0167 ] } },
{ "type": "Feature", "properties": { "species": "Hybomys univittatus", "decimalLon": 24.45, "decimalLat": 0.7667, "year": "1949" }, "geometry": { "type": "Point", "coordinates": [ 24.45, 0.7667 ] } },
{ "type": "Feature", "properties": { "species": "Hybomys univittatus", "decimalLon": 24.45, "decimalLat": 0.766667, "year": "1949" }, "geometry": { "type": "Point", "coordinates": [ 24.45, 0.766667 ] } },
{ "type": "Feature", "properties": { "species": "Hybomys univittatus", "decimalLon": 24.4, "decimalLat": 0.7833, "year": "1949" }, "geometry": { "type": "Point", "coordinates": [ 24.4, 0.7833 ] } },
{ "type": "Feature", "properties": { "species": "Hybomys univittatus", "decimalLon": 22.4167, "decimalLat": -0.75, "year": "1948" }, "geometry": { "type": "Point", "coordinates": [ 22.4167, -0.75 ] } },
{ "type": "Feature", "properties": { "species": "Hybomys univittatus", "decimalLon": 25.7333, "decimalLat": 3.3667, "year": "1942" }, "geometry": { "type": "Point", "coordinates": [ 25.7333, 3.3667 ] } },
{ "type": "Feature", "properties": { "species": "Hybomys univittatus", "decimalLon": 29.4804, "decimalLat": 0.81439, "year": "1938" }, "geometry": { "type": "Point", "coordinates": [ 29.4804, 0.81439 ] } },
{ "type": "Feature", "properties": { "species": "Hybomys univittatus", "decimalLon": 25.2333, "decimalLat": 0.55, "year": "1931" }, "geometry": { "type": "Point", "coordinates": [ 25.2333, 0.55 ] } },
{ "type": "Feature", "properties": { "species": "Hybomys univittatus", "decimalLon": 25.2333, "decimalLat": 0.55, "year": "1928" }, "geometry": { "type": "Point", "coordinates": [ 25.2333, 0.55 ] } },
{ "type": "Feature", "properties": { "species": "Hybomys univittatus", "decimalLon": 24.5667, "decimalLat": 2.85, "year": "1925" }, "geometry": { "type": "Point", "coordinates": [ 24.5667, 2.85 ] } },
{ "type": "Feature", "properties": { "species": "Hybomys univittatus", "decimalLon": 27.3, "decimalLat": 2.4167, "year": "1925" }, "geometry": { "type": "Point", "coordinates": [ 27.3, 2.4167 ] } },
{ "type": "Feature", "properties": { "species": "Hybomys univittatus", "decimalLon": 22.9, "decimalLat": -4.5333, "year": "1924" }, "geometry": { "type": "Point", "coordinates": [ 22.9, -4.5333 ] } },
{ "type": "Feature", "properties": { "species": "Hybomys univittatus", "decimalLon": 22.9, "decimalLat": -4.5333, "year": "1923" }, "geometry": { "type": "Point", "coordinates": [ 22.9, -4.5333 ] } },
{ "type": "Feature", "properties": { "species": "Hybomys univittatus", "decimalLon": 29.46, "decimalLat": 0.49, "year": "1921" }, "geometry": { "type": "Point", "coordinates": [ 29.46, 0.49 ] } },
{ "type": "Feature", "properties": { "species": "Hybomys univittatus", "decimalLon": 29.83333, "decimalLat": 0.83333, "year": "1921" }, "geometry": { "type": "Point", "coordinates": [ 29.83333, 0.83333 ] } },
{ "type": "Feature", "properties": { "species": "Hybomys univittatus", "decimalLon": 29.65, "decimalLat": 0.71666, "year": "1921" }, "geometry": { "type": "Point", "coordinates": [ 29.65, 0.71666 ] } },
{ "type": "Feature", "properties": { "species": "Hybomys univittatus", "decimalLon": 29.4, "decimalLat": -1.2333, "year": "1921" }, "geometry": { "type": "Point", "coordinates": [ 29.4, -1.2333 ] } },
{ "type": "Feature", "properties": { "species": "Hybomys univittatus", "decimalLon": 28.26, "decimalLat": 1.58, "year": "1921" }, "geometry": { "type": "Point", "coordinates": [ 28.26, 1.58 ] } },
{ "type": "Feature", "properties": { "species": "Hybomys univittatus", "decimalLon": 12.9, "decimalLat": -4.7833, "year": "1920" }, "geometry": { "type": "Point", "coordinates": [ 12.9, -4.7833 ] } },
{ "type": "Feature", "properties": { "species": "Hybomys univittatus", "decimalLon": 26.9667, "decimalLat": 3.1333, "year": "1914" }, "geometry": { "type": "Point", "coordinates": [ 26.9667, 3.1333 ] } },
{ "type": "Feature", "properties": { "species": "Hybomys univittatus", "decimalLon": 27.3, "decimalLat": 2.4167, "year": "1914" }, "geometry": { "type": "Point", "coordinates": [ 27.3, 2.4167 ] } },
{ "type": "Feature", "properties": { "species": "Hybomys univittatus", "decimalLon": 27.55, "decimalLat": 0.85, "year": "1913" }, "geometry": { "type": "Point", "coordinates": [ 27.55, 0.85 ] } },
{ "type": "Feature", "properties": { "species": "Hybomys univittatus", "decimalLon": 27.5667, "decimalLat": 0.8667, "year": "1913" }, "geometry": { "type": "Point", "coordinates": [ 27.5667, 0.8667 ] } },
{ "type": "Feature", "properties": { "species": "Hybomys univittatus", "decimalLon": 29.5, "decimalLat": 0.65, "year": "1913" }, "geometry": { "type": "Point", "coordinates": [ 29.5, 0.65 ] } },
{ "type": "Feature", "properties": { "species": "Hybomys univittatus", "decimalLon": 27.2, "decimalLat": 1.15, "year": "1912" }, "geometry": { "type": "Point", "coordinates": [ 27.2, 1.15 ] } },
{ "type": "Feature", "properties": { "species": "Hybomys univittatus", "decimalLon": 27.5667, "decimalLat": 0.8667, "year": "1912" }, "geometry": { "type": "Point", "coordinates": [ 27.5667, 0.8667 ] } },
{ "type": "Feature", "properties": { "species": "Hybomys univittatus", "decimalLon": 27.7333, "decimalLat": 0.55, "year": "1912" }, "geometry": { "type": "Point", "coordinates": [ 27.7333, 0.55 ] } },
{ "type": "Feature", "properties": { "species": "Hybomys univittatus", "decimalLon": 17.1833, "decimalLat": -1.1667, "year": "1910" }, "geometry": { "type": "Point", "coordinates": [ 17.1833, -1.1667 ] } },
{ "type": "Feature", "properties": { "species": "Hybomys univittatus", "decimalLon": 27.866694, "decimalLat": 3.7, "year": "1910" }, "geometry": { "type": "Point", "coordinates": [ 27.866694, 3.7 ] } },
{ "type": "Feature", "properties": { "species": "Hybomys univittatus", "decimalLon": 27.2, "decimalLat": 1.15, "year": "1909" }, "geometry": { "type": "Point", "coordinates": [ 27.2, 1.15 ] } },
{ "type": "Feature", "properties": { "species": "Hybomys univittatus", "decimalLon": 27.5833, "decimalLat": 1.3, "year": "1909" }, "geometry": { "type": "Point", "coordinates": [ 27.5833, 1.3 ] } },
{ "type": "Feature", "properties": { "species": "Hybomys univittatus", "decimalLon": 28.8, "decimalLat": -2.2, "year": "NA" }, "geometry": { "type": "Point", "coordinates": [ 28.8, -2.2 ] } },
{ "type": "Feature", "properties": { "species": "Hybomys univittatus", "decimalLon": 28.7833, "decimalLat": -2.2333, "year": "NA" }, "geometry": { "type": "Point", "coordinates": [ 28.7833, -2.2333 ] } },
{ "type": "Feature", "properties": { "species": "Hybomys univittatus", "decimalLon": 27.7333, "decimalLat": 0.55, "year": "NA" }, "geometry": { "type": "Point", "coordinates": [ 27.7333, 0.55 ] } },
{ "type": "Feature", "properties": { "species": "Hybomys univittatus", "decimalLon": 22.9, "decimalLat": -4.5333, "year": "NA" }, "geometry": { "type": "Point", "coordinates": [ 22.9, -4.5333 ] } },
{ "type": "Feature", "properties": { "species": "Hybomys univittatus", "decimalLon": 25.2333, "decimalLat": 0.55, "year": "NA" }, "geometry": { "type": "Point", "coordinates": [ 25.2333, 0.55 ] } },
{ "type": "Feature", "properties": { "species": "Hybomys univittatus", "decimalLon": 29.3, "decimalLat": 0.15, "year": "NA" }, "geometry": { "type": "Point", "coordinates": [ 29.3, 0.15 ] } },
{ "type": "Feature", "properties": { "species": "Praomys tullbergi", "decimalLon": 28.1, "decimalLat": -3.0167, "year": "1960" }, "geometry": { "type": "Point", "coordinates": [ 28.1, -3.0167 ] } },
{ "type": "Feature", "properties": { "species": "Praomys tullbergi", "decimalLon": 17.4667, "decimalLat": -5.85, "year": "1952" }, "geometry": { "type": "Point", "coordinates": [ 17.4667, -5.85 ] } },
{ "type": "Feature", "properties": { "species": "Praomys tullbergi", "decimalLon": 17.466667, "decimalLat": -5.85, "year": "1952" }, "geometry": { "type": "Point", "coordinates": [ 17.466667, -5.85 ] } },
{ "type": "Feature", "properties": { "species": "Praomys tullbergi", "decimalLon": 15.3, "decimalLat": -4.3, "year": "1937" }, "geometry": { "type": "Point", "coordinates": [ 15.3, -4.3 ] } },
{ "type": "Feature", "properties": { "species": "Praomys tullbergi", "decimalLon": 23.25, "decimalLat": -4.9167, "year": "1934" }, "geometry": { "type": "Point", "coordinates": [ 23.25, -4.9167 ] } },
{ "type": "Feature", "properties": { "species": "Praomys tullbergi", "decimalLon": 12.9, "decimalLat": -4.7833, "year": "1920" }, "geometry": { "type": "Point", "coordinates": [ 12.9, -4.7833 ] } },
{ "type": "Feature", "properties": { "species": "Praomys tullbergi", "decimalLon": 24.8333, "decimalLat": 3.5333, "year": "1920" }, "geometry": { "type": "Point", "coordinates": [ 24.8333, 3.5333 ] } },
{ "type": "Feature", "properties": { "species": "Praomys tullbergi", "decimalLon": 26.9667, "decimalLat": 3.1333, "year": "1914" }, "geometry": { "type": "Point", "coordinates": [ 26.9667, 3.1333 ] } },
{ "type": "Feature", "properties": { "species": "Praomys tullbergi", "decimalLon": 27.5667, "decimalLat": 0.8667, "year": "1913" }, "geometry": { "type": "Point", "coordinates": [ 27.5667, 0.8667 ] } },
{ "type": "Feature", "properties": { "species": "Praomys tullbergi", "decimalLon": 29.5, "decimalLat": 0.3333, "year": "1913" }, "geometry": { "type": "Point", "coordinates": [ 29.5, 0.3333 ] } },
{ "type": "Feature", "properties": { "species": "Praomys tullbergi", "decimalLon": 15.3, "decimalLat": -4.3, "year": "NA" }, "geometry": { "type": "Point", "coordinates": [ 15.3, -4.3 ] } },
{ "type": "Feature", "properties": { "species": "Praomys tullbergi", "decimalLon": 12.9333, "decimalLat": -4.9833, "year": "NA" }, "geometry": { "type": "Point", "coordinates": [ 12.9333, -4.9833 ] } },
{ "type": "Feature", "properties": { "species": "Praomys tullbergi", "decimalLon": 25.5167, "decimalLat": -10.6833, "year": "NA" }, "geometry": { "type": "Point", "coordinates": [ 25.5167, -10.6833 ] } },
{ "type": "Feature", "properties": { "species": "Lophuromys flavopunctatus", "decimalLon": 25.2167, "decimalLat": 0.6, "year": "1987" }, "geometry": { "type": "Point", "coordinates": [ 25.2167, 0.6 ] } },
{ "type": "Feature", "properties": { "species": "Lophuromys flavopunctatus", "decimalLon": 25.2167, "decimalLat": 0.6, "year": "1985" }, "geometry": { "type": "Point", "coordinates": [ 25.2167, 0.6 ] } },
{ "type": "Feature", "properties": { "species": "Lophuromys flavopunctatus", "decimalLon": 25.2, "decimalLat": 0.5, "year": "1982" }, "geometry": { "type": "Point", "coordinates": [ 25.2, 0.5 ] } },
{ "type": "Feature", "properties": { "species": "Lophuromys flavopunctatus", "decimalLon": 25.2, "decimalLat": 0.5, "year": "1981" }, "geometry": { "type": "Point", "coordinates": [ 25.2, 0.5 ] } },
{ "type": "Feature", "properties": { "species": "Lophuromys flavopunctatus", "decimalLon": 21.849, "decimalLat": 2.6349, "year": "1979" }, "geometry": { "type": "Point", "coordinates": [ 21.849, 2.6349 ] } },
{ "type": "Feature", "properties": { "species": "Lophuromys flavopunctatus", "decimalLon": 21.85, "decimalLat": 2.58, "year": "1979" }, "geometry": { "type": "Point", "coordinates": [ 21.85, 2.58 ] } },
{ "type": "Feature", "properties": { "species": "Lophuromys flavopunctatus", "decimalLon": 19.35, "decimalLat": 2.9667, "year": "1979" }, "geometry": { "type": "Point", "coordinates": [ 19.35, 2.9667 ] } },
{ "type": "Feature", "properties": { "species": "Lophuromys flavopunctatus", "decimalLon": 19.35, "decimalLat": 2.9, "year": "1979" }, "geometry": { "type": "Point", "coordinates": [ 19.35, 2.9 ] } },
{ "type": "Feature", "properties": { "species": "Lophuromys flavopunctatus", "decimalLon": 19.35, "decimalLat": 3.03, "year": "1979" }, "geometry": { "type": "Point", "coordinates": [ 19.35, 3.03 ] } },
{ "type": "Feature", "properties": { "species": "Lophuromys flavopunctatus", "decimalLon": 27.416667, "decimalLat": -11.566667, "year": "1968" }, "geometry": { "type": "Point", "coordinates": [ 27.416667, -11.566667 ] } },
{ "type": "Feature", "properties": { "species": "Lophuromys flavopunctatus", "decimalLon": 27.416667, "decimalLat": -11.566667, "year": "1967" }, "geometry": { "type": "Point", "coordinates": [ 27.416667, -11.566667 ] } },
{ "type": "Feature", "properties": { "species": "Lophuromys flavopunctatus", "decimalLon": 27.416667, "decimalLat": -11.566667, "year": "1966" }, "geometry": { "type": "Point", "coordinates": [ 27.416667, -11.566667 ] } },
{ "type": "Feature", "properties": { "species": "Lophuromys flavopunctatus", "decimalLon": 27.7, "decimalLat": -11.883333, "year": "1959" }, "geometry": { "type": "Point", "coordinates": [ 27.7, -11.883333 ] } },
{ "type": "Feature", "properties": { "species": "Lophuromys flavopunctatus", "decimalLon": 30.6, "decimalLat": 1.75, "year": "1958" }, "geometry": { "type": "Point", "coordinates": [ 30.6, 1.75 ] } },
{ "type": "Feature", "properties": { "species": "Lophuromys flavopunctatus", "decimalLon": 29.833333, "decimalLat": 0.35, "year": "1958" }, "geometry": { "type": "Point", "coordinates": [ 29.833333, 0.35 ] } },
{ "type": "Feature", "properties": { "species": "Lophuromys flavopunctatus", "decimalLon": 30.6775, "decimalLat": 3.46044, "year": "1958" }, "geometry": { "type": "Point", "coordinates": [ 30.6775, 3.46044 ] } },
{ "type": "Feature", "properties": { "species": "Lophuromys flavopunctatus", "decimalLon": 28.35, "decimalLat": 1.25, "year": "1957" }, "geometry": { "type": "Point", "coordinates": [ 28.35, 1.25 ] } },
{ "type": "Feature", "properties": { "species": "Lophuromys flavopunctatus", "decimalLon": 29.2333, "decimalLat": -0.1667, "year": "1954" }, "geometry": { "type": "Point", "coordinates": [ 29.2333, -0.1667 ] } },
{ "type": "Feature", "properties": { "species": "Lophuromys flavopunctatus", "decimalLon": 29.233333, "decimalLat": -0.166667, "year": "1954" }, "geometry": { "type": "Point", "coordinates": [ 29.233333, -0.166667 ] } },
{ "type": "Feature", "properties": { "species": "Lophuromys flavopunctatus", "decimalLon": 17.466667, "decimalLat": -5.85, "year": "1952" }, "geometry": { "type": "Point", "coordinates": [ 17.466667, -5.85 ] } },
{ "type": "Feature", "properties": { "species": "Lophuromys flavopunctatus", "decimalLon": 30.6, "decimalLat": 1.75, "year": "1952" }, "geometry": { "type": "Point", "coordinates": [ 30.6, 1.75 ] } },
{ "type": "Feature", "properties": { "species": "Lophuromys flavopunctatus", "decimalLon": 28.499997, "decimalLat": 1.9999990000000001, "year": "1951" }, "geometry": { "type": "Point", "coordinates": [ 28.499997, 1.999999 ] } },
{ "type": "Feature", "properties": { "species": "Lophuromys flavopunctatus", "decimalLon": 30.583333, "decimalLat": 2.0, "year": "1951" }, "geometry": { "type": "Point", "coordinates": [ 30.583333, 2.0 ] } },
{ "type": "Feature", "properties": { "species": "Lophuromys flavopunctatus", "decimalLon": 24.45, "decimalLat": 0.766667, "year": "1949" }, "geometry": { "type": "Point", "coordinates": [ 24.45, 0.766667 ] } },
{ "type": "Feature", "properties": { "species": "Lophuromys flavopunctatus", "decimalLon": 24.45, "decimalLat": 0.7667, "year": "1949" }, "geometry": { "type": "Point", "coordinates": [ 24.45, 0.7667 ] } },
{ "type": "Feature", "properties": { "species": "Lophuromys flavopunctatus", "decimalLon": 29.133333, "decimalLat": 3.683333, "year": "1948" }, "geometry": { "type": "Point", "coordinates": [ 29.133333, 3.683333 ] } },
{ "type": "Feature", "properties": { "species": "Lophuromys flavopunctatus", "decimalLon": 27.2, "decimalLat": -8.9333, "year": "1947" }, "geometry": { "type": "Point", "coordinates": [ 27.2, -8.9333 ] } },
{ "type": "Feature", "properties": { "species": "Lophuromys flavopunctatus", "decimalLon": 27.2, "decimalLat": -8.933333, "year": "1947" }, "geometry": { "type": "Point", "coordinates": [ 27.2, -8.933333 ] } },
{ "type": "Feature", "properties": { "species": "Lophuromys flavopunctatus", "decimalLon": 24.45, "decimalLat": 0.766667, "year": "1946" }, "geometry": { "type": "Point", "coordinates": [ 24.45, 0.766667 ] } },
{ "type": "Feature", "properties": { "species": "Lophuromys flavopunctatus", "decimalLon": 29.116667, "decimalLat": -0.616667, "year": "1927" }, "geometry": { "type": "Point", "coordinates": [ 29.116667, -0.616667 ] } },
{ "type": "Feature", "properties": { "species": "Lophuromys flavopunctatus", "decimalLon": 29.716694, "decimalLat": 3.733333, "year": "1911" }, "geometry": { "type": "Point", "coordinates": [ 29.716694, 3.733333 ] } },
{ "type": "Feature", "properties": { "species": "Lophuromys flavopunctatus", "decimalLon": 27.866694, "decimalLat": 3.7, "year": "1910" }, "geometry": { "type": "Point", "coordinates": [ 27.866694, 3.7 ] } },
{ "type": "Feature", "properties": { "species": "Lophuromys sikapusi", "decimalLon": 18.9092, "decimalLat": -5.0579, "year": "1995" }, "geometry": { "type": "Point", "coordinates": [ 18.9092, -5.0579 ] } },
{ "type": "Feature", "properties": { "species": "Lophuromys sikapusi", "decimalLon": 18.914, "decimalLat": -5.066, "year": "1995" }, "geometry": { "type": "Point", "coordinates": [ 18.914, -5.066 ] } },
{ "type": "Feature", "properties": { "species": "Lophuromys sikapusi", "decimalLon": 18.9602, "decimalLat": -5.0983, "year": "1995" }, "geometry": { "type": "Point", "coordinates": [ 18.9602, -5.0983 ] } },
{ "type": "Feature", "properties": { "species": "Lophuromys sikapusi", "decimalLon": 18.9476, "decimalLat": -5.1019, "year": "1995" }, "geometry": { "type": "Point", "coordinates": [ 18.9476, -5.1019 ] } },
{ "type": "Feature", "properties": { "species": "Lophuromys sikapusi", "decimalLon": 18.9394, "decimalLat": -5.158, "year": "1995" }, "geometry": { "type": "Point", "coordinates": [ 18.9394, -5.158 ] } },
{ "type": "Feature", "properties": { "species": "Lophuromys sikapusi", "decimalLon": 18.8916, "decimalLat": -4.9997, "year": "1995" }, "geometry": { "type": "Point", "coordinates": [ 18.8916, -4.9997 ] } },
{ "type": "Feature", "properties": { "species": "Lophuromys sikapusi", "decimalLon": 19.35, "decimalLat": 3.03, "year": "1979" }, "geometry": { "type": "Point", "coordinates": [ 19.35, 3.03 ] } },
{ "type": "Feature", "properties": { "species": "Lophuromys sikapusi", "decimalLon": 28.92, "decimalLat": -2.12, "year": "1967" }, "geometry": { "type": "Point", "coordinates": [ 28.92, -2.12 ] } },
{ "type": "Feature", "properties": { "species": "Lophuromys sikapusi", "decimalLon": 28.17, "decimalLat": -1.67, "year": "1967" }, "geometry": { "type": "Point", "coordinates": [ 28.17, -1.67 ] } },
{ "type": "Feature", "properties": { "species": "Lophuromys sikapusi", "decimalLon": 28.77, "decimalLat": -2.27, "year": "1967" }, "geometry": { "type": "Point", "coordinates": [ 28.77, -2.27 ] } },
{ "type": "Feature", "properties": { "species": "Lophuromys sikapusi", "decimalLon": 27.4167, "decimalLat": -11.5667, "year": "1967" }, "geometry": { "type": "Point", "coordinates": [ 27.4167, -11.5667 ] } },
{ "type": "Feature", "properties": { "species": "Lophuromys sikapusi", "decimalLon": 27.416667, "decimalLat": -11.566667, "year": "1967" }, "geometry": { "type": "Point", "coordinates": [ 27.416667, -11.566667 ] } },
{ "type": "Feature", "properties": { "species": "Lophuromys sikapusi", "decimalLon": 28.17, "decimalLat": -1.67, "year": "1966" }, "geometry": { "type": "Point", "coordinates": [ 28.17, -1.67 ] } },
{ "type": "Feature", "properties": { "species": "Lophuromys sikapusi", "decimalLon": 29.35, "decimalLat": -1.02, "year": "1966" }, "geometry": { "type": "Point", "coordinates": [ 29.35, -1.02 ] } },
{ "type": "Feature", "properties": { "species": "Lophuromys sikapusi", "decimalLon": 29.37, "decimalLat": -1.33, "year": "1966" }, "geometry": { "type": "Point", "coordinates": [ 29.37, -1.33 ] } },
{ "type": "Feature", "properties": { "species": "Lophuromys sikapusi", "decimalLon": 28.92, "decimalLat": -2.12, "year": "1966" }, "geometry": { "type": "Point", "coordinates": [ 28.92, -2.12 ] } },
{ "type": "Feature", "properties": { "species": "Lophuromys sikapusi", "decimalLon": 28.88, "decimalLat": -2.35, "year": "1966" }, "geometry": { "type": "Point", "coordinates": [ 28.88, -2.35 ] } },
{ "type": "Feature", "properties": { "species": "Lophuromys sikapusi", "decimalLon": 28.88, "decimalLat": -2.37, "year": "1966" }, "geometry": { "type": "Point", "coordinates": [ 28.88, -2.37 ] } },
{ "type": "Feature", "properties": { "species": "Lophuromys sikapusi", "decimalLon": 28.966667, "decimalLat": 0.8, "year": "1958" }, "geometry": { "type": "Point", "coordinates": [ 28.966667, 0.8 ] } },
{ "type": "Feature", "properties": { "species": "Lophuromys sikapusi", "decimalLon": 28.9667, "decimalLat": 0.8, "year": "1952" }, "geometry": { "type": "Point", "coordinates": [ 28.9667, 0.8 ] } },
{ "type": "Feature", "properties": { "species": "Lophuromys sikapusi", "decimalLon": 28.966667, "decimalLat": 0.8, "year": "1952" }, "geometry": { "type": "Point", "coordinates": [ 28.966667, 0.8 ] } },
{ "type": "Feature", "properties": { "species": "Lophuromys sikapusi", "decimalLon": 13.05, "decimalLat": -5.85, "year": "1950" }, "geometry": { "type": "Point", "coordinates": [ 13.05, -5.85 ] } },
{ "type": "Feature", "properties": { "species": "Lophuromys sikapusi", "decimalLon": 29.1333, "decimalLat": 3.6833, "year": "1948" }, "geometry": { "type": "Point", "coordinates": [ 29.1333, 3.6833 ] } },
{ "type": "Feature", "properties": { "species": "Lophuromys sikapusi", "decimalLon": 29.133333, "decimalLat": 3.683333, "year": "1948" }, "geometry": { "type": "Point", "coordinates": [ 29.133333, 3.683333 ] } },
{ "type": "Feature", "properties": { "species": "Lophuromys sikapusi", "decimalLon": 15.3, "decimalLat": -4.3, "year": "1937" }, "geometry": { "type": "Point", "coordinates": [ 15.3, -4.3 ] } },
{ "type": "Feature", "properties": { "species": "Lophuromys sikapusi", "decimalLon": 29.166667, "decimalLat": -0.7, "year": "1934" }, "geometry": { "type": "Point", "coordinates": [ 29.166667, -0.7 ] } },
{ "type": "Feature", "properties": { "species": "Lophuromys sikapusi", "decimalLon": 29.116667, "decimalLat": -0.616667, "year": "1927" }, "geometry": { "type": "Point", "coordinates": [ 29.116667, -0.616667 ] } },
{ "type": "Feature", "properties": { "species": "Lophuromys sikapusi", "decimalLon": 29.45, "decimalLat": -1.18445, "year": "1924" }, "geometry": { "type": "Point", "coordinates": [ 29.45, -1.18445 ] } },
{ "type": "Feature", "properties": { "species": "Lophuromys sikapusi", "decimalLon": 29.86145, "decimalLat": 0.6674, "year": "1924" }, "geometry": { "type": "Point", "coordinates": [ 29.86145, 0.6674 ] } },
{ "type": "Feature", "properties": { "species": "Lophuromys sikapusi", "decimalLon": 29.71666, "decimalLat": 0.05, "year": "1921" }, "geometry": { "type": "Point", "coordinates": [ 29.71666, 0.05 ] } },
{ "type": "Feature", "properties": { "species": "Lophuromys sikapusi", "decimalLon": 26.1327, "decimalLat": -3.31111, "year": "1920" }, "geometry": { "type": "Point", "coordinates": [ 26.1327, -3.31111 ] } },
{ "type": "Feature", "properties": { "species": "Lophuromys sikapusi", "decimalLon": 29.716694, "decimalLat": 3.733333, "year": "1912" }, "geometry": { "type": "Point", "coordinates": [ 29.716694, 3.733333 ] } },
{ "type": "Feature", "properties": { "species": "Lophuromys sikapusi", "decimalLon": 27.866694, "decimalLat": 3.7, "year": "1910" }, "geometry": { "type": "Point", "coordinates": [ 27.866694, 3.7 ] } },
{ "type": "Feature", "properties": { "species": "Hylomyscus stella", "decimalLon": 27.523347, "decimalLat": -1.262283, "year": "2024" }, "geometry": { "type": "Point", "coordinates": [ 27.523347, -1.262283 ] } },
{ "type": "Feature", "properties": { "species": "Hylomyscus stella", "decimalLon": 24.03857, "decimalLat": 3.32292, "year": "2022" }, "geometry": { "type": "Point", "coordinates": [ 24.03857, 3.32292 ] } },
{ "type": "Feature", "properties": { "species": "Hylomyscus stella", "decimalLon": 24.05373, "decimalLat": 3.32109, "year": "2022" }, "geometry": { "type": "Point", "coordinates": [ 24.05373, 3.32109 ] } },
{ "type": "Feature", "properties": { "species": "Hylomyscus stella", "decimalLon": 24.07688, "decimalLat": 3.33489, "year": "2022" }, "geometry": { "type": "Point", "coordinates": [ 24.07688, 3.33489 ] } },
{ "type": "Feature", "properties": { "species": "Hylomyscus stella", "decimalLon": 24.06646, "decimalLat": 3.32952, "year": "2022" }, "geometry": { "type": "Point", "coordinates": [ 24.06646, 3.32952 ] } },
{ "type": "Feature", "properties": { "species": "Hylomyscus stella", "decimalLon": 24.05462, "decimalLat": 3.31875, "year": "2022" }, "geometry": { "type": "Point", "coordinates": [ 24.05462, 3.31875 ] } },
{ "type": "Feature", "properties": { "species": "Hylomyscus stella", "decimalLon": 24.07331, "decimalLat": 3.33324, "year": "2022" }, "geometry": { "type": "Point", "coordinates": [ 24.07331, 3.33324 ] } },
{ "type": "Feature", "properties": { "species": "Hylomyscus stella", "decimalLon": 23.47, "decimalLat": 3.39, "year": "2017" }, "geometry": { "type": "Point", "coordinates": [ 23.47, 3.39 ] } },
{ "type": "Feature", "properties": { "species": "Hylomyscus stella", "decimalLon": 23.46, "decimalLat": 3.39, "year": "2017" }, "geometry": { "type": "Point", "coordinates": [ 23.46, 3.39 ] } },
{ "type": "Feature", "properties": { "species": "Hylomyscus stella", "decimalLon": 24.512639, "decimalLat": 0.813549, "year": "2016" }, "geometry": { "type": "Point", "coordinates": [ 24.512639, 0.813549 ] } },
{ "type": "Feature", "properties": { "species": "Hylomyscus stella", "decimalLon": 24.491947, "decimalLat": 0.799228, "year": "2015" }, "geometry": { "type": "Point", "coordinates": [ 24.491947, 0.799228 ] } },
{ "type": "Feature", "properties": { "species": "Hylomyscus stella", "decimalLon": 24.494231, "decimalLat": 0.795914, "year": "2015" }, "geometry": { "type": "Point", "coordinates": [ 24.494231, 0.795914 ] } },
{ "type": "Feature", "properties": { "species": "Hylomyscus stella", "decimalLon": 24.497792, "decimalLat": 0.79659, "year": "2014" }, "geometry": { "type": "Point", "coordinates": [ 24.497792, 0.79659 ] } },
{ "type": "Feature", "properties": { "species": "Hylomyscus stella", "decimalLon": 24.491928, "decimalLat": 0.794881, "year": "2014" }, "geometry": { "type": "Point", "coordinates": [ 24.491928, 0.794881 ] } },
{ "type": "Feature", "properties": { "species": "Hylomyscus stella", "decimalLon": 24.487503, "decimalLat": 0.802561, "year": "2014" }, "geometry": { "type": "Point", "coordinates": [ 24.487503, 0.802561 ] } },
{ "type": "Feature", "properties": { "species": "Hylomyscus stella", "decimalLon": 28.43571, "decimalLat": -3.15663, "year": "2014" }, "geometry": { "type": "Point", "coordinates": [ 28.43571, -3.15663 ] } },
{ "type": "Feature", "properties": { "species": "Hylomyscus stella", "decimalLon": 24.528114, "decimalLat": 0.808089, "year": "2013" }, "geometry": { "type": "Point", "coordinates": [ 24.528114, 0.808089 ] } },
{ "type": "Feature", "properties": { "species": "Hylomyscus stella", "decimalLon": 24.517549, "decimalLat": 0.789403, "year": "2013" }, "geometry": { "type": "Point", "coordinates": [ 24.517549, 0.789403 ] } },
{ "type": "Feature", "properties": { "species": "Hylomyscus stella", "decimalLon": 24.521094, "decimalLat": 0.7805, "year": "2013" }, "geometry": { "type": "Point", "coordinates": [ 24.521094, 0.7805 ] } },
{ "type": "Feature", "properties": { "species": "Hylomyscus stella", "decimalLon": 29.10184, "decimalLat": -5.24097, "year": "2012" }, "geometry": { "type": "Point", "coordinates": [ 29.10184, -5.24097 ] } },
{ "type": "Feature", "properties": { "species": "Hylomyscus stella", "decimalLon": 28.66294, "decimalLat": -2.90186, "year": "2010" }, "geometry": { "type": "Point", "coordinates": [ 28.66294, -2.90186 ] } },
{ "type": "Feature", "properties": { "species": "Hylomyscus stella", "decimalLon": 28.66392, "decimalLat": -2.90497, "year": "2010" }, "geometry": { "type": "Point", "coordinates": [ 28.66392, -2.90497 ] } },
{ "type": "Feature", "properties": { "species": "Hylomyscus stella", "decimalLon": 29.2728, "decimalLat": -5.4792, "year": "2007" }, "geometry": { "type": "Point", "coordinates": [ 29.2728, -5.4792 ] } },
{ "type": "Feature", "properties": { "species": "Hylomyscus stella", "decimalLon": 29.0928, "decimalLat": -4.9847, "year": "2007" }, "geometry": { "type": "Point", "coordinates": [ 29.0928, -4.9847 ] } },
{ "type": "Feature", "properties": { "species": "Hylomyscus stella", "decimalLon": 25.217, "decimalLat": 0.6, "year": "2001" }, "geometry": { "type": "Point", "coordinates": [ 25.217, 0.6 ] } },
{ "type": "Feature", "properties": { "species": "Hylomyscus stella", "decimalLon": 25.233, "decimalLat": 0.55, "year": "1999" }, "geometry": { "type": "Point", "coordinates": [ 25.233, 0.55 ] } },
{ "type": "Feature", "properties": { "species": "Hylomyscus stella", "decimalLon": 28.6, "decimalLat": 1.4, "year": "1994" }, "geometry": { "type": "Point", "coordinates": [ 28.6, 1.4 ] } },
{ "type": "Feature", "properties": { "species": "Hylomyscus stella", "decimalLon": 29.6916, "decimalLat": 0.5629, "year": "1994" }, "geometry": { "type": "Point", "coordinates": [ 29.6916, 0.5629 ] } },
{ "type": "Feature", "properties": { "species": "Hylomyscus stella", "decimalLon": 28.583332, "decimalLat": 1.383333, "year": "1993" }, "geometry": { "type": "Point", "coordinates": [ 28.583332, 1.383333 ] } },
{ "type": "Feature", "properties": { "species": "Hylomyscus stella", "decimalLon": 28.6, "decimalLat": 1.4, "year": "1993" }, "geometry": { "type": "Point", "coordinates": [ 28.6, 1.4 ] } },
{ "type": "Feature", "properties": { "species": "Hylomyscus stella", "decimalLon": 28.633333, "decimalLat": 1.316666, "year": "1993" }, "geometry": { "type": "Point", "coordinates": [ 28.633333, 1.316666 ] } },
{ "type": "Feature", "properties": { "species": "Hylomyscus stella", "decimalLon": 28.633333, "decimalLat": 1.55, "year": "1993" }, "geometry": { "type": "Point", "coordinates": [ 28.633333, 1.55 ] } },
{ "type": "Feature", "properties": { "species": "Hylomyscus stella", "decimalLon": 28.56666, "decimalLat": 1.4, "year": "1993" }, "geometry": { "type": "Point", "coordinates": [ 28.56666, 1.4 ] } },
{ "type": "Feature", "properties": { "species": "Hylomyscus stella", "decimalLon": 28.616659, "decimalLat": 1.4, "year": "1993" }, "geometry": { "type": "Point", "coordinates": [ 28.616659, 1.4 ] } },
{ "type": "Feature", "properties": { "species": "Hylomyscus stella", "decimalLon": 28.5833, "decimalLat": -1.4166, "year": "1991" }, "geometry": { "type": "Point", "coordinates": [ 28.5833, -1.4166 ] } },
{ "type": "Feature", "properties": { "species": "Hylomyscus stella", "decimalLon": 25.2167, "decimalLat": 0.6, "year": "1988" }, "geometry": { "type": "Point", "coordinates": [ 25.2167, 0.6 ] } },
{ "type": "Feature", "properties": { "species": "Hylomyscus stella", "decimalLon": 21.083333, "decimalLat": 0.85, "year": "1988" }, "geometry": { "type": "Point", "coordinates": [ 21.083333, 0.85 ] } },
{ "type": "Feature", "properties": { "species": "Hylomyscus stella", "decimalLon": 25.2167, "decimalLat": 0.6, "year": "1987" }, "geometry": { "type": "Point", "coordinates": [ 25.2167, 0.6 ] } },
{ "type": "Feature", "properties": { "species": "Hylomyscus stella", "decimalLon": 25.2167, "decimalLat": 0.6, "year": "1986" }, "geometry": { "type": "Point", "coordinates": [ 25.2167, 0.6 ] } },
{ "type": "Feature", "properties": { "species": "Hylomyscus stella", "decimalLon": 25.2167, "decimalLat": 0.6, "year": "1985" }, "geometry": { "type": "Point", "coordinates": [ 25.2167, 0.6 ] } },
{ "type": "Feature", "properties": { "species": "Hylomyscus stella", "decimalLon": 24.8333, "decimalLat": 0.25, "year": "1985" }, "geometry": { "type": "Point", "coordinates": [ 24.8333, 0.25 ] } },
{ "type": "Feature", "properties": { "species": "Hylomyscus stella", "decimalLon": 25.25, "decimalLat": 0.8333, "year": "1985" }, "geometry": { "type": "Point", "coordinates": [ 25.25, 0.8333 ] } },
{ "type": "Feature", "properties": { "species": "Hylomyscus stella", "decimalLon": 25.5, "decimalLat": 0.5, "year": "1985" }, "geometry": { "type": "Point", "coordinates": [ 25.5, 0.5 ] } },
{ "type": "Feature", "properties": { "species": "Hylomyscus stella", "decimalLon": 24.6667, "decimalLat": 0.75, "year": "1985" }, "geometry": { "type": "Point", "coordinates": [ 24.6667, 0.75 ] } },
{ "type": "Feature", "properties": { "species": "Hylomyscus stella", "decimalLon": 26.1667, "decimalLat": 0.75, "year": "1985" }, "geometry": { "type": "Point", "coordinates": [ 26.1667, 0.75 ] } },
{ "type": "Feature", "properties": { "species": "Hylomyscus stella", "decimalLon": 25.75, "decimalLat": -0.25, "year": "1985" }, "geometry": { "type": "Point", "coordinates": [ 25.75, -0.25 ] } },
{ "type": "Feature", "properties": { "species": "Hylomyscus stella", "decimalLon": 24.8333, "decimalLat": 0.25, "year": "1984" }, "geometry": { "type": "Point", "coordinates": [ 24.8333, 0.25 ] } },
{ "type": "Feature", "properties": { "species": "Hylomyscus stella", "decimalLon": 25.75, "decimalLat": -0.25, "year": "1984" }, "geometry": { "type": "Point", "coordinates": [ 25.75, -0.25 ] } },
{ "type": "Feature", "properties": { "species": "Hylomyscus stella", "decimalLon": 25.6667, "decimalLat": 0.25, "year": "1984" }, "geometry": { "type": "Point", "coordinates": [ 25.6667, 0.25 ] } },
{ "type": "Feature", "properties": { "species": "Hylomyscus stella", "decimalLon": 26.1667, "decimalLat": 0.75, "year": "1984" }, "geometry": { "type": "Point", "coordinates": [ 26.1667, 0.75 ] } },
{ "type": "Feature", "properties": { "species": "Hylomyscus stella", "decimalLon": 25.5, "decimalLat": 0.5, "year": "1984" }, "geometry": { "type": "Point", "coordinates": [ 25.5, 0.5 ] } },
{ "type": "Feature", "properties": { "species": "Hylomyscus stella", "decimalLon": 25.2833, "decimalLat": -0.0667, "year": "1984" }, "geometry": { "type": "Point", "coordinates": [ 25.2833, -0.0667 ] } },
{ "type": "Feature", "properties": { "species": "Hylomyscus stella", "decimalLon": 24.6667, "decimalLat": 0.75, "year": "1984" }, "geometry": { "type": "Point", "coordinates": [ 24.6667, 0.75 ] } },
{ "type": "Feature", "properties": { "species": "Hylomyscus stella", "decimalLon": 25.25, "decimalLat": 0.8333, "year": "1984" }, "geometry": { "type": "Point", "coordinates": [ 25.25, 0.8333 ] } },
{ "type": "Feature", "properties": { "species": "Hylomyscus stella", "decimalLon": 25.2167, "decimalLat": 0.6, "year": "1984" }, "geometry": { "type": "Point", "coordinates": [ 25.2167, 0.6 ] } },
{ "type": "Feature", "properties": { "species": "Hylomyscus stella", "decimalLon": 25.2833, "decimalLat": -0.0667, "year": "1983" }, "geometry": { "type": "Point", "coordinates": [ 25.2833, -0.0667 ] } },
{ "type": "Feature", "properties": { "species": "Hylomyscus stella", "decimalLon": 24.8333, "decimalLat": 0.25, "year": "1983" }, "geometry": { "type": "Point", "coordinates": [ 24.8333, 0.25 ] } },
{ "type": "Feature", "properties": { "species": "Hylomyscus stella", "decimalLon": 24.6667, "decimalLat": 0.75, "year": "1983" }, "geometry": { "type": "Point", "coordinates": [ 24.6667, 0.75 ] } },
{ "type": "Feature", "properties": { "species": "Hylomyscus stella", "decimalLon": 25.5, "decimalLat": 0.5, "year": "1983" }, "geometry": { "type": "Point", "coordinates": [ 25.5, 0.5 ] } },
{ "type": "Feature", "properties": { "species": "Hylomyscus stella", "decimalLon": 25.6667, "decimalLat": 0.25, "year": "1983" }, "geometry": { "type": "Point", "coordinates": [ 25.6667, 0.25 ] } },
{ "type": "Feature", "properties": { "species": "Hylomyscus stella", "decimalLon": 26.0, "decimalLat": 0.6667, "year": "1983" }, "geometry": { "type": "Point", "coordinates": [ 26.0, 0.6667 ] } },
{ "type": "Feature", "properties": { "species": "Hylomyscus stella", "decimalLon": 25.2, "decimalLat": 0.5, "year": "1982" }, "geometry": { "type": "Point", "coordinates": [ 25.2, 0.5 ] } },
{ "type": "Feature", "properties": { "species": "Hylomyscus stella", "decimalLon": 25.2, "decimalLat": 0.5, "year": "1981" }, "geometry": { "type": "Point", "coordinates": [ 25.2, 0.5 ] } },
{ "type": "Feature", "properties": { "species": "Hylomyscus stella", "decimalLon": 21.785191, "decimalLat": 2.575111, "year": "1979" }, "geometry": { "type": "Point", "coordinates": [ 21.785191, 2.575111 ] } },
{ "type": "Feature", "properties": { "species": "Hylomyscus stella", "decimalLon": 28.17, "decimalLat": -1.67, "year": "1967" }, "geometry": { "type": "Point", "coordinates": [ 28.17, -1.67 ] } },
{ "type": "Feature", "properties": { "species": "Hylomyscus stella", "decimalLon": 28.17, "decimalLat": -1.67, "year": "1966" }, "geometry": { "type": "Point", "coordinates": [ 28.17, -1.67 ] } },
{ "type": "Feature", "properties": { "species": "Hylomyscus stella", "decimalLon": 29.8833, "decimalLat": 0.6167, "year": "1959" }, "geometry": { "type": "Point", "coordinates": [ 29.8833, 0.6167 ] } },
{ "type": "Feature", "properties": { "species": "Hylomyscus stella", "decimalLon": 29.05, "decimalLat": -1.4333, "year": "1959" }, "geometry": { "type": "Point", "coordinates": [ 29.05, -1.4333 ] } },
{ "type": "Feature", "properties": { "species": "Hylomyscus stella", "decimalLon": 29.2, "decimalLat": -1.1833, "year": "1959" }, "geometry": { "type": "Point", "coordinates": [ 29.2, -1.1833 ] } },
{ "type": "Feature", "properties": { "species": "Hylomyscus stella", "decimalLon": 29.1667, "decimalLat": -1.3333, "year": "1959" }, "geometry": { "type": "Point", "coordinates": [ 29.1667, -1.3333 ] } },
{ "type": "Feature", "properties": { "species": "Hylomyscus stella", "decimalLon": 29.5167, "decimalLat": -1.35, "year": "1958" }, "geometry": { "type": "Point", "coordinates": [ 29.5167, -1.35 ] } },
{ "type": "Feature", "properties": { "species": "Hylomyscus stella", "decimalLon": 29.6667, "decimalLat": 0.6, "year": "1958" }, "geometry": { "type": "Point", "coordinates": [ 29.6667, 0.6 ] } },
{ "type": "Feature", "properties": { "species": "Hylomyscus stella", "decimalLon": 30.4667, "decimalLat": 1.2333, "year": "1956" }, "geometry": { "type": "Point", "coordinates": [ 30.4667, 1.2333 ] } },
{ "type": "Feature", "properties": { "species": "Hylomyscus stella", "decimalLon": 30.466667, "decimalLat": 1.233333, "year": "1956" }, "geometry": { "type": "Point", "coordinates": [ 30.466667, 1.233333 ] } },
{ "type": "Feature", "properties": { "species": "Hylomyscus stella", "decimalLon": 29.95, "decimalLat": 1.0333, "year": "1929" }, "geometry": { "type": "Point", "coordinates": [ 29.95, 1.0333 ] } },
{ "type": "Feature", "properties": { "species": "Hylomyscus stella", "decimalLon": 29.5833, "decimalLat": 2.7833, "year": "1925" }, "geometry": { "type": "Point", "coordinates": [ 29.5833, 2.7833 ] } },
{ "type": "Feature", "properties": { "species": "Hylomyscus stella", "decimalLon": 29.65, "decimalLat": 0.71666, "year": "1921" }, "geometry": { "type": "Point", "coordinates": [ 29.65, 0.71666 ] } },
{ "type": "Feature", "properties": { "species": "Hylomyscus stella", "decimalLon": 29.83333, "decimalLat": 0.83333, "year": "1921" }, "geometry": { "type": "Point", "coordinates": [ 29.83333, 0.83333 ] } },
{ "type": "Feature", "properties": { "species": "Hylomyscus stella", "decimalLon": 21.55, "decimalLat": -5.3333, "year": "1921" }, "geometry": { "type": "Point", "coordinates": [ 21.55, -5.3333 ] } },
{ "type": "Feature", "properties": { "species": "Hylomyscus stella", "decimalLon": 13.05, "decimalLat": -4.75, "year": "1920" }, "geometry": { "type": "Point", "coordinates": [ 13.05, -4.75 ] } },
{ "type": "Feature", "properties": { "species": "Hylomyscus stella", "decimalLon": 27.3, "decimalLat": 2.4167, "year": "1914" }, "geometry": { "type": "Point", "coordinates": [ 27.3, 2.4167 ] } },
{ "type": "Feature", "properties": { "species": "Hylomyscus stella", "decimalLon": 26.9667, "decimalLat": 3.1333, "year": "1914" }, "geometry": { "type": "Point", "coordinates": [ 26.9667, 3.1333 ] } },
{ "type": "Feature", "properties": { "species": "Hylomyscus stella", "decimalLon": 27.55, "decimalLat": 0.85, "year": "1913" }, "geometry": { "type": "Point", "coordinates": [ 27.55, 0.85 ] } },
{ "type": "Feature", "properties": { "species": "Hylomyscus stella", "decimalLon": 29.5, "decimalLat": 0.3333, "year": "1913" }, "geometry": { "type": "Point", "coordinates": [ 29.5, 0.3333 ] } },
{ "type": "Feature", "properties": { "species": "Hylomyscus stella", "decimalLon": 27.3, "decimalLat": 2.4167, "year": "1913" }, "geometry": { "type": "Point", "coordinates": [ 27.3, 2.4167 ] } },
{ "type": "Feature", "properties": { "species": "Hylomyscus stella", "decimalLon": 27.25, "decimalLat": 2.1667, "year": "1910" }, "geometry": { "type": "Point", "coordinates": [ 27.25, 2.1667 ] } },
{ "type": "Feature", "properties": { "species": "Hylomyscus stella", "decimalLon": 25.2167, "decimalLat": 0.6, "year": "NA" }, "geometry": { "type": "Point", "coordinates": [ 25.2167, 0.6 ] } },
{ "type": "Feature", "properties": { "species": "Hylomyscus stella", "decimalLon": 25.217, "decimalLat": 0.6, "year": "NA" }, "geometry": { "type": "Point", "coordinates": [ 25.217, 0.6 ] } },
{ "type": "Feature", "properties": { "species": "Hylomyscus stella", "decimalLon": 23.419828, "decimalLat": -3.338629, "year": "NA" }, "geometry": { "type": "Point", "coordinates": [ 23.419828, -3.338629 ] } },
{ "type": "Feature", "properties": { "species": "Hylomyscus stella", "decimalLon": 25.22, "decimalLat": 0.6, "year": "NA" }, "geometry": { "type": "Point", "coordinates": [ 25.22, 0.6 ] } },
{ "type": "Feature", "properties": { "species": "Hylomyscus stella", "decimalLon": 29.273, "decimalLat": -5.479, "year": "NA" }, "geometry": { "type": "Point", "coordinates": [ 29.273, -5.479 ] } },
{ "type": "Feature", "properties": { "species": "Mus minutoides", "decimalLon": 29.2867, "decimalLat": -5.4525, "year": "2007" }, "geometry": { "type": "Point", "coordinates": [ 29.2867, -5.4525 ] } },
{ "type": "Feature", "properties": { "species": "Mus minutoides", "decimalLon": 18.9092, "decimalLat": -5.0579, "year": "1995" }, "geometry": { "type": "Point", "coordinates": [ 18.9092, -5.0579 ] } },
{ "type": "Feature", "properties": { "species": "Mus minutoides", "decimalLon": 18.914, "decimalLat": -5.066, "year": "1995" }, "geometry": { "type": "Point", "coordinates": [ 18.914, -5.066 ] } },
{ "type": "Feature", "properties": { "species": "Mus minutoides", "decimalLon": 18.9092, "decimalLat": -5.05785, "year": "1995" }, "geometry": { "type": "Point", "coordinates": [ 18.9092, -5.05785 ] } },
{ "type": "Feature", "properties": { "species": "Mus minutoides", "decimalLon": 18.818056, "decimalLat": -5.038611, "year": "1995" }, "geometry": { "type": "Point", "coordinates": [ 18.818056, -5.038611 ] } },
{ "type": "Feature", "properties": { "species": "Mus minutoides", "decimalLon": 18.780467, "decimalLat": -5.151933, "year": "1995" }, "geometry": { "type": "Point", "coordinates": [ 18.780467, -5.151933 ] } },
{ "type": "Feature", "properties": { "species": "Mus minutoides", "decimalLon": 18.9347, "decimalLat": -5.101, "year": "1995" }, "geometry": { "type": "Point", "coordinates": [ 18.9347, -5.101 ] } },
{ "type": "Feature", "properties": { "species": "Mus minutoides", "decimalLon": 18.9394, "decimalLat": -5.158, "year": "1995" }, "geometry": { "type": "Point", "coordinates": [ 18.9394, -5.158 ] } },
{ "type": "Feature", "properties": { "species": "Mus minutoides", "decimalLon": 19.1166, "decimalLat": -5.1759, "year": "1995" }, "geometry": { "type": "Point", "coordinates": [ 19.1166, -5.1759 ] } },
{ "type": "Feature", "properties": { "species": "Mus minutoides", "decimalLon": 18.9602, "decimalLat": -5.0983, "year": "1995" }, "geometry": { "type": "Point", "coordinates": [ 18.9602, -5.0983 ] } },
{ "type": "Feature", "properties": { "species": "Mus minutoides", "decimalLon": 18.9476, "decimalLat": -5.1019, "year": "1995" }, "geometry": { "type": "Point", "coordinates": [ 18.9476, -5.1019 ] } },
{ "type": "Feature", "properties": { "species": "Mus minutoides", "decimalLon": 18.92, "decimalLat": -5.1107, "year": "1995" }, "geometry": { "type": "Point", "coordinates": [ 18.92, -5.1107 ] } },
{ "type": "Feature", "properties": { "species": "Mus minutoides", "decimalLon": 18.9553, "decimalLat": -5.101, "year": "1995" }, "geometry": { "type": "Point", "coordinates": [ 18.9553, -5.101 ] } },
{ "type": "Feature", "properties": { "species": "Mus minutoides", "decimalLon": 18.8916, "decimalLat": -4.9997, "year": "1995" }, "geometry": { "type": "Point", "coordinates": [ 18.8916, -4.9997 ] } },
{ "type": "Feature", "properties": { "species": "Mus minutoides", "decimalLon": 18.7745, "decimalLat": -4.9772, "year": "1995" }, "geometry": { "type": "Point", "coordinates": [ 18.7745, -4.9772 ] } },
{ "type": "Feature", "properties": { "species": "Mus minutoides", "decimalLon": 18.084667, "decimalLat": -5.10105, "year": "1995" }, "geometry": { "type": "Point", "coordinates": [ 18.084667, -5.10105 ] } },
{ "type": "Feature", "properties": { "species": "Mus minutoides", "decimalLon": 18.939433, "decimalLat": -5.158, "year": "1995" }, "geometry": { "type": "Point", "coordinates": [ 18.939433, -5.158 ] } },
{ "type": "Feature", "properties": { "species": "Mus minutoides", "decimalLon": 18.891633, "decimalLat": -4.9997, "year": "1995" }, "geometry": { "type": "Point", "coordinates": [ 18.891633, -4.9997 ] } },
{ "type": "Feature", "properties": { "species": "Mus minutoides", "decimalLon": 19.1, "decimalLat": -5.1759, "year": "1995" }, "geometry": { "type": "Point", "coordinates": [ 19.1, -5.1759 ] } },
{ "type": "Feature", "properties": { "species": "Mus minutoides", "decimalLon": 18.7745, "decimalLat": -4.99385, "year": "1995" }, "geometry": { "type": "Point", "coordinates": [ 18.7745, -4.99385 ] } },
{ "type": "Feature", "properties": { "species": "Mus minutoides", "decimalLon": 18.920033, "decimalLat": -5.110733, "year": "1995" }, "geometry": { "type": "Point", "coordinates": [ 18.920033, -5.110733 ] } },
{ "type": "Feature", "properties": { "species": "Mus minutoides", "decimalLon": 18.8738, "decimalLat": -5.0605, "year": "1995" }, "geometry": { "type": "Point", "coordinates": [ 18.8738, -5.0605 ] } },
{ "type": "Feature", "properties": { "species": "Mus minutoides", "decimalLon": 18.916, "decimalLat": -5.1124, "year": "1995" }, "geometry": { "type": "Point", "coordinates": [ 18.916, -5.1124 ] } },
{ "type": "Feature", "properties": { "species": "Mus minutoides", "decimalLon": 25.2167, "decimalLat": 0.6, "year": "1986" }, "geometry": { "type": "Point", "coordinates": [ 25.2167, 0.6 ] } },
{ "type": "Feature", "properties": { "species": "Mus minutoides", "decimalLon": 25.2167, "decimalLat": 0.6, "year": "1985" }, "geometry": { "type": "Point", "coordinates": [ 25.2167, 0.6 ] } },
{ "type": "Feature", "properties": { "species": "Mus minutoides", "decimalLon": 21.785191, "decimalLat": 2.575111, "year": "1979" }, "geometry": { "type": "Point", "coordinates": [ 21.785191, 2.575111 ] } },
{ "type": "Feature", "properties": { "species": "Mus minutoides", "decimalLon": 21.85, "decimalLat": 2.58, "year": "1979" }, "geometry": { "type": "Point", "coordinates": [ 21.85, 2.58 ] } },
{ "type": "Feature", "properties": { "species": "Mus minutoides", "decimalLon": 19.35, "decimalLat": 2.9, "year": "1979" }, "geometry": { "type": "Point", "coordinates": [ 19.35, 2.9 ] } },
{ "type": "Feature", "properties": { "species": "Mus minutoides", "decimalLon": 19.35, "decimalLat": 3.03, "year": "1979" }, "geometry": { "type": "Point", "coordinates": [ 19.35, 3.03 ] } },
{ "type": "Feature", "properties": { "species": "Mus minutoides", "decimalLon": 30.6, "decimalLat": 1.75, "year": "1958" }, "geometry": { "type": "Point", "coordinates": [ 30.6, 1.75 ] } },
{ "type": "Feature", "properties": { "species": "Mus minutoides", "decimalLon": 29.283333, "decimalLat": 0.15, "year": "1958" }, "geometry": { "type": "Point", "coordinates": [ 29.283333, 0.15 ] } },
{ "type": "Feature", "properties": { "species": "Mus minutoides", "decimalLon": 29.5, "decimalLat": 3.75, "year": "1954" }, "geometry": { "type": "Point", "coordinates": [ 29.5, 3.75 ] } },
{ "type": "Feature", "properties": { "species": "Mus minutoides", "decimalLon": 28.8667, "decimalLat": -2.5, "year": "1953" }, "geometry": { "type": "Point", "coordinates": [ 28.8667, -2.5 ] } },
{ "type": "Feature", "properties": { "species": "Mus minutoides", "decimalLon": 28.866667, "decimalLat": -2.5, "year": "1953" }, "geometry": { "type": "Point", "coordinates": [ 28.866667, -2.5 ] } },
{ "type": "Feature", "properties": { "species": "Mus minutoides", "decimalLon": 30.4333, "decimalLat": 1.4, "year": "1953" }, "geometry": { "type": "Point", "coordinates": [ 30.4333, 1.4 ] } },
{ "type": "Feature", "properties": { "species": "Mus minutoides", "decimalLon": 30.433333, "decimalLat": 1.4, "year": "1953" }, "geometry": { "type": "Point", "coordinates": [ 30.433333, 1.4 ] } },
{ "type": "Feature", "properties": { "species": "Mus minutoides", "decimalLon": 29.5, "decimalLat": 3.75, "year": "1953" }, "geometry": { "type": "Point", "coordinates": [ 29.5, 3.75 ] } },
{ "type": "Feature", "properties": { "species": "Mus minutoides", "decimalLon": 17.4667, "decimalLat": -5.85, "year": "1952" }, "geometry": { "type": "Point", "coordinates": [ 17.4667, -5.85 ] } },
{ "type": "Feature", "properties": { "species": "Mus minutoides", "decimalLon": 17.466667, "decimalLat": -5.85, "year": "1952" }, "geometry": { "type": "Point", "coordinates": [ 17.466667, -5.85 ] } },
{ "type": "Feature", "properties": { "species": "Mus minutoides", "decimalLon": 26.5167, "decimalLat": -8.65, "year": "1949" }, "geometry": { "type": "Point", "coordinates": [ 26.5167, -8.65 ] } },
{ "type": "Feature", "properties": { "species": "Mus minutoides", "decimalLon": 26.516667, "decimalLat": -8.65, "year": "1949" }, "geometry": { "type": "Point", "coordinates": [ 26.516667, -8.65 ] } },
{ "type": "Feature", "properties": { "species": "Mus minutoides", "decimalLon": 27.4667, "decimalLat": -11.6667, "year": "1948" }, "geometry": { "type": "Point", "coordinates": [ 27.4667, -11.6667 ] } },
{ "type": "Feature", "properties": { "species": "Mus minutoides", "decimalLon": 18.8167, "decimalLat": -5.0333, "year": "1948" }, "geometry": { "type": "Point", "coordinates": [ 18.8167, -5.0333 ] } },
{ "type": "Feature", "properties": { "species": "Mus minutoides", "decimalLon": 27.466667, "decimalLat": -11.666667, "year": "1948" }, "geometry": { "type": "Point", "coordinates": [ 27.466667, -11.666667 ] } },
{ "type": "Feature", "properties": { "species": "Mus minutoides", "decimalLon": 29.1333, "decimalLat": 3.6833, "year": "1948" }, "geometry": { "type": "Point", "coordinates": [ 29.1333, 3.6833 ] } },
{ "type": "Feature", "properties": { "species": "Mus minutoides", "decimalLon": 29.133333, "decimalLat": 3.683333, "year": "1948" }, "geometry": { "type": "Point", "coordinates": [ 29.133333, 3.683333 ] } },
{ "type": "Feature", "properties": { "species": "Mus minutoides", "decimalLon": 18.816667, "decimalLat": -5.033333, "year": "1948" }, "geometry": { "type": "Point", "coordinates": [ 18.816667, -5.033333 ] } },
{ "type": "Feature", "properties": { "species": "Mus minutoides", "decimalLon": 25.9333, "decimalLat": 2.9833, "year": "1946" }, "geometry": { "type": "Point", "coordinates": [ 25.9333, 2.9833 ] } },
{ "type": "Feature", "properties": { "species": "Mus minutoides", "decimalLon": 25.933333, "decimalLat": 2.983333, "year": "1946" }, "geometry": { "type": "Point", "coordinates": [ 25.933333, 2.983333 ] } },
{ "type": "Feature", "properties": { "species": "Mus minutoides", "decimalLon": 29.4489, "decimalLat": -1.1842, "year": "1937" }, "geometry": { "type": "Point", "coordinates": [ 29.4489, -1.1842 ] } },
{ "type": "Feature", "properties": { "species": "Mus minutoides", "decimalLon": 29.716694, "decimalLat": 3.733333, "year": "1911" }, "geometry": { "type": "Point", "coordinates": [ 29.716694, 3.733333 ] } },
{ "type": "Feature", "properties": { "species": "Mus minutoides", "decimalLon": 13.05, "decimalLat": -5.85, "year": "1889" }, "geometry": { "type": "Point", "coordinates": [ 13.05, -5.85 ] } },
{ "type": "Feature", "properties": { "species": "Mastomys natalensis", "decimalLon": 24.03857, "decimalLat": 3.32292, "year": "2022" }, "geometry": { "type": "Point", "coordinates": [ 24.03857, 3.32292 ] } },
{ "type": "Feature", "properties": { "species": "Mastomys natalensis", "decimalLon": 23.47, "decimalLat": 3.39, "year": "2017" }, "geometry": { "type": "Point", "coordinates": [ 23.47, 3.39 ] } },
{ "type": "Feature", "properties": { "species": "Mastomys natalensis", "decimalLon": 29.518, "decimalLat": 3.752, "year": "2016" }, "geometry": { "type": "Point", "coordinates": [ 29.518, 3.752 ] } },
{ "type": "Feature", "properties": { "species": "Mastomys natalensis", "decimalLon": 28.81128, "decimalLat": -2.23954, "year": "2015" }, "geometry": { "type": "Point", "coordinates": [ 28.81128, -2.23954 ] } },
{ "type": "Feature", "properties": { "species": "Mastomys natalensis", "decimalLon": 24.487503, "decimalLat": 0.802561, "year": "2014" }, "geometry": { "type": "Point", "coordinates": [ 24.487503, 0.802561 ] } },
{ "type": "Feature", "properties": { "species": "Mastomys natalensis", "decimalLon": 28.81408, "decimalLat": -2.23903, "year": "2014" }, "geometry": { "type": "Point", "coordinates": [ 28.81408, -2.23903 ] } },
{ "type": "Feature", "properties": { "species": "Mastomys natalensis", "decimalLon": 28.88626, "decimalLat": -5.2537, "year": "2012" }, "geometry": { "type": "Point", "coordinates": [ 28.88626, -5.2537 ] } },
{ "type": "Feature", "properties": { "species": "Mastomys natalensis", "decimalLon": 15.3, "decimalLat": -4.3, "year": "2004" }, "geometry": { "type": "Point", "coordinates": [ 15.3, -4.3 ] } },
{ "type": "Feature", "properties": { "species": "Mastomys natalensis", "decimalLon": 28.86378, "decimalLat": -2.216, "year": "2002" }, "geometry": { "type": "Point", "coordinates": [ 28.86378, -2.216 ] } },
{ "type": "Feature", "properties": { "species": "Mastomys natalensis", "decimalLon": 28.785767, "decimalLat": -2.22805, "year": "2002" }, "geometry": { "type": "Point", "coordinates": [ 28.785767, -2.22805 ] } },
{ "type": "Feature", "properties": { "species": "Mastomys natalensis", "decimalLon": 28.8117, "decimalLat": -2.23965, "year": "2001" }, "geometry": { "type": "Point", "coordinates": [ 28.8117, -2.23965 ] } },
{ "type": "Feature", "properties": { "species": "Mastomys natalensis", "decimalLon": 25.217, "decimalLat": 0.6, "year": "2001" }, "geometry": { "type": "Point", "coordinates": [ 25.217, 0.6 ] } },
{ "type": "Feature", "properties": { "species": "Mastomys natalensis", "decimalLon": 18.914, "decimalLat": -5.066, "year": "1995" }, "geometry": { "type": "Point", "coordinates": [ 18.914, -5.066 ] } },
{ "type": "Feature", "properties": { "species": "Mastomys natalensis", "decimalLon": 18.9167, "decimalLat": -5.05, "year": "1995" }, "geometry": { "type": "Point", "coordinates": [ 18.9167, -5.05 ] } },
{ "type": "Feature", "properties": { "species": "Mastomys natalensis", "decimalLon": 18.8167, "decimalLat": -5.0333, "year": "1995" }, "geometry": { "type": "Point", "coordinates": [ 18.8167, -5.0333 ] } },
{ "type": "Feature", "properties": { "species": "Mastomys natalensis", "decimalLon": 18.8167, "decimalLat": -5.1333, "year": "1995" }, "geometry": { "type": "Point", "coordinates": [ 18.8167, -5.1333 ] } },
{ "type": "Feature", "properties": { "species": "Mastomys natalensis", "decimalLon": 18.9092, "decimalLat": -5.05785, "year": "1995" }, "geometry": { "type": "Point", "coordinates": [ 18.9092, -5.05785 ] } },
{ "type": "Feature", "properties": { "species": "Mastomys natalensis", "decimalLon": 18.780467, "decimalLat": -5.151933, "year": "1995" }, "geometry": { "type": "Point", "coordinates": [ 18.780467, -5.151933 ] } },
{ "type": "Feature", "properties": { "species": "Mastomys natalensis", "decimalLon": 19.1166, "decimalLat": -5.1759, "year": "1995" }, "geometry": { "type": "Point", "coordinates": [ 19.1166, -5.1759 ] } },
{ "type": "Feature", "properties": { "species": "Mastomys natalensis", "decimalLon": 19.1167, "decimalLat": -5.1833, "year": "1995" }, "geometry": { "type": "Point", "coordinates": [ 19.1167, -5.1833 ] } },
{ "type": "Feature", "properties": { "species": "Mastomys natalensis", "decimalLon": 18.7833, "decimalLat": -4.9833, "year": "1995" }, "geometry": { "type": "Point", "coordinates": [ 18.7833, -4.9833 ] } },
{ "type": "Feature", "properties": { "species": "Mastomys natalensis", "decimalLon": 18.818056, "decimalLat": -5.038611, "year": "1995" }, "geometry": { "type": "Point", "coordinates": [ 18.818056, -5.038611 ] } },
{ "type": "Feature", "properties": { "species": "Mastomys natalensis", "decimalLon": 19.1, "decimalLat": -5.1759, "year": "1995" }, "geometry": { "type": "Point", "coordinates": [ 19.1, -5.1759 ] } },
{ "type": "Feature", "properties": { "species": "Mastomys natalensis", "decimalLon": 19.111517, "decimalLat": -5.189117, "year": "1995" }, "geometry": { "type": "Point", "coordinates": [ 19.111517, -5.189117 ] } },
{ "type": "Feature", "properties": { "species": "Mastomys natalensis", "decimalLon": 18.7745, "decimalLat": -4.9772, "year": "1995" }, "geometry": { "type": "Point", "coordinates": [ 18.7745, -4.9772 ] } },
{ "type": "Feature", "properties": { "species": "Mastomys natalensis", "decimalLon": 18.8667, "decimalLat": -5.0667, "year": "1995" }, "geometry": { "type": "Point", "coordinates": [ 18.8667, -5.0667 ] } },
{ "type": "Feature", "properties": { "species": "Mastomys natalensis", "decimalLon": 18.7745, "decimalLat": -4.99385, "year": "1995" }, "geometry": { "type": "Point", "coordinates": [ 18.7745, -4.99385 ] } },
{ "type": "Feature", "properties": { "species": "Mastomys natalensis", "decimalLon": 15.1667, "decimalLat": -4.6, "year": "1993" }, "geometry": { "type": "Point", "coordinates": [ 15.1667, -4.6 ] } },
{ "type": "Feature", "properties": { "species": "Mastomys natalensis", "decimalLon": 25.2167, "decimalLat": 0.6, "year": "1987" }, "geometry": { "type": "Point", "coordinates": [ 25.2167, 0.6 ] } },
{ "type": "Feature", "properties": { "species": "Mastomys natalensis", "decimalLon": 25.2167, "decimalLat": 0.6, "year": "1986" }, "geometry": { "type": "Point", "coordinates": [ 25.2167, 0.6 ] } },
{ "type": "Feature", "properties": { "species": "Mastomys natalensis", "decimalLon": 25.2167, "decimalLat": 0.6, "year": "1985" }, "geometry": { "type": "Point", "coordinates": [ 25.2167, 0.6 ] } },
{ "type": "Feature", "properties": { "species": "Mastomys natalensis", "decimalLon": 25.5, "decimalLat": 0.5, "year": "1985" }, "geometry": { "type": "Point", "coordinates": [ 25.5, 0.5 ] } },
{ "type": "Feature", "properties": { "species": "Mastomys natalensis", "decimalLon": 24.6667, "decimalLat": 0.75, "year": "1985" }, "geometry": { "type": "Point", "coordinates": [ 24.6667, 0.75 ] } },
{ "type": "Feature", "properties": { "species": "Mastomys natalensis", "decimalLon": 25.0, "decimalLat": 1.0, "year": "1985" }, "geometry": { "type": "Point", "coordinates": [ 25.0, 1.0 ] } },
{ "type": "Feature", "properties": { "species": "Mastomys natalensis", "decimalLon": 25.25, "decimalLat": 0.8333, "year": "1985" }, "geometry": { "type": "Point", "coordinates": [ 25.25, 0.8333 ] } },
{ "type": "Feature", "properties": { "species": "Mastomys natalensis", "decimalLon": 25.25, "decimalLat": 0.8333, "year": "1984" }, "geometry": { "type": "Point", "coordinates": [ 25.25, 0.8333 ] } },
{ "type": "Feature", "properties": { "species": "Mastomys natalensis", "decimalLon": 25.5, "decimalLat": 0.5, "year": "1984" }, "geometry": { "type": "Point", "coordinates": [ 25.5, 0.5 ] } },
{ "type": "Feature", "properties": { "species": "Mastomys natalensis", "decimalLon": 24.6667, "decimalLat": 0.75, "year": "1984" }, "geometry": { "type": "Point", "coordinates": [ 24.6667, 0.75 ] } },
{ "type": "Feature", "properties": { "species": "Mastomys natalensis", "decimalLon": 25.2833, "decimalLat": -0.0667, "year": "1984" }, "geometry": { "type": "Point", "coordinates": [ 25.2833, -0.0667 ] } },
{ "type": "Feature", "properties": { "species": "Mastomys natalensis", "decimalLon": 25.2, "decimalLat": 0.5, "year": "1982" }, "geometry": { "type": "Point", "coordinates": [ 25.2, 0.5 ] } },
{ "type": "Feature", "properties": { "species": "Mastomys natalensis", "decimalLon": 25.2, "decimalLat": 0.5, "year": "1981" }, "geometry": { "type": "Point", "coordinates": [ 25.2, 0.5 ] } },
{ "type": "Feature", "properties": { "species": "Mastomys natalensis", "decimalLon": 21.85, "decimalLat": 2.58, "year": "1979" }, "geometry": { "type": "Point", "coordinates": [ 21.85, 2.58 ] } },
{ "type": "Feature", "properties": { "species": "Mastomys natalensis", "decimalLon": 19.35, "decimalLat": 3.03, "year": "1979" }, "geometry": { "type": "Point", "coordinates": [ 19.35, 3.03 ] } },
{ "type": "Feature", "properties": { "species": "Mastomys natalensis", "decimalLon": 15.35, "decimalLat": -4.3167, "year": "1978" }, "geometry": { "type": "Point", "coordinates": [ 15.35, -4.3167 ] } },
{ "type": "Feature", "properties": { "species": "Mastomys natalensis", "decimalLon": 15.5333, "decimalLat": -4.2333, "year": "1978" }, "geometry": { "type": "Point", "coordinates": [ 15.5333, -4.2333 ] } },
{ "type": "Feature", "properties": { "species": "Mastomys natalensis", "decimalLon": 27.4667, "decimalLat": -11.6667, "year": "1976" }, "geometry": { "type": "Point", "coordinates": [ 27.4667, -11.6667 ] } },
{ "type": "Feature", "properties": { "species": "Mastomys natalensis", "decimalLon": 27.466667, "decimalLat": -11.666667, "year": "1976" }, "geometry": { "type": "Point", "coordinates": [ 27.466667, -11.666667 ] } },
{ "type": "Feature", "properties": { "species": "Mastomys natalensis", "decimalLon": 29.0333, "decimalLat": 0.0, "year": "1970" }, "geometry": { "type": "Point", "coordinates": [ 29.0333, 0.0 ] } },
{ "type": "Feature", "properties": { "species": "Mastomys natalensis", "decimalLon": 29.3333, "decimalLat": -1.4667, "year": "1970" }, "geometry": { "type": "Point", "coordinates": [ 29.3333, -1.4667 ] } },
{ "type": "Feature", "properties": { "species": "Mastomys natalensis", "decimalLon": 27.4167, "decimalLat": -11.5667, "year": "1968" }, "geometry": { "type": "Point", "coordinates": [ 27.4167, -11.5667 ] } },
{ "type": "Feature", "properties": { "species": "Mastomys natalensis", "decimalLon": 27.416667, "decimalLat": -11.566667, "year": "1968" }, "geometry": { "type": "Point", "coordinates": [ 27.416667, -11.566667 ] } },
{ "type": "Feature", "properties": { "species": "Mastomys natalensis", "decimalLon": 22.4333, "decimalLat": -5.8833, "year": "1968" }, "geometry": { "type": "Point", "coordinates": [ 22.4333, -5.8833 ] } },
{ "type": "Feature", "properties": { "species": "Mastomys natalensis", "decimalLon": 28.1, "decimalLat": -3.0167, "year": "1968" }, "geometry": { "type": "Point", "coordinates": [ 28.1, -3.0167 ] } },
{ "type": "Feature", "properties": { "species": "Mastomys natalensis", "decimalLon": 29.3, "decimalLat": 0.15, "year": "1968" }, "geometry": { "type": "Point", "coordinates": [ 29.3, 0.15 ] } },
{ "type": "Feature", "properties": { "species": "Mastomys natalensis", "decimalLon": 27.4167, "decimalLat": -11.5667, "year": "1967" }, "geometry": { "type": "Point", "coordinates": [ 27.4167, -11.5667 ] } },
{ "type": "Feature", "properties": { "species": "Mastomys natalensis", "decimalLon": 27.416667, "decimalLat": -11.566667, "year": "1967" }, "geometry": { "type": "Point", "coordinates": [ 27.416667, -11.566667 ] } },
{ "type": "Feature", "properties": { "species": "Mastomys natalensis", "decimalLon": 27.4, "decimalLat": -11.5, "year": "1966" }, "geometry": { "type": "Point", "coordinates": [ 27.4, -11.5 ] } },
{ "type": "Feature", "properties": { "species": "Mastomys natalensis", "decimalLon": 27.4667, "decimalLat": -11.6667, "year": "1966" }, "geometry": { "type": "Point", "coordinates": [ 27.4667, -11.6667 ] } },
{ "type": "Feature", "properties": { "species": "Mastomys natalensis", "decimalLon": 27.466667, "decimalLat": -11.666667, "year": "1966" }, "geometry": { "type": "Point", "coordinates": [ 27.466667, -11.666667 ] } },
{ "type": "Feature", "properties": { "species": "Mastomys natalensis", "decimalLon": 27.4167, "decimalLat": -11.5667, "year": "1966" }, "geometry": { "type": "Point", "coordinates": [ 27.4167, -11.5667 ] } },
{ "type": "Feature", "properties": { "species": "Mastomys natalensis", "decimalLon": 27.416667, "decimalLat": -11.566667, "year": "1966" }, "geometry": { "type": "Point", "coordinates": [ 27.416667, -11.566667 ] } },
{ "type": "Feature", "properties": { "species": "Mastomys natalensis", "decimalLon": 28.1333, "decimalLat": -3.35, "year": "1966" }, "geometry": { "type": "Point", "coordinates": [ 28.1333, -3.35 ] } },
{ "type": "Feature", "properties": { "species": "Mastomys natalensis", "decimalLon": 26.6167, "decimalLat": -3.1833, "year": "1966" }, "geometry": { "type": "Point", "coordinates": [ 26.6167, -3.1833 ] } },
{ "type": "Feature", "properties": { "species": "Mastomys natalensis", "decimalLon": 27.05, "decimalLat": -11.0667, "year": "1964" }, "geometry": { "type": "Point", "coordinates": [ 27.05, -11.0667 ] } },
{ "type": "Feature", "properties": { "species": "Mastomys natalensis", "decimalLon": 27.5667, "decimalLat": -11.7, "year": "1964" }, "geometry": { "type": "Point", "coordinates": [ 27.5667, -11.7 ] } },
{ "type": "Feature", "properties": { "species": "Mastomys natalensis", "decimalLon": 27.4667, "decimalLat": -11.6667, "year": "1964" }, "geometry": { "type": "Point", "coordinates": [ 27.4667, -11.6667 ] } },
{ "type": "Feature", "properties": { "species": "Mastomys natalensis", "decimalLon": 29.3, "decimalLat": 0.15, "year": "1964" }, "geometry": { "type": "Point", "coordinates": [ 29.3, 0.15 ] } },
{ "type": "Feature", "properties": { "species": "Mastomys natalensis", "decimalLon": 22.4333, "decimalLat": -5.8833, "year": "1964" }, "geometry": { "type": "Point", "coordinates": [ 22.4333, -5.8833 ] } },
{ "type": "Feature", "properties": { "species": "Mastomys natalensis", "decimalLon": 12.9, "decimalLat": -4.7833, "year": "1964" }, "geometry": { "type": "Point", "coordinates": [ 12.9, -4.7833 ] } },
{ "type": "Feature", "properties": { "species": "Mastomys natalensis", "decimalLon": 29.3, "decimalLat": 0.2, "year": "1964" }, "geometry": { "type": "Point", "coordinates": [ 29.3, 0.2 ] } },
{ "type": "Feature", "properties": { "species": "Mastomys natalensis", "decimalLon": 27.4667, "decimalLat": -11.6667, "year": "1963" }, "geometry": { "type": "Point", "coordinates": [ 27.4667, -11.6667 ] } },
{ "type": "Feature", "properties": { "species": "Mastomys natalensis", "decimalLon": 27.4, "decimalLat": -11.5, "year": "1963" }, "geometry": { "type": "Point", "coordinates": [ 27.4, -11.5 ] } },
{ "type": "Feature", "properties": { "species": "Mastomys natalensis", "decimalLon": 27.4, "decimalLat": -11.5, "year": "1962" }, "geometry": { "type": "Point", "coordinates": [ 27.4, -11.5 ] } },
{ "type": "Feature", "properties": { "species": "Mastomys natalensis", "decimalLon": 19.25, "decimalLat": 3.1667, "year": "1961" }, "geometry": { "type": "Point", "coordinates": [ 19.25, 3.1667 ] } },
{ "type": "Feature", "properties": { "species": "Mastomys natalensis", "decimalLon": 26.5833, "decimalLat": -4.5167, "year": "1960" }, "geometry": { "type": "Point", "coordinates": [ 26.5833, -4.5167 ] } },
{ "type": "Feature", "properties": { "species": "Mastomys natalensis", "decimalLon": 27.5, "decimalLat": -11.6833, "year": "1960" }, "geometry": { "type": "Point", "coordinates": [ 27.5, -11.6833 ] } },
{ "type": "Feature", "properties": { "species": "Mastomys natalensis", "decimalLon": 27.35, "decimalLat": -11.5667, "year": "1960" }, "geometry": { "type": "Point", "coordinates": [ 27.35, -11.5667 ] } },
{ "type": "Feature", "properties": { "species": "Mastomys natalensis", "decimalLon": 27.05, "decimalLat": -11.0667, "year": "1960" }, "geometry": { "type": "Point", "coordinates": [ 27.05, -11.0667 ] } },
{ "type": "Feature", "properties": { "species": "Mastomys natalensis", "decimalLon": 29.6, "decimalLat": -0.1333, "year": "1959" }, "geometry": { "type": "Point", "coordinates": [ 29.6, -0.1333 ] } },
{ "type": "Feature", "properties": { "species": "Mastomys natalensis", "decimalLon": 29.85, "decimalLat": 0.5833, "year": "1959" }, "geometry": { "type": "Point", "coordinates": [ 29.85, 0.5833 ] } },
{ "type": "Feature", "properties": { "species": "Mastomys natalensis", "decimalLon": 27.05, "decimalLat": -11.0667, "year": "1959" }, "geometry": { "type": "Point", "coordinates": [ 27.05, -11.0667 ] } },
{ "type": "Feature", "properties": { "species": "Mastomys natalensis", "decimalLon": 29.4167, "decimalLat": -0.8667, "year": "1959" }, "geometry": { "type": "Point", "coordinates": [ 29.4167, -0.8667 ] } },
{ "type": "Feature", "properties": { "species": "Mastomys natalensis", "decimalLon": 27.5667, "decimalLat": -11.7, "year": "1959" }, "geometry": { "type": "Point", "coordinates": [ 27.5667, -11.7 ] } },
{ "type": "Feature", "properties": { "species": "Mastomys natalensis", "decimalLon": 27.9833, "decimalLat": -11.7833, "year": "1959" }, "geometry": { "type": "Point", "coordinates": [ 27.9833, -11.7833 ] } },
{ "type": "Feature", "properties": { "species": "Mastomys natalensis", "decimalLon": 29.7833, "decimalLat": 0.6667, "year": "1959" }, "geometry": { "type": "Point", "coordinates": [ 29.7833, 0.6667 ] } },
{ "type": "Feature", "properties": { "species": "Mastomys natalensis", "decimalLon": 29.45, "decimalLat": -1.2, "year": "1959" }, "geometry": { "type": "Point", "coordinates": [ 29.45, -1.2 ] } },
{ "type": "Feature", "properties": { "species": "Mastomys natalensis", "decimalLon": 23.25, "decimalLat": -3.35, "year": "1959" }, "geometry": { "type": "Point", "coordinates": [ 23.25, -3.35 ] } },
{ "type": "Feature", "properties": { "species": "Mastomys natalensis", "decimalLon": 29.45, "decimalLat": -1.1667, "year": "1959" }, "geometry": { "type": "Point", "coordinates": [ 29.45, -1.1667 ] } },
{ "type": "Feature", "properties": { "species": "Mastomys natalensis", "decimalLon": 26.5833, "decimalLat": -4.5167, "year": "1959" }, "geometry": { "type": "Point", "coordinates": [ 26.5833, -4.5167 ] } },
{ "type": "Feature", "properties": { "species": "Mastomys natalensis", "decimalLon": 29.5, "decimalLat": -0.1667, "year": "1959" }, "geometry": { "type": "Point", "coordinates": [ 29.5, -0.1667 ] } },
{ "type": "Feature", "properties": { "species": "Mastomys natalensis", "decimalLon": 29.2833, "decimalLat": -0.7833, "year": "1958" }, "geometry": { "type": "Point", "coordinates": [ 29.2833, -0.7833 ] } },
{ "type": "Feature", "properties": { "species": "Mastomys natalensis", "decimalLon": 29.45, "decimalLat": -1.1667, "year": "1958" }, "geometry": { "type": "Point", "coordinates": [ 29.45, -1.1667 ] } },
{ "type": "Feature", "properties": { "species": "Mastomys natalensis", "decimalLon": 30.6, "decimalLat": 1.75, "year": "1958" }, "geometry": { "type": "Point", "coordinates": [ 30.6, 1.75 ] } },
{ "type": "Feature", "properties": { "species": "Mastomys natalensis", "decimalLon": 29.6, "decimalLat": -0.1333, "year": "1958" }, "geometry": { "type": "Point", "coordinates": [ 29.6, -0.1333 ] } },
{ "type": "Feature", "properties": { "species": "Mastomys natalensis", "decimalLon": 29.6, "decimalLat": -0.133333, "year": "1958" }, "geometry": { "type": "Point", "coordinates": [ 29.6, -0.133333 ] } },
{ "type": "Feature", "properties": { "species": "Mastomys natalensis", "decimalLon": 30.1167, "decimalLat": 1.05, "year": "1958" }, "geometry": { "type": "Point", "coordinates": [ 30.1167, 1.05 ] } },
{ "type": "Feature", "properties": { "species": "Mastomys natalensis", "decimalLon": 30.1167, "decimalLat": 1.0833, "year": "1958" }, "geometry": { "type": "Point", "coordinates": [ 30.1167, 1.0833 ] } },
{ "type": "Feature", "properties": { "species": "Mastomys natalensis", "decimalLon": 29.9833, "decimalLat": 0.8333, "year": "1958" }, "geometry": { "type": "Point", "coordinates": [ 29.9833, 0.8333 ] } },
{ "type": "Feature", "properties": { "species": "Mastomys natalensis", "decimalLon": 29.5, "decimalLat": -1.1, "year": "1958" }, "geometry": { "type": "Point", "coordinates": [ 29.5, -1.1 ] } },
{ "type": "Feature", "properties": { "species": "Mastomys natalensis", "decimalLon": 29.35, "decimalLat": -0.0167, "year": "1958" }, "geometry": { "type": "Point", "coordinates": [ 29.35, -0.0167 ] } },
{ "type": "Feature", "properties": { "species": "Mastomys natalensis", "decimalLon": 29.65, "decimalLat": -0.4667, "year": "1958" }, "geometry": { "type": "Point", "coordinates": [ 29.65, -0.4667 ] } },
{ "type": "Feature", "properties": { "species": "Mastomys natalensis", "decimalLon": 29.45, "decimalLat": -0.6833, "year": "1958" }, "geometry": { "type": "Point", "coordinates": [ 29.45, -0.6833 ] } },
{ "type": "Feature", "properties": { "species": "Mastomys natalensis", "decimalLon": 29.6, "decimalLat": 0.4, "year": "1958" }, "geometry": { "type": "Point", "coordinates": [ 29.6, 0.4 ] } },
{ "type": "Feature", "properties": { "species": "Mastomys natalensis", "decimalLon": 29.7667, "decimalLat": 0.3333, "year": "1958" }, "geometry": { "type": "Point", "coordinates": [ 29.7667, 0.3333 ] } },
{ "type": "Feature", "properties": { "species": "Mastomys natalensis", "decimalLon": 27.05, "decimalLat": -11.0667, "year": "1958" }, "geometry": { "type": "Point", "coordinates": [ 27.05, -11.0667 ] } },
{ "type": "Feature", "properties": { "species": "Mastomys natalensis", "decimalLon": 29.7167, "decimalLat": 0.25, "year": "1957" }, "geometry": { "type": "Point", "coordinates": [ 29.7167, 0.25 ] } },
{ "type": "Feature", "properties": { "species": "Mastomys natalensis", "decimalLon": 27.05, "decimalLat": -11.0667, "year": "1957" }, "geometry": { "type": "Point", "coordinates": [ 27.05, -11.0667 ] } },
{ "type": "Feature", "properties": { "species": "Mastomys natalensis", "decimalLon": 25.4725, "decimalLat": -10.71667, "year": "1957" }, "geometry": { "type": "Point", "coordinates": [ 25.4725, -10.71667 ] } },
{ "type": "Feature", "properties": { "species": "Mastomys natalensis", "decimalLon": 27.4667, "decimalLat": -11.6667, "year": "1957" }, "geometry": { "type": "Point", "coordinates": [ 27.4667, -11.6667 ] } },
{ "type": "Feature", "properties": { "species": "Mastomys natalensis", "decimalLon": 29.0167, "decimalLat": -0.05, "year": "1957" }, "geometry": { "type": "Point", "coordinates": [ 29.0167, -0.05 ] } },
{ "type": "Feature", "properties": { "species": "Mastomys natalensis", "decimalLon": 29.0333, "decimalLat": -0.05, "year": "1957" }, "geometry": { "type": "Point", "coordinates": [ 29.0333, -0.05 ] } },
{ "type": "Feature", "properties": { "species": "Mastomys natalensis", "decimalLon": 29.3667, "decimalLat": -0.6333, "year": "1957" }, "geometry": { "type": "Point", "coordinates": [ 29.3667, -0.6333 ] } },
{ "type": "Feature", "properties": { "species": "Mastomys natalensis", "decimalLon": 29.6, "decimalLat": -0.1333, "year": "1957" }, "geometry": { "type": "Point", "coordinates": [ 29.6, -0.1333 ] } },
{ "type": "Feature", "properties": { "species": "Mastomys natalensis", "decimalLon": 29.2833, "decimalLat": -0.7833, "year": "1957" }, "geometry": { "type": "Point", "coordinates": [ 29.2833, -0.7833 ] } },
{ "type": "Feature", "properties": { "species": "Mastomys natalensis", "decimalLon": 29.65, "decimalLat": 0.2, "year": "1957" }, "geometry": { "type": "Point", "coordinates": [ 29.65, 0.2 ] } },
{ "type": "Feature", "properties": { "species": "Mastomys natalensis", "decimalLon": 29.45, "decimalLat": -1.1667, "year": "1957" }, "geometry": { "type": "Point", "coordinates": [ 29.45, -1.1667 ] } },
{ "type": "Feature", "properties": { "species": "Mastomys natalensis", "decimalLon": 27.6167, "decimalLat": -11.55, "year": "1956" }, "geometry": { "type": "Point", "coordinates": [ 27.6167, -11.55 ] } },
{ "type": "Feature", "properties": { "species": "Mastomys natalensis", "decimalLon": 29.2, "decimalLat": -12.85, "year": "1956" }, "geometry": { "type": "Point", "coordinates": [ 29.2, -12.85 ] } },
{ "type": "Feature", "properties": { "species": "Mastomys natalensis", "decimalLon": 27.05, "decimalLat": -11.0667, "year": "1956" }, "geometry": { "type": "Point", "coordinates": [ 27.05, -11.0667 ] } },
{ "type": "Feature", "properties": { "species": "Mastomys natalensis", "decimalLon": 27.45, "decimalLat": -11.4833, "year": "1956" }, "geometry": { "type": "Point", "coordinates": [ 27.45, -11.4833 ] } },
{ "type": "Feature", "properties": { "species": "Mastomys natalensis", "decimalLon": 29.15, "decimalLat": 3.6667, "year": "1956" }, "geometry": { "type": "Point", "coordinates": [ 29.15, 3.6667 ] } },
{ "type": "Feature", "properties": { "species": "Mastomys natalensis", "decimalLon": 27.05, "decimalLat": -11.0667, "year": "1955" }, "geometry": { "type": "Point", "coordinates": [ 27.05, -11.0667 ] } },
{ "type": "Feature", "properties": { "species": "Mastomys natalensis", "decimalLon": 27.0, "decimalLat": -5.3333, "year": "1955" }, "geometry": { "type": "Point", "coordinates": [ 27.0, -5.3333 ] } },
{ "type": "Feature", "properties": { "species": "Mastomys natalensis", "decimalLon": 27.85, "decimalLat": -11.45, "year": "1955" }, "geometry": { "type": "Point", "coordinates": [ 27.85, -11.45 ] } },
{ "type": "Feature", "properties": { "species": "Mastomys natalensis", "decimalLon": 30.2167, "decimalLat": 1.5667, "year": "1955" }, "geometry": { "type": "Point", "coordinates": [ 30.2167, 1.5667 ] } },
{ "type": "Feature", "properties": { "species": "Mastomys natalensis", "decimalLon": 26.7833, "decimalLat": -10.9667, "year": "1955" }, "geometry": { "type": "Point", "coordinates": [ 26.7833, -10.9667 ] } },
{ "type": "Feature", "properties": { "species": "Mastomys natalensis", "decimalLon": 27.0667, "decimalLat": -11.0667, "year": "1955" }, "geometry": { "type": "Point", "coordinates": [ 27.0667, -11.0667 ] } },
{ "type": "Feature", "properties": { "species": "Mastomys natalensis", "decimalLon": 27.5667, "decimalLat": -11.7, "year": "1955" }, "geometry": { "type": "Point", "coordinates": [ 27.5667, -11.7 ] } },
{ "type": "Feature", "properties": { "species": "Mastomys natalensis", "decimalLon": 29.7667, "decimalLat": 0.4167, "year": "1955" }, "geometry": { "type": "Point", "coordinates": [ 29.7667, 0.4167 ] } },
{ "type": "Feature", "properties": { "species": "Mastomys natalensis", "decimalLon": 29.2, "decimalLat": -12.85, "year": "1955" }, "geometry": { "type": "Point", "coordinates": [ 29.2, -12.85 ] } },
{ "type": "Feature", "properties": { "species": "Mastomys natalensis", "decimalLon": 27.4167, "decimalLat": -11.7, "year": "1955" }, "geometry": { "type": "Point", "coordinates": [ 27.4167, -11.7 ] } },
{ "type": "Feature", "properties": { "species": "Mastomys natalensis", "decimalLon": 29.4167, "decimalLat": -0.15, "year": "1954" }, "geometry": { "type": "Point", "coordinates": [ 29.4167, -0.15 ] } },
{ "type": "Feature", "properties": { "species": "Mastomys natalensis", "decimalLon": 29.75, "decimalLat": 0.3167, "year": "1954" }, "geometry": { "type": "Point", "coordinates": [ 29.75, 0.3167 ] } },
{ "type": "Feature", "properties": { "species": "Mastomys natalensis", "decimalLon": 27.05, "decimalLat": -11.0667, "year": "1954" }, "geometry": { "type": "Point", "coordinates": [ 27.05, -11.0667 ] } },
{ "type": "Feature", "properties": { "species": "Mastomys natalensis", "decimalLon": 27.4667, "decimalLat": -11.6667, "year": "1954" }, "geometry": { "type": "Point", "coordinates": [ 27.4667, -11.6667 ] } },
{ "type": "Feature", "properties": { "species": "Mastomys natalensis", "decimalLon": 29.15, "decimalLat": 3.6667, "year": "1954" }, "geometry": { "type": "Point", "coordinates": [ 29.15, 3.6667 ] } },
{ "type": "Feature", "properties": { "species": "Mastomys natalensis", "decimalLon": 29.1667, "decimalLat": -5.95, "year": "1954" }, "geometry": { "type": "Point", "coordinates": [ 29.1667, -5.95 ] } },
{ "type": "Feature", "properties": { "species": "Mastomys natalensis", "decimalLon": 29.1667, "decimalLat": -5.95, "year": "1953" }, "geometry": { "type": "Point", "coordinates": [ 29.1667, -5.95 ] } },
{ "type": "Feature", "properties": { "species": "Mastomys natalensis", "decimalLon": 29.5167, "decimalLat": -6.7167, "year": "1953" }, "geometry": { "type": "Point", "coordinates": [ 29.5167, -6.7167 ] } },
{ "type": "Feature", "properties": { "species": "Mastomys natalensis", "decimalLon": 29.75, "decimalLat": 0.3167, "year": "1953" }, "geometry": { "type": "Point", "coordinates": [ 29.75, 0.3167 ] } },
{ "type": "Feature", "properties": { "species": "Mastomys natalensis", "decimalLon": 29.4167, "decimalLat": 3.9167, "year": "1952" }, "geometry": { "type": "Point", "coordinates": [ 29.4167, 3.9167 ] } },
{ "type": "Feature", "properties": { "species": "Mastomys natalensis", "decimalLon": 30.6, "decimalLat": 1.75, "year": "1952" }, "geometry": { "type": "Point", "coordinates": [ 30.6, 1.75 ] } },
{ "type": "Feature", "properties": { "species": "Mastomys natalensis", "decimalLon": 29.3833, "decimalLat": 3.9667, "year": "1952" }, "geometry": { "type": "Point", "coordinates": [ 29.3833, 3.9667 ] } },
{ "type": "Feature", "properties": { "species": "Mastomys natalensis", "decimalLon": 29.7833, "decimalLat": 4.3667, "year": "1952" }, "geometry": { "type": "Point", "coordinates": [ 29.7833, 4.3667 ] } },
{ "type": "Feature", "properties": { "species": "Mastomys natalensis", "decimalLon": 28.8167, "decimalLat": -0.4833, "year": "1952" }, "geometry": { "type": "Point", "coordinates": [ 28.8167, -0.4833 ] } },
{ "type": "Feature", "properties": { "species": "Mastomys natalensis", "decimalLon": 29.3333, "decimalLat": -0.9167, "year": "1952" }, "geometry": { "type": "Point", "coordinates": [ 29.3333, -0.9167 ] } },
{ "type": "Feature", "properties": { "species": "Mastomys natalensis", "decimalLon": 29.45, "decimalLat": -1.2, "year": "1952" }, "geometry": { "type": "Point", "coordinates": [ 29.45, -1.2 ] } },
{ "type": "Feature", "properties": { "species": "Mastomys natalensis", "decimalLon": 29.55, "decimalLat": 4.6333, "year": "1952" }, "geometry": { "type": "Point", "coordinates": [ 29.55, 4.6333 ] } },
{ "type": "Feature", "properties": { "species": "Mastomys natalensis", "decimalLon": 28.3333, "decimalLat": -3.1833, "year": "1952" }, "geometry": { "type": "Point", "coordinates": [ 28.3333, -3.1833 ] } },
{ "type": "Feature", "properties": { "species": "Mastomys natalensis", "decimalLon": 29.1667, "decimalLat": -5.95, "year": "1952" }, "geometry": { "type": "Point", "coordinates": [ 29.1667, -5.95 ] } },
{ "type": "Feature", "properties": { "species": "Mastomys natalensis", "decimalLon": 28.8667, "decimalLat": -2.5, "year": "1952" }, "geometry": { "type": "Point", "coordinates": [ 28.8667, -2.5 ] } },
{ "type": "Feature", "properties": { "species": "Mastomys natalensis", "decimalLon": 29.7, "decimalLat": 4.5833, "year": "1952" }, "geometry": { "type": "Point", "coordinates": [ 29.7, 4.5833 ] } },
{ "type": "Feature", "properties": { "species": "Mastomys natalensis", "decimalLon": 27.4667, "decimalLat": -11.6667, "year": "1952" }, "geometry": { "type": "Point", "coordinates": [ 27.4667, -11.6667 ] } },
{ "type": "Feature", "properties": { "species": "Mastomys natalensis", "decimalLon": 27.4833, "decimalLat": -11.7167, "year": "1952" }, "geometry": { "type": "Point", "coordinates": [ 27.4833, -11.7167 ] } },
{ "type": "Feature", "properties": { "species": "Mastomys natalensis", "decimalLon": 27.5, "decimalLat": -11.6833, "year": "1952" }, "geometry": { "type": "Point", "coordinates": [ 27.5, -11.6833 ] } },
{ "type": "Feature", "properties": { "species": "Mastomys natalensis", "decimalLon": 27.5667, "decimalLat": -11.75, "year": "1952" }, "geometry": { "type": "Point", "coordinates": [ 27.5667, -11.75 ] } },
{ "type": "Feature", "properties": { "species": "Mastomys natalensis", "decimalLon": 29.45, "decimalLat": 4.5333, "year": "1952" }, "geometry": { "type": "Point", "coordinates": [ 29.45, 4.5333 ] } },
{ "type": "Feature", "properties": { "species": "Mastomys natalensis", "decimalLon": 29.2667, "decimalLat": 4.3333, "year": "1952" }, "geometry": { "type": "Point", "coordinates": [ 29.2667, 4.3333 ] } },
{ "type": "Feature", "properties": { "species": "Mastomys natalensis", "decimalLon": 29.75, "decimalLat": 0.3167, "year": "1952" }, "geometry": { "type": "Point", "coordinates": [ 29.75, 0.3167 ] } },
{ "type": "Feature", "properties": { "species": "Mastomys natalensis", "decimalLon": 26.7833, "decimalLat": -10.9667, "year": "1952" }, "geometry": { "type": "Point", "coordinates": [ 26.7833, -10.9667 ] } },
{ "type": "Feature", "properties": { "species": "Mastomys natalensis", "decimalLon": 28.5667, "decimalLat": -12.75, "year": "1952" }, "geometry": { "type": "Point", "coordinates": [ 28.5667, -12.75 ] } },
{ "type": "Feature", "properties": { "species": "Mastomys natalensis", "decimalLon": 29.8333, "decimalLat": 2.6667, "year": "1952" }, "geometry": { "type": "Point", "coordinates": [ 29.8333, 2.6667 ] } },
{ "type": "Feature", "properties": { "species": "Mastomys natalensis", "decimalLon": 29.833333, "decimalLat": 2.666667, "year": "1952" }, "geometry": { "type": "Point", "coordinates": [ 29.833333, 2.666667 ] } },
{ "type": "Feature", "properties": { "species": "Mastomys natalensis", "decimalLon": 29.4167, "decimalLat": 3.9167, "year": "1951" }, "geometry": { "type": "Point", "coordinates": [ 29.4167, 3.9167 ] } },
{ "type": "Feature", "properties": { "species": "Mastomys natalensis", "decimalLon": 29.35, "decimalLat": 4.2167, "year": "1951" }, "geometry": { "type": "Point", "coordinates": [ 29.35, 4.2167 ] } },
{ "type": "Feature", "properties": { "species": "Mastomys natalensis", "decimalLon": 29.7, "decimalLat": 4.5833, "year": "1951" }, "geometry": { "type": "Point", "coordinates": [ 29.7, 4.5833 ] } },
{ "type": "Feature", "properties": { "species": "Mastomys natalensis", "decimalLon": 29.3333, "decimalLat": 4.1667, "year": "1951" }, "geometry": { "type": "Point", "coordinates": [ 29.3333, 4.1667 ] } },
{ "type": "Feature", "properties": { "species": "Mastomys natalensis", "decimalLon": 29.5, "decimalLat": 4.25, "year": "1951" }, "geometry": { "type": "Point", "coordinates": [ 29.5, 4.25 ] } },
{ "type": "Feature", "properties": { "species": "Mastomys natalensis", "decimalLon": 29.333333, "decimalLat": 4.166667, "year": "1951" }, "geometry": { "type": "Point", "coordinates": [ 29.333333, 4.166667 ] } },
{ "type": "Feature", "properties": { "species": "Mastomys natalensis", "decimalLon": 29.4833, "decimalLat": 4.1833, "year": "1951" }, "geometry": { "type": "Point", "coordinates": [ 29.4833, 4.1833 ] } },
{ "type": "Feature", "properties": { "species": "Mastomys natalensis", "decimalLon": 29.5667, "decimalLat": 4.3333, "year": "1951" }, "geometry": { "type": "Point", "coordinates": [ 29.5667, 4.3333 ] } },
{ "type": "Feature", "properties": { "species": "Mastomys natalensis", "decimalLon": 28.1, "decimalLat": -3.0167, "year": "1951" }, "geometry": { "type": "Point", "coordinates": [ 28.1, -3.0167 ] } },
{ "type": "Feature", "properties": { "species": "Mastomys natalensis", "decimalLon": 30.5833, "decimalLat": 2.0, "year": "1951" }, "geometry": { "type": "Point", "coordinates": [ 30.5833, 2.0 ] } },
{ "type": "Feature", "properties": { "species": "Mastomys natalensis", "decimalLon": 27.4667, "decimalLat": -11.6667, "year": "1951" }, "geometry": { "type": "Point", "coordinates": [ 27.4667, -11.6667 ] } },
{ "type": "Feature", "properties": { "species": "Mastomys natalensis", "decimalLon": 30.583333, "decimalLat": 2.0, "year": "1951" }, "geometry": { "type": "Point", "coordinates": [ 30.583333, 2.0 ] } },
{ "type": "Feature", "properties": { "species": "Mastomys natalensis", "decimalLon": 29.2667, "decimalLat": 4.3333, "year": "1950" }, "geometry": { "type": "Point", "coordinates": [ 29.2667, 4.3333 ] } },
{ "type": "Feature", "properties": { "species": "Mastomys natalensis", "decimalLon": 13.05, "decimalLat": -5.8333, "year": "1950" }, "geometry": { "type": "Point", "coordinates": [ 13.05, -5.8333 ] } },
{ "type": "Feature", "properties": { "species": "Mastomys natalensis", "decimalLon": 28.1, "decimalLat": -3.0167, "year": "1950" }, "geometry": { "type": "Point", "coordinates": [ 28.1, -3.0167 ] } },
{ "type": "Feature", "properties": { "species": "Mastomys natalensis", "decimalLon": 29.4167, "decimalLat": 3.9167, "year": "1950" }, "geometry": { "type": "Point", "coordinates": [ 29.4167, 3.9167 ] } },
{ "type": "Feature", "properties": { "species": "Mastomys natalensis", "decimalLon": 26.5167, "decimalLat": -8.65, "year": "1949" }, "geometry": { "type": "Point", "coordinates": [ 26.5167, -8.65 ] } },
{ "type": "Feature", "properties": { "species": "Mastomys natalensis", "decimalLon": 26.516667, "decimalLat": -8.65, "year": "1949" }, "geometry": { "type": "Point", "coordinates": [ 26.516667, -8.65 ] } },
{ "type": "Feature", "properties": { "species": "Mastomys natalensis", "decimalLon": 25.5333, "decimalLat": -5.9333, "year": "1949" }, "geometry": { "type": "Point", "coordinates": [ 25.5333, -5.9333 ] } },
{ "type": "Feature", "properties": { "species": "Mastomys natalensis", "decimalLon": 25.533333, "decimalLat": -5.933333, "year": "1949" }, "geometry": { "type": "Point", "coordinates": [ 25.533333, -5.933333 ] } },
{ "type": "Feature", "properties": { "species": "Mastomys natalensis", "decimalLon": 29.15, "decimalLat": 3.6667, "year": "1949" }, "geometry": { "type": "Point", "coordinates": [ 29.15, 3.6667 ] } },
{ "type": "Feature", "properties": { "species": "Mastomys natalensis", "decimalLon": 27.4667, "decimalLat": -11.6667, "year": "1949" }, "geometry": { "type": "Point", "coordinates": [ 27.4667, -11.6667 ] } },
{ "type": "Feature", "properties": { "species": "Mastomys natalensis", "decimalLon": 29.2667, "decimalLat": 4.3333, "year": "1949" }, "geometry": { "type": "Point", "coordinates": [ 29.2667, 4.3333 ] } },
{ "type": "Feature", "properties": { "species": "Mastomys natalensis", "decimalLon": 28.8167, "decimalLat": -0.4833, "year": "1949" }, "geometry": { "type": "Point", "coordinates": [ 28.8167, -0.4833 ] } },
{ "type": "Feature", "properties": { "species": "Mastomys natalensis", "decimalLon": 16.4, "decimalLat": -2.0833, "year": "1949" }, "geometry": { "type": "Point", "coordinates": [ 16.4, -2.0833 ] } },
{ "type": "Feature", "properties": { "species": "Mastomys natalensis", "decimalLon": 22.4833, "decimalLat": -10.4833, "year": "1948" }, "geometry": { "type": "Point", "coordinates": [ 22.4833, -10.4833 ] } },
{ "type": "Feature", "properties": { "species": "Mastomys natalensis", "decimalLon": 27.2, "decimalLat": -8.9333, "year": "1948" }, "geometry": { "type": "Point", "coordinates": [ 27.2, -8.9333 ] } },
{ "type": "Feature", "properties": { "species": "Mastomys natalensis", "decimalLon": 27.2, "decimalLat": -8.933333, "year": "1948" }, "geometry": { "type": "Point", "coordinates": [ 27.2, -8.933333 ] } },
{ "type": "Feature", "properties": { "species": "Mastomys natalensis", "decimalLon": 29.1333, "decimalLat": 3.6833, "year": "1948" }, "geometry": { "type": "Point", "coordinates": [ 29.1333, 3.6833 ] } },
{ "type": "Feature", "properties": { "species": "Mastomys natalensis", "decimalLon": 29.133333, "decimalLat": 3.683333, "year": "1948" }, "geometry": { "type": "Point", "coordinates": [ 29.133333, 3.683333 ] } },
{ "type": "Feature", "properties": { "species": "Mastomys natalensis", "decimalLon": 27.2, "decimalLat": -9.0833, "year": "1948" }, "geometry": { "type": "Point", "coordinates": [ 27.2, -9.0833 ] } },
{ "type": "Feature", "properties": { "species": "Mastomys natalensis", "decimalLon": 27.2, "decimalLat": -9.083333, "year": "1948" }, "geometry": { "type": "Point", "coordinates": [ 27.2, -9.083333 ] } },
{ "type": "Feature", "properties": { "species": "Mastomys natalensis", "decimalLon": 31.25, "decimalLat": 2.1333, "year": "1948" }, "geometry": { "type": "Point", "coordinates": [ 31.25, 2.1333 ] } },
{ "type": "Feature", "properties": { "species": "Mastomys natalensis", "decimalLon": 30.6667, "decimalLat": 1.7333, "year": "1948" }, "geometry": { "type": "Point", "coordinates": [ 30.6667, 1.7333 ] } },
{ "type": "Feature", "properties": { "species": "Mastomys natalensis", "decimalLon": 22.4167, "decimalLat": -0.75, "year": "1948" }, "geometry": { "type": "Point", "coordinates": [ 22.4167, -0.75 ] } },
{ "type": "Feature", "properties": { "species": "Mastomys natalensis", "decimalLon": 26.5167, "decimalLat": -8.65, "year": "1948" }, "geometry": { "type": "Point", "coordinates": [ 26.5167, -8.65 ] } },
{ "type": "Feature", "properties": { "species": "Mastomys natalensis", "decimalLon": 26.516667, "decimalLat": -8.65, "year": "1948" }, "geometry": { "type": "Point", "coordinates": [ 26.516667, -8.65 ] } },
{ "type": "Feature", "properties": { "species": "Mastomys natalensis", "decimalLon": 27.2, "decimalLat": -8.9333, "year": "1947" }, "geometry": { "type": "Point", "coordinates": [ 27.2, -8.9333 ] } },
{ "type": "Feature", "properties": { "species": "Mastomys natalensis", "decimalLon": 27.2, "decimalLat": -8.933333, "year": "1947" }, "geometry": { "type": "Point", "coordinates": [ 27.2, -8.933333 ] } },
{ "type": "Feature", "properties": { "species": "Mastomys natalensis", "decimalLon": 26.5167, "decimalLat": -8.65, "year": "1947" }, "geometry": { "type": "Point", "coordinates": [ 26.5167, -8.65 ] } },
{ "type": "Feature", "properties": { "species": "Mastomys natalensis", "decimalLon": 26.516667, "decimalLat": -8.65, "year": "1947" }, "geometry": { "type": "Point", "coordinates": [ 26.516667, -8.65 ] } },
{ "type": "Feature", "properties": { "species": "Mastomys natalensis", "decimalLon": 25.533333, "decimalLat": -5.933333, "year": "1946" }, "geometry": { "type": "Point", "coordinates": [ 25.533333, -5.933333 ] } },
{ "type": "Feature", "properties": { "species": "Mastomys natalensis", "decimalLon": 25.5333, "decimalLat": -5.9333, "year": "1946" }, "geometry": { "type": "Point", "coordinates": [ 25.5333, -5.9333 ] } },
{ "type": "Feature", "properties": { "species": "Mastomys natalensis", "decimalLon": 25.7167, "decimalLat": 3.4667, "year": "1946" }, "geometry": { "type": "Point", "coordinates": [ 25.7167, 3.4667 ] } },
{ "type": "Feature", "properties": { "species": "Mastomys natalensis", "decimalLon": 25.5333, "decimalLat": -5.9333, "year": "1945" }, "geometry": { "type": "Point", "coordinates": [ 25.5333, -5.9333 ] } },
{ "type": "Feature", "properties": { "species": "Mastomys natalensis", "decimalLon": 25.533333, "decimalLat": -5.933333, "year": "1945" }, "geometry": { "type": "Point", "coordinates": [ 25.533333, -5.933333 ] } },
{ "type": "Feature", "properties": { "species": "Mastomys natalensis", "decimalLon": 25.7333, "decimalLat": 3.3667, "year": "1943" }, "geometry": { "type": "Point", "coordinates": [ 25.7333, 3.3667 ] } },
{ "type": "Feature", "properties": { "species": "Mastomys natalensis", "decimalLon": 28.8, "decimalLat": -2.3167, "year": "1941" }, "geometry": { "type": "Point", "coordinates": [ 28.8, -2.3167 ] } },
{ "type": "Feature", "properties": { "species": "Mastomys natalensis", "decimalLon": 15.3, "decimalLat": -4.3, "year": "1939" }, "geometry": { "type": "Point", "coordinates": [ 15.3, -4.3 ] } },
{ "type": "Feature", "properties": { "species": "Mastomys natalensis", "decimalLon": 29.4833, "decimalLat": 0.4833, "year": "1939" }, "geometry": { "type": "Point", "coordinates": [ 29.4833, 0.4833 ] } },
{ "type": "Feature", "properties": { "species": "Mastomys natalensis", "decimalLon": 22.3167, "decimalLat": -6.0167, "year": "1939" }, "geometry": { "type": "Point", "coordinates": [ 22.3167, -6.0167 ] } },
{ "type": "Feature", "properties": { "species": "Mastomys natalensis", "decimalLon": 30.05, "decimalLat": 1.9333, "year": "1939" }, "geometry": { "type": "Point", "coordinates": [ 30.05, 1.9333 ] } },
{ "type": "Feature", "properties": { "species": "Mastomys natalensis", "decimalLon": 30.1167, "decimalLat": 1.8833, "year": "1939" }, "geometry": { "type": "Point", "coordinates": [ 30.1167, 1.8833 ] } },
{ "type": "Feature", "properties": { "species": "Mastomys natalensis", "decimalLon": 25.7333, "decimalLat": 3.3667, "year": "1939" }, "geometry": { "type": "Point", "coordinates": [ 25.7333, 3.3667 ] } },
{ "type": "Feature", "properties": { "species": "Mastomys natalensis", "decimalLon": 29.45, "decimalLat": -1.1833, "year": "1938" }, "geometry": { "type": "Point", "coordinates": [ 29.45, -1.1833 ] } },
{ "type": "Feature", "properties": { "species": "Mastomys natalensis", "decimalLon": 15.3, "decimalLat": -4.3, "year": "1938" }, "geometry": { "type": "Point", "coordinates": [ 15.3, -4.3 ] } },
{ "type": "Feature", "properties": { "species": "Mastomys natalensis", "decimalLon": 25.7333, "decimalLat": 3.3667, "year": "1938" }, "geometry": { "type": "Point", "coordinates": [ 25.7333, 3.3667 ] } },
{ "type": "Feature", "properties": { "species": "Mastomys natalensis", "decimalLon": 29.4489, "decimalLat": -1.1842, "year": "1938" }, "geometry": { "type": "Point", "coordinates": [ 29.4489, -1.1842 ] } },
{ "type": "Feature", "properties": { "species": "Mastomys natalensis", "decimalLon": 15.3, "decimalLat": -4.3, "year": "1937" }, "geometry": { "type": "Point", "coordinates": [ 15.3, -4.3 ] } },
{ "type": "Feature", "properties": { "species": "Mastomys natalensis", "decimalLon": 24.8667, "decimalLat": -5.3333, "year": "1936" }, "geometry": { "type": "Point", "coordinates": [ 24.8667, -5.3333 ] } },
{ "type": "Feature", "properties": { "species": "Mastomys natalensis", "decimalLon": 29.7167, "decimalLat": 0.35, "year": "1936" }, "geometry": { "type": "Point", "coordinates": [ 29.7167, 0.35 ] } },
{ "type": "Feature", "properties": { "species": "Mastomys natalensis", "decimalLon": 27.4833, "decimalLat": -11.6833, "year": "1935" }, "geometry": { "type": "Point", "coordinates": [ 27.4833, -11.6833 ] } },
{ "type": "Feature", "properties": { "species": "Mastomys natalensis", "decimalLon": 26.7833, "decimalLat": -10.9667, "year": "1935" }, "geometry": { "type": "Point", "coordinates": [ 26.7833, -10.9667 ] } },
{ "type": "Feature", "properties": { "species": "Mastomys natalensis", "decimalLon": 27.5, "decimalLat": -11.6833, "year": "1935" }, "geometry": { "type": "Point", "coordinates": [ 27.5, -11.6833 ] } },
{ "type": "Feature", "properties": { "species": "Mastomys natalensis", "decimalLon": 23.5667, "decimalLat": -10.95, "year": "1935" }, "geometry": { "type": "Point", "coordinates": [ 23.5667, -10.95 ] } },
{ "type": "Feature", "properties": { "species": "Mastomys natalensis", "decimalLon": 29.3667, "decimalLat": -0.1667, "year": "1935" }, "geometry": { "type": "Point", "coordinates": [ 29.3667, -0.1667 ] } },
{ "type": "Feature", "properties": { "species": "Mastomys natalensis", "decimalLon": 30.4333, "decimalLat": 1.3833, "year": "1935" }, "geometry": { "type": "Point", "coordinates": [ 30.4333, 1.3833 ] } },
{ "type": "Feature", "properties": { "species": "Mastomys natalensis", "decimalLon": 22.4833, "decimalLat": -10.4833, "year": "1934" }, "geometry": { "type": "Point", "coordinates": [ 22.4833, -10.4833 ] } },
{ "type": "Feature", "properties": { "species": "Mastomys natalensis", "decimalLon": 22.6667, "decimalLat": -10.6667, "year": "1934" }, "geometry": { "type": "Point", "coordinates": [ 22.6667, -10.6667 ] } },
{ "type": "Feature", "properties": { "species": "Mastomys natalensis", "decimalLon": 22.4667, "decimalLat": -10.45, "year": "1934" }, "geometry": { "type": "Point", "coordinates": [ 22.4667, -10.45 ] } },
{ "type": "Feature", "properties": { "species": "Mastomys natalensis", "decimalLon": 27.4667, "decimalLat": -11.6667, "year": "1934" }, "geometry": { "type": "Point", "coordinates": [ 27.4667, -11.6667 ] } },
{ "type": "Feature", "properties": { "species": "Mastomys natalensis", "decimalLon": 27.4833, "decimalLat": -11.6833, "year": "1934" }, "geometry": { "type": "Point", "coordinates": [ 27.4833, -11.6833 ] } },
{ "type": "Feature", "properties": { "species": "Mastomys natalensis", "decimalLon": 22.25, "decimalLat": -8.3667, "year": "1934" }, "geometry": { "type": "Point", "coordinates": [ 22.25, -8.3667 ] } },
{ "type": "Feature", "properties": { "species": "Mastomys natalensis", "decimalLon": 29.1333, "decimalLat": -0.6667, "year": "1934" }, "geometry": { "type": "Point", "coordinates": [ 29.1333, -0.6667 ] } },
{ "type": "Feature", "properties": { "species": "Mastomys natalensis", "decimalLon": 27.4667, "decimalLat": -11.6667, "year": "1932" }, "geometry": { "type": "Point", "coordinates": [ 27.4667, -11.6667 ] } },
{ "type": "Feature", "properties": { "species": "Mastomys natalensis", "decimalLon": 28.6667, "decimalLat": -8.75, "year": "1931" }, "geometry": { "type": "Point", "coordinates": [ 28.6667, -8.75 ] } },
{ "type": "Feature", "properties": { "species": "Mastomys natalensis", "decimalLon": 22.4833, "decimalLat": -10.4833, "year": "1931" }, "geometry": { "type": "Point", "coordinates": [ 22.4833, -10.4833 ] } },
{ "type": "Feature", "properties": { "species": "Mastomys natalensis", "decimalLon": 26.1167, "decimalLat": -10.8167, "year": "1931" }, "geometry": { "type": "Point", "coordinates": [ 26.1167, -10.8167 ] } },
{ "type": "Feature", "properties": { "species": "Mastomys natalensis", "decimalLon": 26.0667, "decimalLat": -10.3, "year": "1931" }, "geometry": { "type": "Point", "coordinates": [ 26.0667, -10.3 ] } },
{ "type": "Feature", "properties": { "species": "Mastomys natalensis", "decimalLon": 29.1667, "decimalLat": -5.95, "year": "1931" }, "geometry": { "type": "Point", "coordinates": [ 29.1667, -5.95 ] } },
{ "type": "Feature", "properties": { "species": "Mastomys natalensis", "decimalLon": 26.0667, "decimalLat": -10.3, "year": "1930" }, "geometry": { "type": "Point", "coordinates": [ 26.0667, -10.3 ] } },
{ "type": "Feature", "properties": { "species": "Mastomys natalensis", "decimalLon": 29.5833, "decimalLat": -12.35, "year": "1930" }, "geometry": { "type": "Point", "coordinates": [ 29.5833, -12.35 ] } },
{ "type": "Feature", "properties": { "species": "Mastomys natalensis", "decimalLon": 27.5333, "decimalLat": -10.4667, "year": "1930" }, "geometry": { "type": "Point", "coordinates": [ 27.5333, -10.4667 ] } },
{ "type": "Feature", "properties": { "species": "Mastomys natalensis", "decimalLon": 23.0167, "decimalLat": -8.0167, "year": "1930" }, "geometry": { "type": "Point", "coordinates": [ 23.0167, -8.0167 ] } },
{ "type": "Feature", "properties": { "species": "Mastomys natalensis", "decimalLon": 29.1667, "decimalLat": -5.95, "year": "1929" }, "geometry": { "type": "Point", "coordinates": [ 29.1667, -5.95 ] } },
{ "type": "Feature", "properties": { "species": "Mastomys natalensis", "decimalLon": 30.6, "decimalLat": 1.75, "year": "1928" }, "geometry": { "type": "Point", "coordinates": [ 30.6, 1.75 ] } },
{ "type": "Feature", "properties": { "species": "Mastomys natalensis", "decimalLon": 27.4667, "decimalLat": -11.6833, "year": "1928" }, "geometry": { "type": "Point", "coordinates": [ 27.4667, -11.6833 ] } },
{ "type": "Feature", "properties": { "species": "Mastomys natalensis", "decimalLon": 30.6667, "decimalLat": 1.7333, "year": "1928" }, "geometry": { "type": "Point", "coordinates": [ 30.6667, 1.7333 ] } },
{ "type": "Feature", "properties": { "species": "Mastomys natalensis", "decimalLon": 30.0, "decimalLat": 1.0, "year": "1928" }, "geometry": { "type": "Point", "coordinates": [ 30.0, 1.0 ] } },
{ "type": "Feature", "properties": { "species": "Mastomys natalensis", "decimalLon": 26.06667, "decimalLat": -8.9, "year": "1926" }, "geometry": { "type": "Point", "coordinates": [ 26.06667, -8.9 ] } },
{ "type": "Feature", "properties": { "species": "Mastomys natalensis", "decimalLon": 24.5667, "decimalLat": 2.85, "year": "1925" }, "geometry": { "type": "Point", "coordinates": [ 24.5667, 2.85 ] } },
{ "type": "Feature", "properties": { "species": "Mastomys natalensis", "decimalLon": 27.6833, "decimalLat": 4.0833, "year": "1925" }, "geometry": { "type": "Point", "coordinates": [ 27.6833, 4.0833 ] } },
{ "type": "Feature", "properties": { "species": "Mastomys natalensis", "decimalLon": 29.466669, "decimalLat": 0.5, "year": "1925" }, "geometry": { "type": "Point", "coordinates": [ 29.466669, 0.5 ] } },
{ "type": "Feature", "properties": { "species": "Mastomys natalensis", "decimalLon": 29.46667, "decimalLat": 0.5, "year": "1925" }, "geometry": { "type": "Point", "coordinates": [ 29.46667, 0.5 ] } },
{ "type": "Feature", "properties": { "species": "Mastomys natalensis", "decimalLon": 29.8333, "decimalLat": 3.15, "year": "1925" }, "geometry": { "type": "Point", "coordinates": [ 29.8333, 3.15 ] } },
{ "type": "Feature", "properties": { "species": "Mastomys natalensis", "decimalLon": 23.3333, "decimalLat": -1.0, "year": "1925" }, "geometry": { "type": "Point", "coordinates": [ 23.3333, -1.0 ] } },
{ "type": "Feature", "properties": { "species": "Mastomys natalensis", "decimalLon": 29.6667, "decimalLat": 3.75, "year": "1925" }, "geometry": { "type": "Point", "coordinates": [ 29.6667, 3.75 ] } },
{ "type": "Feature", "properties": { "species": "Mastomys natalensis", "decimalLon": 27.95, "decimalLat": 3.25, "year": "1925" }, "geometry": { "type": "Point", "coordinates": [ 27.95, 3.25 ] } },
{ "type": "Feature", "properties": { "species": "Mastomys natalensis", "decimalLon": 27.3, "decimalLat": 2.4167, "year": "1925" }, "geometry": { "type": "Point", "coordinates": [ 27.3, 2.4167 ] } },
{ "type": "Feature", "properties": { "species": "Mastomys natalensis", "decimalLon": 26.3833, "decimalLat": 1.8667, "year": "1925" }, "geometry": { "type": "Point", "coordinates": [ 26.3833, 1.8667 ] } },
{ "type": "Feature", "properties": { "species": "Mastomys natalensis", "decimalLon": 30.25, "decimalLat": 1.56667, "year": "1925" }, "geometry": { "type": "Point", "coordinates": [ 30.25, 1.56667 ] } },
{ "type": "Feature", "properties": { "species": "Mastomys natalensis", "decimalLon": 29.542, "decimalLat": -0.624, "year": "1924" }, "geometry": { "type": "Point", "coordinates": [ 29.542, -0.624 ] } },
{ "type": "Feature", "properties": { "species": "Mastomys natalensis", "decimalLon": 22.3167, "decimalLat": -6.0167, "year": "1923" }, "geometry": { "type": "Point", "coordinates": [ 22.3167, -6.0167 ] } },
{ "type": "Feature", "properties": { "species": "Mastomys natalensis", "decimalLon": 13.2167, "decimalLat": -5.4667, "year": "1922" }, "geometry": { "type": "Point", "coordinates": [ 13.2167, -5.4667 ] } },
{ "type": "Feature", "properties": { "species": "Mastomys natalensis", "decimalLon": 22.4333, "decimalLat": -5.8833, "year": "1922" }, "geometry": { "type": "Point", "coordinates": [ 22.4333, -5.8833 ] } },
{ "type": "Feature", "properties": { "species": "Mastomys natalensis", "decimalLon": 27.4667, "decimalLat": -11.6667, "year": "1922" }, "geometry": { "type": "Point", "coordinates": [ 27.4667, -11.6667 ] } },
{ "type": "Feature", "properties": { "species": "Mastomys natalensis", "decimalLon": 16.4333, "decimalLat": -2.1, "year": "1922" }, "geometry": { "type": "Point", "coordinates": [ 16.4333, -2.1 ] } },
{ "type": "Feature", "properties": { "species": "Mastomys natalensis", "decimalLon": 18.15, "decimalLat": -0.8833, "year": "1921" }, "geometry": { "type": "Point", "coordinates": [ 18.15, -0.8833 ] } },
{ "type": "Feature", "properties": { "species": "Mastomys natalensis", "decimalLon": 29.48333, "decimalLat": 0.48333, "year": "1921" }, "geometry": { "type": "Point", "coordinates": [ 29.48333, 0.48333 ] } },
{ "type": "Feature", "properties": { "species": "Mastomys natalensis", "decimalLon": 28.78333, "decimalLat": -2.46666, "year": "1921" }, "geometry": { "type": "Point", "coordinates": [ 28.78333, -2.46666 ] } },
{ "type": "Feature", "properties": { "species": "Mastomys natalensis", "decimalLon": 29.5, "decimalLat": 0.25, "year": "1921" }, "geometry": { "type": "Point", "coordinates": [ 29.5, 0.25 ] } },
{ "type": "Feature", "properties": { "species": "Mastomys natalensis", "decimalLon": 29.5, "decimalLat": -0.75, "year": "1921" }, "geometry": { "type": "Point", "coordinates": [ 29.5, -0.75 ] } },
{ "type": "Feature", "properties": { "species": "Mastomys natalensis", "decimalLon": 16.2667, "decimalLat": -3.1833, "year": "1921" }, "geometry": { "type": "Point", "coordinates": [ 16.2667, -3.1833 ] } },
{ "type": "Feature", "properties": { "species": "Mastomys natalensis", "decimalLon": 29.85, "decimalLat": 1.5333, "year": "1921" }, "geometry": { "type": "Point", "coordinates": [ 29.85, 1.5333 ] } },
{ "type": "Feature", "properties": { "species": "Mastomys natalensis", "decimalLon": 29.83333, "decimalLat": 0.83333, "year": "1921" }, "geometry": { "type": "Point", "coordinates": [ 29.83333, 0.83333 ] } },
{ "type": "Feature", "properties": { "species": "Mastomys natalensis", "decimalLon": 29.87546, "decimalLat": 1.44796, "year": "1921" }, "geometry": { "type": "Point", "coordinates": [ 29.87546, 1.44796 ] } },
{ "type": "Feature", "properties": { "species": "Mastomys natalensis", "decimalLon": 29.88, "decimalLat": 1.45, "year": "1921" }, "geometry": { "type": "Point", "coordinates": [ 29.88, 1.45 ] } },
{ "type": "Feature", "properties": { "species": "Mastomys natalensis", "decimalLon": 21.55, "decimalLat": -5.3333, "year": "1921" }, "geometry": { "type": "Point", "coordinates": [ 21.55, -5.3333 ] } },
{ "type": "Feature", "properties": { "species": "Mastomys natalensis", "decimalLon": 20.8, "decimalLat": -6.4667, "year": "1921" }, "geometry": { "type": "Point", "coordinates": [ 20.8, -6.4667 ] } },
{ "type": "Feature", "properties": { "species": "Mastomys natalensis", "decimalLon": 12.4, "decimalLat": -5.9167, "year": "1920" }, "geometry": { "type": "Point", "coordinates": [ 12.4, -5.9167 ] } },
{ "type": "Feature", "properties": { "species": "Mastomys natalensis", "decimalLon": 12.2833, "decimalLat": -5.85, "year": "1920" }, "geometry": { "type": "Point", "coordinates": [ 12.2833, -5.85 ] } },
{ "type": "Feature", "properties": { "species": "Mastomys natalensis", "decimalLon": 24.8333, "decimalLat": 3.5333, "year": "1920" }, "geometry": { "type": "Point", "coordinates": [ 24.8333, 3.5333 ] } },
{ "type": "Feature", "properties": { "species": "Mastomys natalensis", "decimalLon": 12.9, "decimalLat": -4.7833, "year": "1920" }, "geometry": { "type": "Point", "coordinates": [ 12.9, -4.7833 ] } },
{ "type": "Feature", "properties": { "species": "Mastomys natalensis", "decimalLon": 13.05, "decimalLat": -5.8333, "year": "1920" }, "geometry": { "type": "Point", "coordinates": [ 13.05, -5.8333 ] } },
{ "type": "Feature", "properties": { "species": "Mastomys natalensis", "decimalLon": 15.3167, "decimalLat": -5.1333, "year": "1920" }, "geometry": { "type": "Point", "coordinates": [ 15.3167, -5.1333 ] } },
{ "type": "Feature", "properties": { "species": "Mastomys natalensis", "decimalLon": 27.5833, "decimalLat": 1.3, "year": "1914" }, "geometry": { "type": "Point", "coordinates": [ 27.5833, 1.3 ] } },
{ "type": "Feature", "properties": { "species": "Mastomys natalensis", "decimalLon": 27.6167, "decimalLat": 1.45, "year": "1914" }, "geometry": { "type": "Point", "coordinates": [ 27.6167, 1.45 ] } },
{ "type": "Feature", "properties": { "species": "Mastomys natalensis", "decimalLon": 25.5333, "decimalLat": -9.8333, "year": "1914" }, "geometry": { "type": "Point", "coordinates": [ 25.5333, -9.8333 ] } },
{ "type": "Feature", "properties": { "species": "Mastomys natalensis", "decimalLon": 23.0, "decimalLat": -3.83333, "year": "1914" }, "geometry": { "type": "Point", "coordinates": [ 23.0, -3.83333 ] } },
{ "type": "Feature", "properties": { "species": "Mastomys natalensis", "decimalLon": 27.3, "decimalLat": 2.4167, "year": "1914" }, "geometry": { "type": "Point", "coordinates": [ 27.3, 2.4167 ] } },
{ "type": "Feature", "properties": { "species": "Mastomys natalensis", "decimalLon": 26.9667, "decimalLat": 3.1333, "year": "1914" }, "geometry": { "type": "Point", "coordinates": [ 26.9667, 3.1333 ] } },
{ "type": "Feature", "properties": { "species": "Mastomys natalensis", "decimalLon": 27.5667, "decimalLat": 0.8667, "year": "1913" }, "geometry": { "type": "Point", "coordinates": [ 27.5667, 0.8667 ] } },
{ "type": "Feature", "properties": { "species": "Mastomys natalensis", "decimalLon": 27.55, "decimalLat": 0.85, "year": "1913" }, "geometry": { "type": "Point", "coordinates": [ 27.55, 0.85 ] } },
{ "type": "Feature", "properties": { "species": "Mastomys natalensis", "decimalLon": 26.9667, "decimalLat": 3.1333, "year": "1913" }, "geometry": { "type": "Point", "coordinates": [ 26.9667, 3.1333 ] } },
{ "type": "Feature", "properties": { "species": "Mastomys natalensis", "decimalLon": 29.5, "decimalLat": 0.65, "year": "1913" }, "geometry": { "type": "Point", "coordinates": [ 29.5, 0.65 ] } },
{ "type": "Feature", "properties": { "species": "Mastomys natalensis", "decimalLon": 29.5, "decimalLat": 0.3333, "year": "1913" }, "geometry": { "type": "Point", "coordinates": [ 29.5, 0.3333 ] } },
{ "type": "Feature", "properties": { "species": "Mastomys natalensis", "decimalLon": 25.3833, "decimalLat": 1.55, "year": "1913" }, "geometry": { "type": "Point", "coordinates": [ 25.3833, 1.55 ] } },
{ "type": "Feature", "properties": { "species": "Mastomys natalensis", "decimalLon": 24.5667, "decimalLat": 1.2833, "year": "1913" }, "geometry": { "type": "Point", "coordinates": [ 24.5667, 1.2833 ] } },
{ "type": "Feature", "properties": { "species": "Mastomys natalensis", "decimalLon": 21.05, "decimalLat": 1.5, "year": "1912" }, "geometry": { "type": "Point", "coordinates": [ 21.05, 1.5 ] } },
{ "type": "Feature", "properties": { "species": "Mastomys natalensis", "decimalLon": 29.65, "decimalLat": 0.1, "year": "1912" }, "geometry": { "type": "Point", "coordinates": [ 29.65, 0.1 ] } },
{ "type": "Feature", "properties": { "species": "Mastomys natalensis", "decimalLon": 27.35, "decimalLat": 0.7167, "year": "1912" }, "geometry": { "type": "Point", "coordinates": [ 27.35, 0.7167 ] } },
{ "type": "Feature", "properties": { "species": "Mastomys natalensis", "decimalLon": 27.5833, "decimalLat": 1.3, "year": "1912" }, "geometry": { "type": "Point", "coordinates": [ 27.5833, 1.3 ] } },
{ "type": "Feature", "properties": { "species": "Mastomys natalensis", "decimalLon": 27.7333, "decimalLat": 0.55, "year": "1912" }, "geometry": { "type": "Point", "coordinates": [ 27.7333, 0.55 ] } },
{ "type": "Feature", "properties": { "species": "Mastomys natalensis", "decimalLon": 27.5667, "decimalLat": 0.8667, "year": "1912" }, "geometry": { "type": "Point", "coordinates": [ 27.5667, 0.8667 ] } },
{ "type": "Feature", "properties": { "species": "Mastomys natalensis", "decimalLon": 29.716694, "decimalLat": 3.733333, "year": "1912" }, "geometry": { "type": "Point", "coordinates": [ 29.716694, 3.733333 ] } },
{ "type": "Feature", "properties": { "species": "Mastomys natalensis", "decimalLon": 29.716694, "decimalLat": 3.733333, "year": "1911" }, "geometry": { "type": "Point", "coordinates": [ 29.716694, 3.733333 ] } },
{ "type": "Feature", "properties": { "species": "Mastomys natalensis", "decimalLon": 27.866694, "decimalLat": 3.7, "year": "1910" }, "geometry": { "type": "Point", "coordinates": [ 27.866694, 3.7 ] } },
{ "type": "Feature", "properties": { "species": "Mastomys natalensis", "decimalLon": 27.5833, "decimalLat": 1.3, "year": "1909" }, "geometry": { "type": "Point", "coordinates": [ 27.5833, 1.3 ] } },
{ "type": "Feature", "properties": { "species": "Mastomys natalensis", "decimalLon": 27.65, "decimalLat": 2.1667, "year": "1909" }, "geometry": { "type": "Point", "coordinates": [ 27.65, 2.1667 ] } },
{ "type": "Feature", "properties": { "species": "Mastomys natalensis", "decimalLon": 29.4167, "decimalLat": 3.9167, "year": "NA" }, "geometry": { "type": "Point", "coordinates": [ 29.4167, 3.9167 ] } },
{ "type": "Feature", "properties": { "species": "Mastomys natalensis", "decimalLon": 29.0, "decimalLat": 4.0, "year": "NA" }, "geometry": { "type": "Point", "coordinates": [ 29.0, 4.0 ] } },
{ "type": "Feature", "properties": { "species": "Mastomys natalensis", "decimalLon": 15.3167, "decimalLat": -5.1333, "year": "NA" }, "geometry": { "type": "Point", "coordinates": [ 15.3167, -5.1333 ] } },
{ "type": "Feature", "properties": { "species": "Mastomys natalensis", "decimalLon": 29.8333, "decimalLat": 0.75, "year": "NA" }, "geometry": { "type": "Point", "coordinates": [ 29.8333, 0.75 ] } },
{ "type": "Feature", "properties": { "species": "Mastomys natalensis", "decimalLon": 27.7, "decimalLat": 4.7333, "year": "NA" }, "geometry": { "type": "Point", "coordinates": [ 27.7, 4.7333 ] } },
{ "type": "Feature", "properties": { "species": "Mastomys natalensis", "decimalLon": 25.8667, "decimalLat": -9.5833, "year": "NA" }, "geometry": { "type": "Point", "coordinates": [ 25.8667, -9.5833 ] } },
{ "type": "Feature", "properties": { "species": "Mastomys natalensis", "decimalLon": 13.6667, "decimalLat": -5.7, "year": "NA" }, "geometry": { "type": "Point", "coordinates": [ 13.6667, -5.7 ] } },
{ "type": "Feature", "properties": { "species": "Mastomys natalensis", "decimalLon": 22.4333, "decimalLat": -5.8833, "year": "NA" }, "geometry": { "type": "Point", "coordinates": [ 22.4333, -5.8833 ] } },
{ "type": "Feature", "properties": { "species": "Mastomys natalensis", "decimalLon": 26.3833, "decimalLat": 1.8667, "year": "NA" }, "geometry": { "type": "Point", "coordinates": [ 26.3833, 1.8667 ] } },
{ "type": "Feature", "properties": { "species": "Mastomys natalensis", "decimalLon": 26.9667, "decimalLat": 3.1333, "year": "NA" }, "geometry": { "type": "Point", "coordinates": [ 26.9667, 3.1333 ] } },
{ "type": "Feature", "properties": { "species": "Mastomys natalensis", "decimalLon": 28.8667, "decimalLat": -8.4667, "year": "NA" }, "geometry": { "type": "Point", "coordinates": [ 28.8667, -8.4667 ] } },
{ "type": "Feature", "properties": { "species": "Mastomys natalensis", "decimalLon": 23.4333, "decimalLat": -4.8333, "year": "NA" }, "geometry": { "type": "Point", "coordinates": [ 23.4333, -4.8333 ] } },
{ "type": "Feature", "properties": { "species": "Mastomys natalensis", "decimalLon": 29.4833, "decimalLat": -6.5, "year": "NA" }, "geometry": { "type": "Point", "coordinates": [ 29.4833, -6.5 ] } },
{ "type": "Feature", "properties": { "species": "Mastomys natalensis", "decimalLon": 26.9167, "decimalLat": -6.3333, "year": "NA" }, "geometry": { "type": "Point", "coordinates": [ 26.9167, -6.3333 ] } },
{ "type": "Feature", "properties": { "species": "Mastomys natalensis", "decimalLon": 16.4333, "decimalLat": -2.1, "year": "NA" }, "geometry": { "type": "Point", "coordinates": [ 16.4333, -2.1 ] } },
{ "type": "Feature", "properties": { "species": "Mastomys natalensis", "decimalLon": 26.1167, "decimalLat": -10.8167, "year": "NA" }, "geometry": { "type": "Point", "coordinates": [ 26.1167, -10.8167 ] } },
{ "type": "Feature", "properties": { "species": "Mastomys natalensis", "decimalLon": 12.45, "decimalLat": -5.9667, "year": "NA" }, "geometry": { "type": "Point", "coordinates": [ 12.45, -5.9667 ] } },
{ "type": "Feature", "properties": { "species": "Mastomys natalensis", "decimalLon": 27.4667, "decimalLat": -11.6667, "year": "NA" }, "geometry": { "type": "Point", "coordinates": [ 27.4667, -11.6667 ] } },
{ "type": "Feature", "properties": { "species": "Mastomys natalensis", "decimalLon": 30.6667, "decimalLat": 1.7333, "year": "NA" }, "geometry": { "type": "Point", "coordinates": [ 30.6667, 1.7333 ] } },
{ "type": "Feature", "properties": { "species": "Mastomys natalensis", "decimalLon": 29.9667, "decimalLat": 1.0167, "year": "NA" }, "geometry": { "type": "Point", "coordinates": [ 29.9667, 1.0167 ] } },
{ "type": "Feature", "properties": { "species": "Mastomys natalensis", "decimalLon": 23.5667, "decimalLat": -10.95, "year": "NA" }, "geometry": { "type": "Point", "coordinates": [ 23.5667, -10.95 ] } },
{ "type": "Feature", "properties": { "species": "Mastomys natalensis", "decimalLon": 17.2333, "decimalLat": -7.5667, "year": "NA" }, "geometry": { "type": "Point", "coordinates": [ 17.2333, -7.5667 ] } },
{ "type": "Feature", "properties": { "species": "Mastomys natalensis", "decimalLon": 27.5, "decimalLat": -11.6833, "year": "NA" }, "geometry": { "type": "Point", "coordinates": [ 27.5, -11.6833 ] } },
{ "type": "Feature", "properties": { "species": "Mastomys natalensis", "decimalLon": 15.3, "decimalLat": -4.3, "year": "NA" }, "geometry": { "type": "Point", "coordinates": [ 15.3, -4.3 ] } },
{ "type": "Feature", "properties": { "species": "Mastomys natalensis", "decimalLon": 13.5333, "decimalLat": -5.8333, "year": "NA" }, "geometry": { "type": "Point", "coordinates": [ 13.5333, -5.8333 ] } },
{ "type": "Feature", "properties": { "species": "Mastomys natalensis", "decimalLon": 29.3, "decimalLat": 0.15, "year": "NA" }, "geometry": { "type": "Point", "coordinates": [ 29.3, 0.15 ] } },
{ "type": "Feature", "properties": { "species": "Mastomys natalensis", "decimalLon": 30.4333, "decimalLat": 1.3833, "year": "NA" }, "geometry": { "type": "Point", "coordinates": [ 30.4333, 1.3833 ] } },
{ "type": "Feature", "properties": { "species": "Mastomys natalensis", "decimalLon": 16.4167, "decimalLat": -2.15, "year": "NA" }, "geometry": { "type": "Point", "coordinates": [ 16.4167, -2.15 ] } },
{ "type": "Feature", "properties": { "species": "Mastomys natalensis", "decimalLon": 30.05, "decimalLat": 1.9333, "year": "NA" }, "geometry": { "type": "Point", "coordinates": [ 30.05, 1.9333 ] } },
{ "type": "Feature", "properties": { "species": "Mastomys natalensis", "decimalLon": 17.3333, "decimalLat": -7.7, "year": "NA" }, "geometry": { "type": "Point", "coordinates": [ 17.3333, -7.7 ] } },
{ "type": "Feature", "properties": { "species": "Mastomys natalensis", "decimalLon": 16.9167, "decimalLat": -6.5, "year": "NA" }, "geometry": { "type": "Point", "coordinates": [ 16.9167, -6.5 ] } },
{ "type": "Feature", "properties": { "species": "Mastomys natalensis", "decimalLon": 24.8333, "decimalLat": 2.7833, "year": "NA" }, "geometry": { "type": "Point", "coordinates": [ 24.8333, 2.7833 ] } },
{ "type": "Feature", "properties": { "species": "Mastomys natalensis", "decimalLon": 27.6833, "decimalLat": 2.75, "year": "NA" }, "geometry": { "type": "Point", "coordinates": [ 27.6833, 2.75 ] } },
{ "type": "Feature", "properties": { "species": "Mastomys natalensis", "decimalLon": 13.05, "decimalLat": -5.8333, "year": "NA" }, "geometry": { "type": "Point", "coordinates": [ 13.05, -5.8333 ] } },
{ "type": "Feature", "properties": { "species": "Mastomys natalensis", "decimalLon": 16.2333, "decimalLat": -2.15, "year": "NA" }, "geometry": { "type": "Point", "coordinates": [ 16.2333, -2.15 ] } },
{ "type": "Feature", "properties": { "species": "Mastomys natalensis", "decimalLon": 18.4, "decimalLat": -2.8333, "year": "NA" }, "geometry": { "type": "Point", "coordinates": [ 18.4, -2.8333 ] } },
{ "type": "Feature", "properties": { "species": "Mastomys natalensis", "decimalLon": 27.05, "decimalLat": -11.0667, "year": "NA" }, "geometry": { "type": "Point", "coordinates": [ 27.05, -11.0667 ] } },
{ "type": "Feature", "properties": { "species": "Mastomys natalensis", "decimalLon": 29.15, "decimalLat": 3.6667, "year": "NA" }, "geometry": { "type": "Point", "coordinates": [ 29.15, 3.6667 ] } },
{ "type": "Feature", "properties": { "species": "Mastomys natalensis", "decimalLon": 26.5833, "decimalLat": -4.5167, "year": "NA" }, "geometry": { "type": "Point", "coordinates": [ 26.5833, -4.5167 ] } },
{ "type": "Feature", "properties": { "species": "Mastomys natalensis", "decimalLon": 23.4833, "decimalLat": -10.35, "year": "NA" }, "geometry": { "type": "Point", "coordinates": [ 23.4833, -10.35 ] } },
{ "type": "Feature", "properties": { "species": "Mastomys natalensis", "decimalLon": 27.4167, "decimalLat": -11.5667, "year": "NA" }, "geometry": { "type": "Point", "coordinates": [ 27.4167, -11.5667 ] } },
{ "type": "Feature", "properties": { "species": "Mastomys natalensis", "decimalLon": 25.0, "decimalLat": 1.0, "year": "NA" }, "geometry": { "type": "Point", "coordinates": [ 25.0, 1.0 ] } },
{ "type": "Feature", "properties": { "species": "Mastomys natalensis", "decimalLon": 27.416667, "decimalLat": -11.566667, "year": "NA" }, "geometry": { "type": "Point", "coordinates": [ 27.416667, -11.566667 ] } },
{ "type": "Feature", "properties": { "species": "Deomys ferrugineus", "decimalLon": 27.523347, "decimalLat": -1.262283, "year": "2024" }, "geometry": { "type": "Point", "coordinates": [ 27.523347, -1.262283 ] } },
{ "type": "Feature", "properties": { "species": "Deomys ferrugineus", "decimalLon": 24.491947, "decimalLat": 0.799228, "year": "2015" }, "geometry": { "type": "Point", "coordinates": [ 24.491947, 0.799228 ] } },
{ "type": "Feature", "properties": { "species": "Deomys ferrugineus", "decimalLon": 24.497792, "decimalLat": 0.79659, "year": "2014" }, "geometry": { "type": "Point", "coordinates": [ 24.497792, 0.79659 ] } },
{ "type": "Feature", "properties": { "species": "Deomys ferrugineus", "decimalLon": 24.487503, "decimalLat": 0.802561, "year": "2014" }, "geometry": { "type": "Point", "coordinates": [ 24.487503, 0.802561 ] } },
{ "type": "Feature", "properties": { "species": "Deomys ferrugineus", "decimalLon": 28.633333, "decimalLat": 1.316666, "year": "1993" }, "geometry": { "type": "Point", "coordinates": [ 28.633333, 1.316666 ] } },
{ "type": "Feature", "properties": { "species": "Deomys ferrugineus", "decimalLon": 28.56666, "decimalLat": 1.4, "year": "1993" }, "geometry": { "type": "Point", "coordinates": [ 28.56666, 1.4 ] } },
{ "type": "Feature", "properties": { "species": "Deomys ferrugineus", "decimalLon": 28.633333, "decimalLat": 1.55, "year": "1993" }, "geometry": { "type": "Point", "coordinates": [ 28.633333, 1.55 ] } },
{ "type": "Feature", "properties": { "species": "Deomys ferrugineus", "decimalLon": 28.616659, "decimalLat": 1.4, "year": "1993" }, "geometry": { "type": "Point", "coordinates": [ 28.616659, 1.4 ] } },
{ "type": "Feature", "properties": { "species": "Deomys ferrugineus", "decimalLon": 28.5833, "decimalLat": -1.4166, "year": "1991" }, "geometry": { "type": "Point", "coordinates": [ 28.5833, -1.4166 ] } },
{ "type": "Feature", "properties": { "species": "Deomys ferrugineus", "decimalLon": 25.2167, "decimalLat": 0.6, "year": "1987" }, "geometry": { "type": "Point", "coordinates": [ 25.2167, 0.6 ] } },
{ "type": "Feature", "properties": { "species": "Deomys ferrugineus", "decimalLon": 25.2167, "decimalLat": 0.6, "year": "1986" }, "geometry": { "type": "Point", "coordinates": [ 25.2167, 0.6 ] } },
{ "type": "Feature", "properties": { "species": "Deomys ferrugineus", "decimalLon": 25.2167, "decimalLat": 0.6, "year": "1985" }, "geometry": { "type": "Point", "coordinates": [ 25.2167, 0.6 ] } },
{ "type": "Feature", "properties": { "species": "Deomys ferrugineus", "decimalLon": 25.5, "decimalLat": 0.5, "year": "1984" }, "geometry": { "type": "Point", "coordinates": [ 25.5, 0.5 ] } },
{ "type": "Feature", "properties": { "species": "Deomys ferrugineus", "decimalLon": 25.6667, "decimalLat": 0.25, "year": "1984" }, "geometry": { "type": "Point", "coordinates": [ 25.6667, 0.25 ] } },
{ "type": "Feature", "properties": { "species": "Deomys ferrugineus", "decimalLon": 25.2167, "decimalLat": 0.6, "year": "1984" }, "geometry": { "type": "Point", "coordinates": [ 25.2167, 0.6 ] } },
{ "type": "Feature", "properties": { "species": "Deomys ferrugineus", "decimalLon": 25.25, "decimalLat": 0.8333, "year": "1984" }, "geometry": { "type": "Point", "coordinates": [ 25.25, 0.8333 ] } },
{ "type": "Feature", "properties": { "species": "Deomys ferrugineus", "decimalLon": 25.5, "decimalLat": 0.5, "year": "1983" }, "geometry": { "type": "Point", "coordinates": [ 25.5, 0.5 ] } },
{ "type": "Feature", "properties": { "species": "Deomys ferrugineus", "decimalLon": 25.6667, "decimalLat": 0.25, "year": "1983" }, "geometry": { "type": "Point", "coordinates": [ 25.6667, 0.25 ] } },
{ "type": "Feature", "properties": { "species": "Deomys ferrugineus", "decimalLon": 26.0, "decimalLat": 0.6667, "year": "1983" }, "geometry": { "type": "Point", "coordinates": [ 26.0, 0.6667 ] } },
{ "type": "Feature", "properties": { "species": "Deomys ferrugineus", "decimalLon": 28.17, "decimalLat": -1.67, "year": "1967" }, "geometry": { "type": "Point", "coordinates": [ 28.17, -1.67 ] } },
{ "type": "Feature", "properties": { "species": "Deomys ferrugineus", "decimalLon": 29.3, "decimalLat": 0.2, "year": "1961" }, "geometry": { "type": "Point", "coordinates": [ 29.3, 0.2 ] } },
{ "type": "Feature", "properties": { "species": "Deomys ferrugineus", "decimalLon": 29.2167, "decimalLat": 0.95, "year": "1961" }, "geometry": { "type": "Point", "coordinates": [ 29.2167, 0.95 ] } },
{ "type": "Feature", "properties": { "species": "Deomys ferrugineus", "decimalLon": 29.3, "decimalLat": 0.2, "year": "1960" }, "geometry": { "type": "Point", "coordinates": [ 29.3, 0.2 ] } },
{ "type": "Feature", "properties": { "species": "Deomys ferrugineus", "decimalLon": 27.3333, "decimalLat": -2.7, "year": "1960" }, "geometry": { "type": "Point", "coordinates": [ 27.3333, -2.7 ] } },
{ "type": "Feature", "properties": { "species": "Deomys ferrugineus", "decimalLon": 28.45, "decimalLat": -1.9, "year": "1959" }, "geometry": { "type": "Point", "coordinates": [ 28.45, -1.9 ] } },
{ "type": "Feature", "properties": { "species": "Deomys ferrugineus", "decimalLon": 28.2667, "decimalLat": -2.7, "year": "1959" }, "geometry": { "type": "Point", "coordinates": [ 28.2667, -2.7 ] } },
{ "type": "Feature", "properties": { "species": "Deomys ferrugineus", "decimalLon": 29.45, "decimalLat": -1.1833, "year": "1958" }, "geometry": { "type": "Point", "coordinates": [ 29.45, -1.1833 ] } },
{ "type": "Feature", "properties": { "species": "Deomys ferrugineus", "decimalLon": 29.75, "decimalLat": 0.3167, "year": "1958" }, "geometry": { "type": "Point", "coordinates": [ 29.75, 0.3167 ] } },
{ "type": "Feature", "properties": { "species": "Deomys ferrugineus", "decimalLon": 29.0667, "decimalLat": 0.0667, "year": "1957" }, "geometry": { "type": "Point", "coordinates": [ 29.0667, 0.0667 ] } },
{ "type": "Feature", "properties": { "species": "Deomys ferrugineus", "decimalLon": 29.6667, "decimalLat": 0.6, "year": "1952" }, "geometry": { "type": "Point", "coordinates": [ 29.6667, 0.6 ] } },
{ "type": "Feature", "properties": { "species": "Deomys ferrugineus", "decimalLon": 28.8167, "decimalLat": -0.4833, "year": "1949" }, "geometry": { "type": "Point", "coordinates": [ 28.8167, -0.4833 ] } },
{ "type": "Feature", "properties": { "species": "Deomys ferrugineus", "decimalLon": 29.4804, "decimalLat": 0.81439, "year": "1938" }, "geometry": { "type": "Point", "coordinates": [ 29.4804, 0.81439 ] } },
{ "type": "Feature", "properties": { "species": "Deomys ferrugineus", "decimalLon": 29.716694, "decimalLat": 3.733333, "year": "1914" }, "geometry": { "type": "Point", "coordinates": [ 29.716694, 3.733333 ] } },
{ "type": "Feature", "properties": { "species": "Deomys ferrugineus", "decimalLon": 28.5833, "decimalLat": 1.3, "year": "1914" }, "geometry": { "type": "Point", "coordinates": [ 28.5833, 1.3 ] } },
{ "type": "Feature", "properties": { "species": "Deomys ferrugineus", "decimalLon": 26.9667, "decimalLat": 3.1333, "year": "1914" }, "geometry": { "type": "Point", "coordinates": [ 26.9667, 3.1333 ] } },
{ "type": "Feature", "properties": { "species": "Deomys ferrugineus", "decimalLon": 27.55, "decimalLat": 0.85, "year": "1913" }, "geometry": { "type": "Point", "coordinates": [ 27.55, 0.85 ] } },
{ "type": "Feature", "properties": { "species": "Deomys ferrugineus", "decimalLon": 27.25, "decimalLat": 2.1667, "year": "1910" }, "geometry": { "type": "Point", "coordinates": [ 27.25, 2.1667 ] } },
{ "type": "Feature", "properties": { "species": "Deomys ferrugineus", "decimalLon": 25.2333, "decimalLat": 0.55, "year": "NA" }, "geometry": { "type": "Point", "coordinates": [ 25.2333, 0.55 ] } },
{ "type": "Feature", "properties": { "species": "Deomys ferrugineus", "decimalLon": 25.2167, "decimalLat": 0.6, "year": "NA" }, "geometry": { "type": "Point", "coordinates": [ 25.2167, 0.6 ] } },
{ "type": "Feature", "properties": { "species": "Uranomys ruddi", "decimalLon": 29.4167, "decimalLat": 3.9167, "year": "1952" }, "geometry": { "type": "Point", "coordinates": [ 29.4167, 3.9167 ] } },
{ "type": "Feature", "properties": { "species": "Arvicanthis niloticus", "decimalLon": 29.2, "decimalLat": 0.3833, "year": "1971" }, "geometry": { "type": "Point", "coordinates": [ 29.2, 0.3833 ] } },
{ "type": "Feature", "properties": { "species": "Arvicanthis niloticus", "decimalLon": 29.0333, "decimalLat": 0.0, "year": "1970" }, "geometry": { "type": "Point", "coordinates": [ 29.0333, 0.0 ] } },
{ "type": "Feature", "properties": { "species": "Arvicanthis niloticus", "decimalLon": 29.15, "decimalLat": 0.6667, "year": "1969" }, "geometry": { "type": "Point", "coordinates": [ 29.15, 0.6667 ] } },
{ "type": "Feature", "properties": { "species": "Arvicanthis niloticus", "decimalLon": 29.3333, "decimalLat": 0.3167, "year": "1966" }, "geometry": { "type": "Point", "coordinates": [ 29.3333, 0.3167 ] } },
{ "type": "Feature", "properties": { "species": "Arvicanthis niloticus", "decimalLon": 29.3, "decimalLat": 0.15, "year": "1964" }, "geometry": { "type": "Point", "coordinates": [ 29.3, 0.15 ] } },
{ "type": "Feature", "properties": { "species": "Arvicanthis niloticus", "decimalLon": 12.9, "decimalLat": -4.7833, "year": "1964" }, "geometry": { "type": "Point", "coordinates": [ 12.9, -4.7833 ] } },
{ "type": "Feature", "properties": { "species": "Arvicanthis niloticus", "decimalLon": 29.3, "decimalLat": 0.15, "year": "1963" }, "geometry": { "type": "Point", "coordinates": [ 29.3, 0.15 ] } },
{ "type": "Feature", "properties": { "species": "Arvicanthis niloticus", "decimalLon": 29.75, "decimalLat": 0.3167, "year": "1960" }, "geometry": { "type": "Point", "coordinates": [ 29.75, 0.3167 ] } },
{ "type": "Feature", "properties": { "species": "Arvicanthis niloticus", "decimalLon": 29.45, "decimalLat": -1.1667, "year": "1959" }, "geometry": { "type": "Point", "coordinates": [ 29.45, -1.1667 ] } },
{ "type": "Feature", "properties": { "species": "Arvicanthis niloticus", "decimalLon": 29.6333, "decimalLat": 0.2, "year": "1959" }, "geometry": { "type": "Point", "coordinates": [ 29.6333, 0.2 ] } },
{ "type": "Feature", "properties": { "species": "Arvicanthis niloticus", "decimalLon": 29.3, "decimalLat": 0.3833, "year": "1959" }, "geometry": { "type": "Point", "coordinates": [ 29.3, 0.3833 ] } },
{ "type": "Feature", "properties": { "species": "Arvicanthis niloticus", "decimalLon": 29.35, "decimalLat": -0.0167, "year": "1958" }, "geometry": { "type": "Point", "coordinates": [ 29.35, -0.0167 ] } },
{ "type": "Feature", "properties": { "species": "Arvicanthis niloticus", "decimalLon": 29.6833, "decimalLat": 0.2833, "year": "1958" }, "geometry": { "type": "Point", "coordinates": [ 29.6833, 0.2833 ] } },
{ "type": "Feature", "properties": { "species": "Arvicanthis niloticus", "decimalLon": 29.2833, "decimalLat": -0.7833, "year": "1958" }, "geometry": { "type": "Point", "coordinates": [ 29.2833, -0.7833 ] } },
{ "type": "Feature", "properties": { "species": "Arvicanthis niloticus", "decimalLon": 29.65, "decimalLat": -0.4667, "year": "1958" }, "geometry": { "type": "Point", "coordinates": [ 29.65, -0.4667 ] } },
{ "type": "Feature", "properties": { "species": "Arvicanthis niloticus", "decimalLon": 29.45, "decimalLat": -0.6833, "year": "1958" }, "geometry": { "type": "Point", "coordinates": [ 29.45, -0.6833 ] } },
{ "type": "Feature", "properties": { "species": "Arvicanthis niloticus", "decimalLon": 29.45, "decimalLat": -1.1667, "year": "1958" }, "geometry": { "type": "Point", "coordinates": [ 29.45, -1.1667 ] } },
{ "type": "Feature", "properties": { "species": "Arvicanthis niloticus", "decimalLon": 29.7667, "decimalLat": 0.3833, "year": "1958" }, "geometry": { "type": "Point", "coordinates": [ 29.7667, 0.3833 ] } },
{ "type": "Feature", "properties": { "species": "Arvicanthis niloticus", "decimalLon": 29.75, "decimalLat": 0.3167, "year": "1957" }, "geometry": { "type": "Point", "coordinates": [ 29.75, 0.3167 ] } },
{ "type": "Feature", "properties": { "species": "Arvicanthis niloticus", "decimalLon": 29.2833, "decimalLat": -0.7833, "year": "1957" }, "geometry": { "type": "Point", "coordinates": [ 29.2833, -0.7833 ] } },
{ "type": "Feature", "properties": { "species": "Arvicanthis niloticus", "decimalLon": 29.3667, "decimalLat": -0.6333, "year": "1957" }, "geometry": { "type": "Point", "coordinates": [ 29.3667, -0.6333 ] } },
{ "type": "Feature", "properties": { "species": "Arvicanthis niloticus", "decimalLon": 29.6, "decimalLat": -0.1333, "year": "1957" }, "geometry": { "type": "Point", "coordinates": [ 29.6, -0.1333 ] } },
{ "type": "Feature", "properties": { "species": "Arvicanthis niloticus", "decimalLon": 29.0333, "decimalLat": -0.9333, "year": "1957" }, "geometry": { "type": "Point", "coordinates": [ 29.0333, -0.9333 ] } },
{ "type": "Feature", "properties": { "species": "Arvicanthis niloticus", "decimalLon": 29.45, "decimalLat": -1.1667, "year": "1957" }, "geometry": { "type": "Point", "coordinates": [ 29.45, -1.1667 ] } },
{ "type": "Feature", "properties": { "species": "Arvicanthis niloticus", "decimalLon": 22.55, "decimalLat": -7.4167, "year": "1956" }, "geometry": { "type": "Point", "coordinates": [ 22.55, -7.4167 ] } },
{ "type": "Feature", "properties": { "species": "Arvicanthis niloticus", "decimalLon": 29.0333, "decimalLat": -0.6667, "year": "1956" }, "geometry": { "type": "Point", "coordinates": [ 29.0333, -0.6667 ] } },
{ "type": "Feature", "properties": { "species": "Arvicanthis niloticus", "decimalLon": 29.1667, "decimalLat": -1.6667, "year": "1955" }, "geometry": { "type": "Point", "coordinates": [ 29.1667, -1.6667 ] } },
{ "type": "Feature", "properties": { "species": "Arvicanthis niloticus", "decimalLon": 30.2167, "decimalLat": 1.5667, "year": "1955" }, "geometry": { "type": "Point", "coordinates": [ 30.2167, 1.5667 ] } },
{ "type": "Feature", "properties": { "species": "Arvicanthis niloticus", "decimalLon": 15.3, "decimalLat": -4.3, "year": "1954" }, "geometry": { "type": "Point", "coordinates": [ 15.3, -4.3 ] } },
{ "type": "Feature", "properties": { "species": "Arvicanthis niloticus", "decimalLon": 29.15, "decimalLat": 3.6667, "year": "1954" }, "geometry": { "type": "Point", "coordinates": [ 29.15, 3.6667 ] } },
{ "type": "Feature", "properties": { "species": "Arvicanthis niloticus", "decimalLon": 23.4833, "decimalLat": -10.35, "year": "1954" }, "geometry": { "type": "Point", "coordinates": [ 23.4833, -10.35 ] } },
{ "type": "Feature", "properties": { "species": "Arvicanthis niloticus", "decimalLon": 29.75, "decimalLat": 0.3167, "year": "1953" }, "geometry": { "type": "Point", "coordinates": [ 29.75, 0.3167 ] } },
{ "type": "Feature", "properties": { "species": "Arvicanthis niloticus", "decimalLon": 30.6, "decimalLat": 1.75, "year": "1952" }, "geometry": { "type": "Point", "coordinates": [ 30.6, 1.75 ] } },
{ "type": "Feature", "properties": { "species": "Arvicanthis niloticus", "decimalLon": 29.2333, "decimalLat": -0.1667, "year": "1952" }, "geometry": { "type": "Point", "coordinates": [ 29.2333, -0.1667 ] } },
{ "type": "Feature", "properties": { "species": "Arvicanthis niloticus", "decimalLon": 29.0333, "decimalLat": -0.9167, "year": "1952" }, "geometry": { "type": "Point", "coordinates": [ 29.0333, -0.9167 ] } },
{ "type": "Feature", "properties": { "species": "Arvicanthis niloticus", "decimalLon": 29.45, "decimalLat": -1.1833, "year": "1952" }, "geometry": { "type": "Point", "coordinates": [ 29.45, -1.1833 ] } },
{ "type": "Feature", "properties": { "species": "Arvicanthis niloticus", "decimalLon": 29.45, "decimalLat": -1.2, "year": "1952" }, "geometry": { "type": "Point", "coordinates": [ 29.45, -1.2 ] } },
{ "type": "Feature", "properties": { "species": "Arvicanthis niloticus", "decimalLon": 29.45, "decimalLat": -1.1667, "year": "1952" }, "geometry": { "type": "Point", "coordinates": [ 29.45, -1.1667 ] } },
{ "type": "Feature", "properties": { "species": "Arvicanthis niloticus", "decimalLon": 29.75, "decimalLat": 0.3167, "year": "1952" }, "geometry": { "type": "Point", "coordinates": [ 29.75, 0.3167 ] } },
{ "type": "Feature", "properties": { "species": "Arvicanthis niloticus", "decimalLon": 28.9667, "decimalLat": 0.8, "year": "1952" }, "geometry": { "type": "Point", "coordinates": [ 28.9667, 0.8 ] } },
{ "type": "Feature", "properties": { "species": "Arvicanthis niloticus", "decimalLon": 28.966667, "decimalLat": 0.8, "year": "1952" }, "geometry": { "type": "Point", "coordinates": [ 28.966667, 0.8 ] } },
{ "type": "Feature", "properties": { "species": "Arvicanthis niloticus", "decimalLon": 29.1333, "decimalLat": 0.0167, "year": "1952" }, "geometry": { "type": "Point", "coordinates": [ 29.1333, 0.0167 ] } },
{ "type": "Feature", "properties": { "species": "Arvicanthis niloticus", "decimalLon": 30.4, "decimalLat": 1.6833, "year": "1952" }, "geometry": { "type": "Point", "coordinates": [ 30.4, 1.6833 ] } },
{ "type": "Feature", "properties": { "species": "Arvicanthis niloticus", "decimalLon": 30.6667, "decimalLat": 1.75, "year": "1952" }, "geometry": { "type": "Point", "coordinates": [ 30.6667, 1.75 ] } },
{ "type": "Feature", "properties": { "species": "Arvicanthis niloticus", "decimalLon": 29.233333, "decimalLat": -0.166667, "year": "1952" }, "geometry": { "type": "Point", "coordinates": [ 29.233333, -0.166667 ] } },
{ "type": "Feature", "properties": { "species": "Arvicanthis niloticus", "decimalLon": 29.2667, "decimalLat": 4.3333, "year": "1950" }, "geometry": { "type": "Point", "coordinates": [ 29.2667, 4.3333 ] } },
{ "type": "Feature", "properties": { "species": "Arvicanthis niloticus", "decimalLon": 28.55, "decimalLat": 3.6167, "year": "1950" }, "geometry": { "type": "Point", "coordinates": [ 28.55, 3.6167 ] } },
{ "type": "Feature", "properties": { "species": "Arvicanthis niloticus", "decimalLon": 28.0333, "decimalLat": -2.8667, "year": "1950" }, "geometry": { "type": "Point", "coordinates": [ 28.0333, -2.8667 ] } },
{ "type": "Feature", "properties": { "species": "Arvicanthis niloticus", "decimalLon": 29.1333, "decimalLat": 3.6833, "year": "1948" }, "geometry": { "type": "Point", "coordinates": [ 29.1333, 3.6833 ] } },
{ "type": "Feature", "properties": { "species": "Arvicanthis niloticus", "decimalLon": 29.133333, "decimalLat": 3.683333, "year": "1948" }, "geometry": { "type": "Point", "coordinates": [ 29.133333, 3.683333 ] } },
{ "type": "Feature", "properties": { "species": "Arvicanthis niloticus", "decimalLon": 29.3, "decimalLat": 0.15, "year": "1948" }, "geometry": { "type": "Point", "coordinates": [ 29.3, 0.15 ] } },
{ "type": "Feature", "properties": { "species": "Arvicanthis niloticus", "decimalLon": 27.2, "decimalLat": -8.9333, "year": "1948" }, "geometry": { "type": "Point", "coordinates": [ 27.2, -8.9333 ] } },
{ "type": "Feature", "properties": { "species": "Arvicanthis niloticus", "decimalLon": 27.2, "decimalLat": -8.933333, "year": "1948" }, "geometry": { "type": "Point", "coordinates": [ 27.2, -8.933333 ] } },
{ "type": "Feature", "properties": { "species": "Arvicanthis niloticus", "decimalLon": 27.2, "decimalLat": -8.9333, "year": "1947" }, "geometry": { "type": "Point", "coordinates": [ 27.2, -8.9333 ] } },
{ "type": "Feature", "properties": { "species": "Arvicanthis niloticus", "decimalLon": 27.2, "decimalLat": -8.933333, "year": "1947" }, "geometry": { "type": "Point", "coordinates": [ 27.2, -8.933333 ] } },
{ "type": "Feature", "properties": { "species": "Arvicanthis niloticus", "decimalLon": 29.1333, "decimalLat": 3.6833, "year": "1947" }, "geometry": { "type": "Point", "coordinates": [ 29.1333, 3.6833 ] } },
{ "type": "Feature", "properties": { "species": "Arvicanthis niloticus", "decimalLon": 29.133333, "decimalLat": 3.683333, "year": "1947" }, "geometry": { "type": "Point", "coordinates": [ 29.133333, 3.683333 ] } },
{ "type": "Feature", "properties": { "species": "Arvicanthis niloticus", "decimalLon": 29.1333, "decimalLat": 3.6833, "year": "1945" }, "geometry": { "type": "Point", "coordinates": [ 29.1333, 3.6833 ] } },
{ "type": "Feature", "properties": { "species": "Arvicanthis niloticus", "decimalLon": 29.133333, "decimalLat": 3.683333, "year": "1945" }, "geometry": { "type": "Point", "coordinates": [ 29.133333, 3.683333 ] } },
{ "type": "Feature", "properties": { "species": "Arvicanthis niloticus", "decimalLon": 30.9833, "decimalLat": 2.2667, "year": "1942" }, "geometry": { "type": "Point", "coordinates": [ 30.9833, 2.2667 ] } },
{ "type": "Feature", "properties": { "species": "Arvicanthis niloticus", "decimalLon": 27.2, "decimalLat": -8.9333, "year": "1941" }, "geometry": { "type": "Point", "coordinates": [ 27.2, -8.9333 ] } },
{ "type": "Feature", "properties": { "species": "Arvicanthis niloticus", "decimalLon": 29.4833, "decimalLat": 0.4833, "year": "1939" }, "geometry": { "type": "Point", "coordinates": [ 29.4833, 0.4833 ] } },
{ "type": "Feature", "properties": { "species": "Arvicanthis niloticus", "decimalLon": 30.05, "decimalLat": 1.9333, "year": "1939" }, "geometry": { "type": "Point", "coordinates": [ 30.05, 1.9333 ] } },
{ "type": "Feature", "properties": { "species": "Arvicanthis niloticus", "decimalLon": 30.1167, "decimalLat": 1.8833, "year": "1939" }, "geometry": { "type": "Point", "coordinates": [ 30.1167, 1.8833 ] } },
{ "type": "Feature", "properties": { "species": "Arvicanthis niloticus", "decimalLon": 30.4333, "decimalLat": 1.3833, "year": "1939" }, "geometry": { "type": "Point", "coordinates": [ 30.4333, 1.3833 ] } },
{ "type": "Feature", "properties": { "species": "Arvicanthis niloticus", "decimalLon": 29.45, "decimalLat": -1.1833, "year": "1938" }, "geometry": { "type": "Point", "coordinates": [ 29.45, -1.1833 ] } },
{ "type": "Feature", "properties": { "species": "Arvicanthis niloticus", "decimalLon": 29.4489, "decimalLat": -1.1842, "year": "1938" }, "geometry": { "type": "Point", "coordinates": [ 29.4489, -1.1842 ] } },
{ "type": "Feature", "properties": { "species": "Arvicanthis niloticus", "decimalLon": 30.3667, "decimalLat": 2.0167, "year": "1938" }, "geometry": { "type": "Point", "coordinates": [ 30.3667, 2.0167 ] } },
{ "type": "Feature", "properties": { "species": "Arvicanthis niloticus", "decimalLon": 28.87771, "decimalLat": -1.44604, "year": "1938" }, "geometry": { "type": "Point", "coordinates": [ 28.87771, -1.44604 ] } },
{ "type": "Feature", "properties": { "species": "Arvicanthis niloticus", "decimalLon": 29.45, "decimalLat": -1.1833, "year": "1937" }, "geometry": { "type": "Point", "coordinates": [ 29.45, -1.1833 ] } },
{ "type": "Feature", "properties": { "species": "Arvicanthis niloticus", "decimalLon": 29.4489, "decimalLat": -1.1842, "year": "1937" }, "geometry": { "type": "Point", "coordinates": [ 29.4489, -1.1842 ] } },
{ "type": "Feature", "properties": { "species": "Arvicanthis niloticus", "decimalLon": 29.3667, "decimalLat": -0.1667, "year": "1935" }, "geometry": { "type": "Point", "coordinates": [ 29.3667, -0.1667 ] } },
{ "type": "Feature", "properties": { "species": "Arvicanthis niloticus", "decimalLon": 30.4333, "decimalLat": 1.3833, "year": "1935" }, "geometry": { "type": "Point", "coordinates": [ 30.4333, 1.3833 ] } },
{ "type": "Feature", "properties": { "species": "Arvicanthis niloticus", "decimalLon": 29.8333, "decimalLat": 0.75, "year": "1935" }, "geometry": { "type": "Point", "coordinates": [ 29.8333, 0.75 ] } },
{ "type": "Feature", "properties": { "species": "Arvicanthis niloticus", "decimalLon": 29.4489, "decimalLat": -1.1842, "year": "1934" }, "geometry": { "type": "Point", "coordinates": [ 29.4489, -1.1842 ] } },
{ "type": "Feature", "properties": { "species": "Arvicanthis niloticus", "decimalLon": 29.35, "decimalLat": -0.8833, "year": "1934" }, "geometry": { "type": "Point", "coordinates": [ 29.35, -0.8833 ] } },
{ "type": "Feature", "properties": { "species": "Arvicanthis niloticus", "decimalLon": 29.0333, "decimalLat": -0.0667, "year": "1934" }, "geometry": { "type": "Point", "coordinates": [ 29.0333, -0.0667 ] } },
{ "type": "Feature", "properties": { "species": "Arvicanthis niloticus", "decimalLon": 29.283333, "decimalLat": -0.783333, "year": "1934" }, "geometry": { "type": "Point", "coordinates": [ 29.283333, -0.783333 ] } },
{ "type": "Feature", "properties": { "species": "Arvicanthis niloticus", "decimalLon": 29.1667, "decimalLat": -0.7167, "year": "1934" }, "geometry": { "type": "Point", "coordinates": [ 29.1667, -0.7167 ] } },
{ "type": "Feature", "properties": { "species": "Arvicanthis niloticus", "decimalLon": 29.1333, "decimalLat": -0.6667, "year": "1934" }, "geometry": { "type": "Point", "coordinates": [ 29.1333, -0.6667 ] } },
{ "type": "Feature", "properties": { "species": "Arvicanthis niloticus", "decimalLon": 29.166667, "decimalLat": -0.7, "year": "1934" }, "geometry": { "type": "Point", "coordinates": [ 29.166667, -0.7 ] } },
{ "type": "Feature", "properties": { "species": "Arvicanthis niloticus", "decimalLon": 29.45, "decimalLat": -1.1833, "year": "1933" }, "geometry": { "type": "Point", "coordinates": [ 29.45, -1.1833 ] } },
{ "type": "Feature", "properties": { "species": "Arvicanthis niloticus", "decimalLon": 29.7167, "decimalLat": 0.35, "year": "1932" }, "geometry": { "type": "Point", "coordinates": [ 29.7167, 0.35 ] } },
{ "type": "Feature", "properties": { "species": "Arvicanthis niloticus", "decimalLon": 29.3, "decimalLat": 0.15, "year": "1932" }, "geometry": { "type": "Point", "coordinates": [ 29.3, 0.15 ] } },
{ "type": "Feature", "properties": { "species": "Arvicanthis niloticus", "decimalLon": 30.0333, "decimalLat": 1.0667, "year": "1928" }, "geometry": { "type": "Point", "coordinates": [ 30.0333, 1.0667 ] } },
{ "type": "Feature", "properties": { "species": "Arvicanthis niloticus", "decimalLon": 29.37306, "decimalLat": -1.41306, "year": "1927" }, "geometry": { "type": "Point", "coordinates": [ 29.37306, -1.41306 ] } },
{ "type": "Feature", "properties": { "species": "Arvicanthis niloticus", "decimalLon": 29.116667, "decimalLat": -0.616667, "year": "1927" }, "geometry": { "type": "Point", "coordinates": [ 29.116667, -0.616667 ] } },
{ "type": "Feature", "properties": { "species": "Arvicanthis niloticus", "decimalLon": 27.6833, "decimalLat": 4.0833, "year": "1925" }, "geometry": { "type": "Point", "coordinates": [ 27.6833, 4.0833 ] } },
{ "type": "Feature", "properties": { "species": "Arvicanthis niloticus", "decimalLon": 29.466669, "decimalLat": 0.5, "year": "1925" }, "geometry": { "type": "Point", "coordinates": [ 29.466669, 0.5 ] } },
{ "type": "Feature", "properties": { "species": "Arvicanthis niloticus", "decimalLon": 30.6833, "decimalLat": 3.4, "year": "1925" }, "geometry": { "type": "Point", "coordinates": [ 30.6833, 3.4 ] } },
{ "type": "Feature", "properties": { "species": "Arvicanthis niloticus", "decimalLon": 30.7833, "decimalLat": 3.1, "year": "1925" }, "geometry": { "type": "Point", "coordinates": [ 30.7833, 3.1 ] } },
{ "type": "Feature", "properties": { "species": "Arvicanthis niloticus", "decimalLon": 30.65, "decimalLat": 2.1667, "year": "1925" }, "geometry": { "type": "Point", "coordinates": [ 30.65, 2.1667 ] } },
{ "type": "Feature", "properties": { "species": "Arvicanthis niloticus", "decimalLon": 27.95, "decimalLat": 3.25, "year": "1925" }, "geometry": { "type": "Point", "coordinates": [ 27.95, 3.25 ] } },
{ "type": "Feature", "properties": { "species": "Arvicanthis niloticus", "decimalLon": 29.3667, "decimalLat": -1.4167, "year": "1925" }, "geometry": { "type": "Point", "coordinates": [ 29.3667, -1.4167 ] } },
{ "type": "Feature", "properties": { "species": "Arvicanthis niloticus", "decimalLon": 29.68805, "decimalLat": 0.04963, "year": "1924" }, "geometry": { "type": "Point", "coordinates": [ 29.68805, 0.04963 ] } },
{ "type": "Feature", "properties": { "species": "Arvicanthis niloticus", "decimalLon": 29.68736, "decimalLat": 0.05057, "year": "1924" }, "geometry": { "type": "Point", "coordinates": [ 29.68736, 0.05057 ] } },
{ "type": "Feature", "properties": { "species": "Arvicanthis niloticus", "decimalLon": 29.5, "decimalLat": 0.15, "year": "1921" }, "geometry": { "type": "Point", "coordinates": [ 29.5, 0.15 ] } },
{ "type": "Feature", "properties": { "species": "Arvicanthis niloticus", "decimalLon": 29.85, "decimalLat": 1.5333, "year": "1921" }, "geometry": { "type": "Point", "coordinates": [ 29.85, 1.5333 ] } },
{ "type": "Feature", "properties": { "species": "Arvicanthis niloticus", "decimalLon": 29.87546, "decimalLat": 1.44796, "year": "1921" }, "geometry": { "type": "Point", "coordinates": [ 29.87546, 1.44796 ] } },
{ "type": "Feature", "properties": { "species": "Arvicanthis niloticus", "decimalLon": 29.85, "decimalLat": 1.5333, "year": "1913" }, "geometry": { "type": "Point", "coordinates": [ 29.85, 1.5333 ] } },
{ "type": "Feature", "properties": { "species": "Arvicanthis niloticus", "decimalLon": 29.4833, "decimalLat": 0.4833, "year": "1913" }, "geometry": { "type": "Point", "coordinates": [ 29.4833, 0.4833 ] } },
{ "type": "Feature", "properties": { "species": "Arvicanthis niloticus", "decimalLon": 29.1333, "decimalLat": -0.6333, "year": "1913" }, "geometry": { "type": "Point", "coordinates": [ 29.1333, -0.6333 ] } },
{ "type": "Feature", "properties": { "species": "Arvicanthis niloticus", "decimalLon": 29.6833, "decimalLat": 0.05, "year": "1912" }, "geometry": { "type": "Point", "coordinates": [ 29.6833, 0.05 ] } },
{ "type": "Feature", "properties": { "species": "Arvicanthis niloticus", "decimalLon": 29.65, "decimalLat": 0.1, "year": "1912" }, "geometry": { "type": "Point", "coordinates": [ 29.65, 0.1 ] } },
{ "type": "Feature", "properties": { "species": "Arvicanthis niloticus", "decimalLon": 29.85, "decimalLat": 1.5333, "year": "1912" }, "geometry": { "type": "Point", "coordinates": [ 29.85, 1.5333 ] } },
{ "type": "Feature", "properties": { "species": "Arvicanthis niloticus", "decimalLon": 27.866694, "decimalLat": 3.7, "year": "1910" }, "geometry": { "type": "Point", "coordinates": [ 27.866694, 3.7 ] } },
{ "type": "Feature", "properties": { "species": "Arvicanthis niloticus", "decimalLon": 27.8667, "decimalLat": 3.75, "year": "1910" }, "geometry": { "type": "Point", "coordinates": [ 27.8667, 3.75 ] } },
{ "type": "Feature", "properties": { "species": "Arvicanthis niloticus", "decimalLon": 28.4667, "decimalLat": -1.9333, "year": "NA" }, "geometry": { "type": "Point", "coordinates": [ 28.4667, -1.9333 ] } },
{ "type": "Feature", "properties": { "species": "Arvicanthis niloticus", "decimalLon": 29.15, "decimalLat": 0.6667, "year": "NA" }, "geometry": { "type": "Point", "coordinates": [ 29.15, 0.6667 ] } },
{ "type": "Feature", "properties": { "species": "Arvicanthis niloticus", "decimalLon": 13.0, "decimalLat": -5.0833, "year": "NA" }, "geometry": { "type": "Point", "coordinates": [ 13.0, -5.0833 ] } },
{ "type": "Feature", "properties": { "species": "Arvicanthis niloticus", "decimalLon": 29.4833, "decimalLat": 0.4833, "year": "NA" }, "geometry": { "type": "Point", "coordinates": [ 29.4833, 0.4833 ] } },
{ "type": "Feature", "properties": { "species": "Arvicanthis niloticus", "decimalLon": 30.5333, "decimalLat": 1.9167, "year": "NA" }, "geometry": { "type": "Point", "coordinates": [ 30.5333, 1.9167 ] } },
{ "type": "Feature", "properties": { "species": "Arvicanthis niloticus", "decimalLon": 29.7167, "decimalLat": 0.35, "year": "NA" }, "geometry": { "type": "Point", "coordinates": [ 29.7167, 0.35 ] } },
{ "type": "Feature", "properties": { "species": "Arvicanthis niloticus", "decimalLon": 30.6667, "decimalLat": 1.7333, "year": "NA" }, "geometry": { "type": "Point", "coordinates": [ 30.6667, 1.7333 ] } },
{ "type": "Feature", "properties": { "species": "Arvicanthis niloticus", "decimalLon": 30.05, "decimalLat": 1.9333, "year": "NA" }, "geometry": { "type": "Point", "coordinates": [ 30.05, 1.9333 ] } },
{ "type": "Feature", "properties": { "species": "Arvicanthis niloticus", "decimalLon": 30.4333, "decimalLat": 1.3833, "year": "NA" }, "geometry": { "type": "Point", "coordinates": [ 30.4333, 1.3833 ] } },
{ "type": "Feature", "properties": { "species": "Arvicanthis niloticus", "decimalLon": 29.3, "decimalLat": 0.15, "year": "NA" }, "geometry": { "type": "Point", "coordinates": [ 29.3, 0.15 ] } },
{ "type": "Feature", "properties": { "species": "Arvicanthis niloticus", "decimalLon": 27.2, "decimalLat": -8.933333, "year": "NA" }, "geometry": { "type": "Point", "coordinates": [ 27.2, -8.933333 ] } },
{ "type": "Feature", "properties": { "species": "Crocidura littoralis", "decimalLon": 27.523347, "decimalLat": -1.262283, "year": "2024" }, "geometry": { "type": "Point", "coordinates": [ 27.523347, -1.262283 ] } },
{ "type": "Feature", "properties": { "species": "Crocidura littoralis", "decimalLon": 24.490133, "decimalLat": 0.793108, "year": "2016" }, "geometry": { "type": "Point", "coordinates": [ 24.490133, 0.793108 ] } },
{ "type": "Feature", "properties": { "species": "Crocidura littoralis", "decimalLon": 24.497167, "decimalLat": 0.792103, "year": "2016" }, "geometry": { "type": "Point", "coordinates": [ 24.497167, 0.792103 ] } },
{ "type": "Feature", "properties": { "species": "Crocidura littoralis", "decimalLon": 24.512639, "decimalLat": 0.813549, "year": "2016" }, "geometry": { "type": "Point", "coordinates": [ 24.512639, 0.813549 ] } },
{ "type": "Feature", "properties": { "species": "Crocidura littoralis", "decimalLon": 24.4972, "decimalLat": 0.7921, "year": "2016" }, "geometry": { "type": "Point", "coordinates": [ 24.4972, 0.7921 ] } },
{ "type": "Feature", "properties": { "species": "Crocidura littoralis", "decimalLon": 24.5126, "decimalLat": 0.8135, "year": "2016" }, "geometry": { "type": "Point", "coordinates": [ 24.5126, 0.8135 ] } },
{ "type": "Feature", "properties": { "species": "Crocidura littoralis", "decimalLon": 24.4901, "decimalLat": 0.7931, "year": "2016" }, "geometry": { "type": "Point", "coordinates": [ 24.4901, 0.7931 ] } },
{ "type": "Feature", "properties": { "species": "Crocidura littoralis", "decimalLon": 24.491947, "decimalLat": 0.799228, "year": "2015" }, "geometry": { "type": "Point", "coordinates": [ 24.491947, 0.799228 ] } },
{ "type": "Feature", "properties": { "species": "Crocidura littoralis", "decimalLon": 24.494231, "decimalLat": 0.795914, "year": "2015" }, "geometry": { "type": "Point", "coordinates": [ 24.494231, 0.795914 ] } },
{ "type": "Feature", "properties": { "species": "Crocidura littoralis", "decimalLon": 24.493697, "decimalLat": 0.814033, "year": "2015" }, "geometry": { "type": "Point", "coordinates": [ 24.493697, 0.814033 ] } },
{ "type": "Feature", "properties": { "species": "Crocidura littoralis", "decimalLon": 24.4941, "decimalLat": 0.7967, "year": "2015" }, "geometry": { "type": "Point", "coordinates": [ 24.4941, 0.7967 ] } },
{ "type": "Feature", "properties": { "species": "Crocidura littoralis", "decimalLon": 24.4931, "decimalLat": 0.8144, "year": "2015" }, "geometry": { "type": "Point", "coordinates": [ 24.4931, 0.8144 ] } },
{ "type": "Feature", "properties": { "species": "Crocidura littoralis", "decimalLon": 24.4937, "decimalLat": 0.8144, "year": "2015" }, "geometry": { "type": "Point", "coordinates": [ 24.4937, 0.8144 ] } },
{ "type": "Feature", "properties": { "species": "Crocidura littoralis", "decimalLon": 24.497792, "decimalLat": 0.79659, "year": "2014" }, "geometry": { "type": "Point", "coordinates": [ 24.497792, 0.79659 ] } },
{ "type": "Feature", "properties": { "species": "Crocidura littoralis", "decimalLon": 24.491928, "decimalLat": 0.794881, "year": "2014" }, "geometry": { "type": "Point", "coordinates": [ 24.491928, 0.794881 ] } },
{ "type": "Feature", "properties": { "species": "Crocidura littoralis", "decimalLon": 24.487503, "decimalLat": 0.802561, "year": "2014" }, "geometry": { "type": "Point", "coordinates": [ 24.487503, 0.802561 ] } },
{ "type": "Feature", "properties": { "species": "Crocidura littoralis", "decimalLon": 24.4875, "decimalLat": 0.8026, "year": "2014" }, "geometry": { "type": "Point", "coordinates": [ 24.4875, 0.8026 ] } },
{ "type": "Feature", "properties": { "species": "Crocidura littoralis", "decimalLon": 24.4978, "decimalLat": 0.7966, "year": "2014" }, "geometry": { "type": "Point", "coordinates": [ 24.4978, 0.7966 ] } },
{ "type": "Feature", "properties": { "species": "Crocidura littoralis", "decimalLon": 24.4919, "decimalLat": 0.7949, "year": "2014" }, "geometry": { "type": "Point", "coordinates": [ 24.4919, 0.7949 ] } },
{ "type": "Feature", "properties": { "species": "Crocidura littoralis", "decimalLon": 24.528114, "decimalLat": 0.808089, "year": "2013" }, "geometry": { "type": "Point", "coordinates": [ 24.528114, 0.808089 ] } },
{ "type": "Feature", "properties": { "species": "Crocidura littoralis", "decimalLon": 24.517549, "decimalLat": 0.789403, "year": "2013" }, "geometry": { "type": "Point", "coordinates": [ 24.517549, 0.789403 ] } },
{ "type": "Feature", "properties": { "species": "Crocidura littoralis", "decimalLon": 24.521094, "decimalLat": 0.7805, "year": "2013" }, "geometry": { "type": "Point", "coordinates": [ 24.521094, 0.7805 ] } },
{ "type": "Feature", "properties": { "species": "Crocidura littoralis", "decimalLon": 24.5211, "decimalLat": 0.7805, "year": "2013" }, "geometry": { "type": "Point", "coordinates": [ 24.5211, 0.7805 ] } },
{ "type": "Feature", "properties": { "species": "Crocidura littoralis", "decimalLon": 24.5281, "decimalLat": 0.8081, "year": "2013" }, "geometry": { "type": "Point", "coordinates": [ 24.5281, 0.8081 ] } },
{ "type": "Feature", "properties": { "species": "Crocidura littoralis", "decimalLon": 24.5175, "decimalLat": 0.7894, "year": "2013" }, "geometry": { "type": "Point", "coordinates": [ 24.5175, 0.7894 ] } },
{ "type": "Feature", "properties": { "species": "Crocidura littoralis", "decimalLon": 25.2565, "decimalLat": 0.6051, "year": "2012" }, "geometry": { "type": "Point", "coordinates": [ 25.2565, 0.6051 ] } },
{ "type": "Feature", "properties": { "species": "Crocidura littoralis", "decimalLon": 28.2565, "decimalLat": 0.6051, "year": "2012" }, "geometry": { "type": "Point", "coordinates": [ 28.2565, 0.6051 ] } },
{ "type": "Feature", "properties": { "species": "Crocidura littoralis", "decimalLon": 26.2565, "decimalLat": 0.6051, "year": "2012" }, "geometry": { "type": "Point", "coordinates": [ 26.2565, 0.6051 ] } },
{ "type": "Feature", "properties": { "species": "Crocidura littoralis", "decimalLon": 29.2565, "decimalLat": 0.6051, "year": "2012" }, "geometry": { "type": "Point", "coordinates": [ 29.2565, 0.6051 ] } },
{ "type": "Feature", "properties": { "species": "Crocidura littoralis", "decimalLon": 25.2565, "decimalLat": 0.6051, "year": "2011" }, "geometry": { "type": "Point", "coordinates": [ 25.2565, 0.6051 ] } },
{ "type": "Feature", "properties": { "species": "Crocidura littoralis", "decimalLon": 29.2565, "decimalLat": 0.6051, "year": "2011" }, "geometry": { "type": "Point", "coordinates": [ 29.2565, 0.6051 ] } },
{ "type": "Feature", "properties": { "species": "Crocidura littoralis", "decimalLon": 26.2565, "decimalLat": 0.6051, "year": "2011" }, "geometry": { "type": "Point", "coordinates": [ 26.2565, 0.6051 ] } },
{ "type": "Feature", "properties": { "species": "Crocidura littoralis", "decimalLon": 27.2565, "decimalLat": 0.6051, "year": "2011" }, "geometry": { "type": "Point", "coordinates": [ 27.2565, 0.6051 ] } },
{ "type": "Feature", "properties": { "species": "Crocidura littoralis", "decimalLon": 28.2565, "decimalLat": 0.6051, "year": "2011" }, "geometry": { "type": "Point", "coordinates": [ 28.2565, 0.6051 ] } },
{ "type": "Feature", "properties": { "species": "Crocidura littoralis", "decimalLon": 25.2881, "decimalLat": 0.294, "year": "2008" }, "geometry": { "type": "Point", "coordinates": [ 25.2881, 0.294 ] } },
{ "type": "Feature", "properties": { "species": "Crocidura littoralis", "decimalLon": 25.2539, "decimalLat": 0.3234, "year": "2008" }, "geometry": { "type": "Point", "coordinates": [ 25.2539, 0.3234 ] } },
{ "type": "Feature", "properties": { "species": "Crocidura littoralis", "decimalLon": 25.2881, "decimalLat": 0.294, "year": "2007" }, "geometry": { "type": "Point", "coordinates": [ 25.2881, 0.294 ] } },
{ "type": "Feature", "properties": { "species": "Crocidura littoralis", "decimalLon": 25.2539, "decimalLat": 0.3234, "year": "2007" }, "geometry": { "type": "Point", "coordinates": [ 25.2539, 0.3234 ] } },
{ "type": "Feature", "properties": { "species": "Crocidura littoralis", "decimalLon": 26.3639, "decimalLat": 0.6415, "year": "2006" }, "geometry": { "type": "Point", "coordinates": [ 26.3639, 0.6415 ] } },
{ "type": "Feature", "properties": { "species": "Crocidura littoralis", "decimalLon": 25.2881, "decimalLat": 0.294, "year": "2006" }, "geometry": { "type": "Point", "coordinates": [ 25.2881, 0.294 ] } },
{ "type": "Feature", "properties": { "species": "Crocidura littoralis", "decimalLon": 25.078, "decimalLat": 0.6387, "year": "2005" }, "geometry": { "type": "Point", "coordinates": [ 25.078, 0.6387 ] } },
{ "type": "Feature", "properties": { "species": "Crocidura littoralis", "decimalLon": 26.2565, "decimalLat": 0.6051, "year": "2005" }, "geometry": { "type": "Point", "coordinates": [ 26.2565, 0.6051 ] } },
{ "type": "Feature", "properties": { "species": "Crocidura littoralis", "decimalLon": 25.2565, "decimalLat": 0.6051, "year": "2005" }, "geometry": { "type": "Point", "coordinates": [ 25.2565, 0.6051 ] } },
{ "type": "Feature", "properties": { "species": "Crocidura littoralis", "decimalLon": 24.1736, "decimalLat": 0.5192, "year": "2005" }, "geometry": { "type": "Point", "coordinates": [ 24.1736, 0.5192 ] } },
{ "type": "Feature", "properties": { "species": "Crocidura littoralis", "decimalLon": 25.217, "decimalLat": 0.6, "year": "2001" }, "geometry": { "type": "Point", "coordinates": [ 25.217, 0.6 ] } },
{ "type": "Feature", "properties": { "species": "Petrodromus tetradactylus", "decimalLon": 20.373916, "decimalLat": -2.763983, "year": "2022" }, "geometry": { "type": "Point", "coordinates": [ 20.373916, -2.763983 ] } },
{ "type": "Feature", "properties": { "species": "Petrodromus tetradactylus", "decimalLon": 20.530244, "decimalLat": -0.713872, "year": "2021" }, "geometry": { "type": "Point", "coordinates": [ 20.530244, -0.713872 ] } },
{ "type": "Feature", "properties": { "species": "Petrodromus tetradactylus", "decimalLon": 20.376149, "decimalLat": -2.76165, "year": "2014" }, "geometry": { "type": "Point", "coordinates": [ 20.376149, -2.76165 ] } },
{ "type": "Feature", "properties": { "species": "Petrodromus tetradactylus", "decimalLon": 25.101257, "decimalLat": -2.747295, "year": "2009" }, "geometry": { "type": "Point", "coordinates": [ 25.101257, -2.747295 ] } },
{ "type": "Feature", "properties": { "species": "Petrodromus tetradactylus", "decimalLon": 25.21578, "decimalLat": -2.67371, "year": "2009" }, "geometry": { "type": "Point", "coordinates": [ 25.21578, -2.67371 ] } },
{ "type": "Feature", "properties": { "species": "Petrodromus tetradactylus", "decimalLon": 26.516667, "decimalLat": -8.65, "year": "1949" }, "geometry": { "type": "Point", "coordinates": [ 26.516667, -8.65 ] } },
{ "type": "Feature", "properties": { "species": "Petrodromus tetradactylus", "decimalLon": 26.516667, "decimalLat": -8.65, "year": "1948" }, "geometry": { "type": "Point", "coordinates": [ 26.516667, -8.65 ] } },
{ "type": "Feature", "properties": { "species": "Petrodromus tetradactylus", "decimalLon": 26.516667, "decimalLat": -8.65, "year": "1947" }, "geometry": { "type": "Point", "coordinates": [ 26.516667, -8.65 ] } },
{ "type": "Feature", "properties": { "species": "Petrodromus tetradactylus", "decimalLon": 27.2, "decimalLat": -8.933333, "year": "1947" }, "geometry": { "type": "Point", "coordinates": [ 27.2, -8.933333 ] } },
{ "type": "Feature", "properties": { "species": "Petrodromus tetradactylus", "decimalLon": 29.166667, "decimalLat": -5.95, "year": "1940" }, "geometry": { "type": "Point", "coordinates": [ 29.166667, -5.95 ] } },
{ "type": "Feature", "properties": { "species": "Petrodromus tetradactylus", "decimalLon": 26.43, "decimalLat": -8.81, "year": "1906" }, "geometry": { "type": "Point", "coordinates": [ 26.43, -8.81 ] } },
{ "type": "Feature", "properties": { "species": "Atherurus africanus", "decimalLon": 26.232604, "decimalLat": 0.541071, "year": "2025" }, "geometry": { "type": "Point", "coordinates": [ 26.232604, 0.541071 ] } },
{ "type": "Feature", "properties": { "species": "Atherurus africanus", "decimalLon": 21.432121, "decimalLat": 4.127876, "year": "2023" }, "geometry": { "type": "Point", "coordinates": [ 21.432121, 4.127876 ] } },
{ "type": "Feature", "properties": { "species": "Atherurus africanus", "decimalLon": 21.427949, "decimalLat": 4.120329, "year": "2023" }, "geometry": { "type": "Point", "coordinates": [ 21.427949, 4.120329 ] } },
{ "type": "Feature", "properties": { "species": "Atherurus africanus", "decimalLon": 28.601587, "decimalLat": 1.494191, "year": "2022" }, "geometry": { "type": "Point", "coordinates": [ 28.601587, 1.494191 ] } },
{ "type": "Feature", "properties": { "species": "Atherurus africanus", "decimalLon": 20.378654, "decimalLat": -2.760206, "year": "2022" }, "geometry": { "type": "Point", "coordinates": [ 20.378654, -2.760206 ] } },
{ "type": "Feature", "properties": { "species": "Atherurus africanus", "decimalLon": 16.817816, "decimalLat": -2.54092, "year": "2021" }, "geometry": { "type": "Point", "coordinates": [ 16.817816, -2.54092 ] } },
{ "type": "Feature", "properties": { "species": "Atherurus africanus", "decimalLon": 25.260722, "decimalLat": -2.889147, "year": "2021" }, "geometry": { "type": "Point", "coordinates": [ 25.260722, -2.889147 ] } },
{ "type": "Feature", "properties": { "species": "Atherurus africanus", "decimalLon": 20.378222, "decimalLat": -2.760319, "year": "2018" }, "geometry": { "type": "Point", "coordinates": [ 20.378222, -2.760319 ] } },
{ "type": "Feature", "properties": { "species": "Atherurus africanus", "decimalLon": 20.378654, "decimalLat": -2.760207, "year": "2016" }, "geometry": { "type": "Point", "coordinates": [ 20.378654, -2.760207 ] } },
{ "type": "Feature", "properties": { "species": "Atherurus africanus", "decimalLon": 25.15717, "decimalLat": -2.76653, "year": "2014" }, "geometry": { "type": "Point", "coordinates": [ 25.15717, -2.76653 ] } },
{ "type": "Feature", "properties": { "species": "Atherurus africanus", "decimalLon": 20.374548, "decimalLat": -2.766966, "year": "2014" }, "geometry": { "type": "Point", "coordinates": [ 20.374548, -2.766966 ] } },
{ "type": "Feature", "properties": { "species": "Atherurus africanus", "decimalLon": 20.37, "decimalLat": -2.77, "year": "2014" }, "geometry": { "type": "Point", "coordinates": [ 20.37, -2.77 ] } },
{ "type": "Feature", "properties": { "species": "Atherurus africanus", "decimalLon": 29.0928, "decimalLat": -4.9847, "year": "2007" }, "geometry": { "type": "Point", "coordinates": [ 29.0928, -4.9847 ] } },
{ "type": "Feature", "properties": { "species": "Atherurus africanus", "decimalLon": 25.2833, "decimalLat": -0.0667, "year": "1984" }, "geometry": { "type": "Point", "coordinates": [ 25.2833, -0.0667 ] } },
{ "type": "Feature", "properties": { "species": "Atherurus africanus", "decimalLon": 25.2833, "decimalLat": 0.1833, "year": "1984" }, "geometry": { "type": "Point", "coordinates": [ 25.2833, 0.1833 ] } },
{ "type": "Feature", "properties": { "species": "Atherurus africanus", "decimalLon": 25.55, "decimalLat": 0.4667, "year": "1983" }, "geometry": { "type": "Point", "coordinates": [ 25.55, 0.4667 ] } },
{ "type": "Feature", "properties": { "species": "Atherurus africanus", "decimalLon": 25.2833, "decimalLat": -0.0667, "year": "1983" }, "geometry": { "type": "Point", "coordinates": [ 25.2833, -0.0667 ] } },
{ "type": "Feature", "properties": { "species": "Atherurus africanus", "decimalLon": 25.2833, "decimalLat": 0.1833, "year": "1983" }, "geometry": { "type": "Point", "coordinates": [ 25.2833, 0.1833 ] } },
{ "type": "Feature", "properties": { "species": "Atherurus africanus", "decimalLon": 25.55, "decimalLat": 0.4667, "year": "1982" }, "geometry": { "type": "Point", "coordinates": [ 25.55, 0.4667 ] } },
{ "type": "Feature", "properties": { "species": "Atherurus africanus", "decimalLon": 25.2, "decimalLat": 0.5, "year": "1982" }, "geometry": { "type": "Point", "coordinates": [ 25.2, 0.5 ] } },
{ "type": "Feature", "properties": { "species": "Atherurus africanus", "decimalLon": 25.55, "decimalLat": 0.4667, "year": "1981" }, "geometry": { "type": "Point", "coordinates": [ 25.55, 0.4667 ] } },
{ "type": "Feature", "properties": { "species": "Atherurus africanus", "decimalLon": 25.2, "decimalLat": 0.5, "year": "1981" }, "geometry": { "type": "Point", "coordinates": [ 25.2, 0.5 ] } },
{ "type": "Feature", "properties": { "species": "Atherurus africanus", "decimalLon": 28.35, "decimalLat": 1.25, "year": "1981" }, "geometry": { "type": "Point", "coordinates": [ 28.35, 1.25 ] } },
{ "type": "Feature", "properties": { "species": "Atherurus africanus", "decimalLon": 25.2, "decimalLat": 0.5, "year": "1980" }, "geometry": { "type": "Point", "coordinates": [ 25.2, 0.5 ] } },
{ "type": "Feature", "properties": { "species": "Atherurus africanus", "decimalLon": 25.55, "decimalLat": 0.4667, "year": "1980" }, "geometry": { "type": "Point", "coordinates": [ 25.55, 0.4667 ] } },
{ "type": "Feature", "properties": { "species": "Atherurus africanus", "decimalLon": 25.55, "decimalLat": 0.4667, "year": "1979" }, "geometry": { "type": "Point", "coordinates": [ 25.55, 0.4667 ] } },
{ "type": "Feature", "properties": { "species": "Atherurus africanus", "decimalLon": 21.785191, "decimalLat": 2.575111, "year": "1979" }, "geometry": { "type": "Point", "coordinates": [ 21.785191, 2.575111 ] } },
{ "type": "Feature", "properties": { "species": "Atherurus africanus", "decimalLon": 21.85, "decimalLat": 2.58, "year": "1979" }, "geometry": { "type": "Point", "coordinates": [ 21.85, 2.58 ] } },
{ "type": "Feature", "properties": { "species": "Atherurus africanus", "decimalLon": 19.2922, "decimalLat": 2.9446, "year": "1979" }, "geometry": { "type": "Point", "coordinates": [ 19.2922, 2.9446 ] } },
{ "type": "Feature", "properties": { "species": "Atherurus africanus", "decimalLon": 25.2, "decimalLat": 0.5, "year": "1979" }, "geometry": { "type": "Point", "coordinates": [ 25.2, 0.5 ] } },
{ "type": "Feature", "properties": { "species": "Atherurus africanus", "decimalLon": 25.2, "decimalLat": 0.5, "year": "1978" }, "geometry": { "type": "Point", "coordinates": [ 25.2, 0.5 ] } },
{ "type": "Feature", "properties": { "species": "Atherurus africanus", "decimalLon": 29.3, "decimalLat": 0.2, "year": "1961" }, "geometry": { "type": "Point", "coordinates": [ 29.3, 0.2 ] } },
{ "type": "Feature", "properties": { "species": "Atherurus africanus", "decimalLon": 21.9167, "decimalLat": -4.85, "year": "1960" }, "geometry": { "type": "Point", "coordinates": [ 21.9167, -4.85 ] } },
{ "type": "Feature", "properties": { "species": "Atherurus africanus", "decimalLon": 29.3, "decimalLat": 0.2, "year": "1958" }, "geometry": { "type": "Point", "coordinates": [ 29.3, 0.2 ] } },
{ "type": "Feature", "properties": { "species": "Atherurus africanus", "decimalLon": 23.9167, "decimalLat": -2.7833, "year": "1955" }, "geometry": { "type": "Point", "coordinates": [ 23.9167, -2.7833 ] } },
{ "type": "Feature", "properties": { "species": "Atherurus africanus", "decimalLon": 29.4833, "decimalLat": 0.4833, "year": "1952" }, "geometry": { "type": "Point", "coordinates": [ 29.4833, 0.4833 ] } },
{ "type": "Feature", "properties": { "species": "Atherurus africanus", "decimalLon": 29.6833, "decimalLat": 0.2833, "year": "1952" }, "geometry": { "type": "Point", "coordinates": [ 29.6833, 0.2833 ] } },
{ "type": "Feature", "properties": { "species": "Atherurus africanus", "decimalLon": 30.3833, "decimalLat": 1.7333, "year": "1951" }, "geometry": { "type": "Point", "coordinates": [ 30.3833, 1.7333 ] } },
{ "type": "Feature", "properties": { "species": "Atherurus africanus", "decimalLon": 28.8167, "decimalLat": -0.4833, "year": "1949" }, "geometry": { "type": "Point", "coordinates": [ 28.8167, -0.4833 ] } },
{ "type": "Feature", "properties": { "species": "Atherurus africanus", "decimalLon": 13.05, "decimalLat": -5.8333, "year": "1949" }, "geometry": { "type": "Point", "coordinates": [ 13.05, -5.8333 ] } },
{ "type": "Feature", "properties": { "species": "Atherurus africanus", "decimalLon": 19.8, "decimalLat": 2.6333, "year": "1934" }, "geometry": { "type": "Point", "coordinates": [ 19.8, 2.6333 ] } },
{ "type": "Feature", "properties": { "species": "Atherurus africanus", "decimalLon": 24.8333, "decimalLat": 2.7833, "year": "1932" }, "geometry": { "type": "Point", "coordinates": [ 24.8333, 2.7833 ] } },
{ "type": "Feature", "properties": { "species": "Atherurus africanus", "decimalLon": 29.5833, "decimalLat": 2.7833, "year": "1926" }, "geometry": { "type": "Point", "coordinates": [ 29.5833, 2.7833 ] } },
{ "type": "Feature", "properties": { "species": "Atherurus africanus", "decimalLon": 24.5667, "decimalLat": 2.85, "year": "1925" }, "geometry": { "type": "Point", "coordinates": [ 24.5667, 2.85 ] } },
{ "type": "Feature", "properties": { "species": "Atherurus africanus", "decimalLon": 16.4333, "decimalLat": -2.1, "year": "1924" }, "geometry": { "type": "Point", "coordinates": [ 16.4333, -2.1 ] } },
{ "type": "Feature", "properties": { "species": "Atherurus africanus", "decimalLon": 23.5333, "decimalLat": -7.0333, "year": "1923" }, "geometry": { "type": "Point", "coordinates": [ 23.5333, -7.0333 ] } },
{ "type": "Feature", "properties": { "species": "Atherurus africanus", "decimalLon": 23.6167, "decimalLat": 2.6333, "year": "1919" }, "geometry": { "type": "Point", "coordinates": [ 23.6167, 2.6333 ] } },
{ "type": "Feature", "properties": { "species": "Atherurus africanus", "decimalLon": 26.9667, "decimalLat": 3.1333, "year": "1914" }, "geometry": { "type": "Point", "coordinates": [ 26.9667, 3.1333 ] } },
{ "type": "Feature", "properties": { "species": "Atherurus africanus", "decimalLon": 29.716694, "decimalLat": 3.733333, "year": "1911" }, "geometry": { "type": "Point", "coordinates": [ 29.716694, 3.733333 ] } },
{ "type": "Feature", "properties": { "species": "Atherurus africanus", "decimalLon": 27.3, "decimalLat": 2.4167, "year": "1910" }, "geometry": { "type": "Point", "coordinates": [ 27.3, 2.4167 ] } },
{ "type": "Feature", "properties": { "species": "Atherurus africanus", "decimalLon": 21.15, "decimalLat": -2.1667, "year": "NA" }, "geometry": { "type": "Point", "coordinates": [ 21.15, -2.1667 ] } },
{ "type": "Feature", "properties": { "species": "Atherurus africanus", "decimalLon": 26.3833, "decimalLat": 1.8667, "year": "NA" }, "geometry": { "type": "Point", "coordinates": [ 26.3833, 1.8667 ] } },
{ "type": "Feature", "properties": { "species": "Atherurus africanus", "decimalLon": 25.9167, "decimalLat": 1.8167, "year": "NA" }, "geometry": { "type": "Point", "coordinates": [ 25.9167, 1.8167 ] } },
{ "type": "Feature", "properties": { "species": "Atherurus africanus", "decimalLon": 23.4333, "decimalLat": -3.3667, "year": "NA" }, "geometry": { "type": "Point", "coordinates": [ 23.4333, -3.3667 ] } },
{ "type": "Feature", "properties": { "species": "Atherurus africanus", "decimalLon": 16.4333, "decimalLat": -2.1, "year": "NA" }, "geometry": { "type": "Point", "coordinates": [ 16.4333, -2.1 ] } },
{ "type": "Feature", "properties": { "species": "Atherurus africanus", "decimalLon": 24.8333, "decimalLat": 2.7833, "year": "NA" }, "geometry": { "type": "Point", "coordinates": [ 24.8333, 2.7833 ] } },
{ "type": "Feature", "properties": { "species": "Atherurus africanus", "decimalLon": 15.3167, "decimalLat": -5.1333, "year": "NA" }, "geometry": { "type": "Point", "coordinates": [ 15.3167, -5.1333 ] } },
{ "type": "Feature", "properties": { "species": "Atherurus africanus", "decimalLon": 24.4, "decimalLat": 0.7833, "year": "NA" }, "geometry": { "type": "Point", "coordinates": [ 24.4, 0.7833 ] } },
{ "type": "Feature", "properties": { "species": "Atherurus africanus", "decimalLon": 15.3, "decimalLat": -4.3, "year": "NA" }, "geometry": { "type": "Point", "coordinates": [ 15.3, -4.3 ] } },
{ "type": "Feature", "properties": { "species": "Atherurus africanus", "decimalLon": 22.2833, "decimalLat": 0.0167, "year": "NA" }, "geometry": { "type": "Point", "coordinates": [ 22.2833, 0.0167 ] } },
{ "type": "Feature", "properties": { "species": "Atherurus africanus", "decimalLon": 29.3, "decimalLat": 0.5833, "year": "NA" }, "geometry": { "type": "Point", "coordinates": [ 29.3, 0.5833 ] } },
{ "type": "Feature", "properties": { "species": "Atherurus africanus", "decimalLon": 14.833333, "decimalLat": -5.25, "year": "NA" }, "geometry": { "type": "Point", "coordinates": [ 14.833333, -5.25 ] } },
{ "type": "Feature", "properties": { "species": "Cercopithecus ascanius", "decimalLon": 28.576337, "decimalLat": 1.401157, "year": "2026" }, "geometry": { "type": "Point", "coordinates": [ 28.576337, 1.401157 ] } },
{ "type": "Feature", "properties": { "species": "Cercopithecus ascanius", "decimalLon": 28.576817, "decimalLat": 1.400878, "year": "2026" }, "geometry": { "type": "Point", "coordinates": [ 28.576817, 1.400878 ] } },
{ "type": "Feature", "properties": { "species": "Cercopithecus ascanius", "decimalLon": 28.577253, "decimalLat": 1.40124, "year": "2026" }, "geometry": { "type": "Point", "coordinates": [ 28.577253, 1.40124 ] } },
{ "type": "Feature", "properties": { "species": "Cercopithecus ascanius", "decimalLon": 28.57667, "decimalLat": 1.400812, "year": "2026" }, "geometry": { "type": "Point", "coordinates": [ 28.57667, 1.400812 ] } },
{ "type": "Feature", "properties": { "species": "Cercopithecus ascanius", "decimalLon": 28.577177, "decimalLat": 1.401138, "year": "2026" }, "geometry": { "type": "Point", "coordinates": [ 28.577177, 1.401138 ] } },
{ "type": "Feature", "properties": { "species": "Cercopithecus ascanius", "decimalLon": 28.5781, "decimalLat": 1.399588, "year": "2024" }, "geometry": { "type": "Point", "coordinates": [ 28.5781, 1.399588 ] } },
{ "type": "Feature", "properties": { "species": "Cercopithecus ascanius", "decimalLon": 28.572202, "decimalLat": 1.404138, "year": "2023" }, "geometry": { "type": "Point", "coordinates": [ 28.572202, 1.404138 ] } },
{ "type": "Feature", "properties": { "species": "Cercopithecus ascanius", "decimalLon": 25.196286, "decimalLat": -2.049074, "year": "2022" }, "geometry": { "type": "Point", "coordinates": [ 25.196286, -2.049074 ] } },
{ "type": "Feature", "properties": { "species": "Cercopithecus ascanius", "decimalLon": 26.228271, "decimalLat": 3.669606, "year": "2022" }, "geometry": { "type": "Point", "coordinates": [ 26.228271, 3.669606 ] } },
{ "type": "Feature", "properties": { "species": "Cercopithecus ascanius", "decimalLon": 20.253204, "decimalLat": -2.751819, "year": "2022" }, "geometry": { "type": "Point", "coordinates": [ 20.253204, -2.751819 ] } },
{ "type": "Feature", "properties": { "species": "Cercopithecus ascanius", "decimalLon": 20.272088, "decimalLat": -2.752271, "year": "2022" }, "geometry": { "type": "Point", "coordinates": [ 20.272088, -2.752271 ] } },
{ "type": "Feature", "properties": { "species": "Cercopithecus ascanius", "decimalLon": 20.378654, "decimalLat": -2.760206, "year": "2022" }, "geometry": { "type": "Point", "coordinates": [ 20.378654, -2.760206 ] } },
{ "type": "Feature", "properties": { "species": "Cercopithecus ascanius", "decimalLon": 20.373916, "decimalLat": -2.763983, "year": "2022" }, "geometry": { "type": "Point", "coordinates": [ 20.373916, -2.763983 ] } },
{ "type": "Feature", "properties": { "species": "Cercopithecus ascanius", "decimalLon": 22.59602, "decimalLat": 0.17661, "year": "2022" }, "geometry": { "type": "Point", "coordinates": [ 22.59602, 0.17661 ] } },
{ "type": "Feature", "properties": { "species": "Cercopithecus ascanius", "decimalLon": 20.381984, "decimalLat": -2.762097, "year": "2022" }, "geometry": { "type": "Point", "coordinates": [ 20.381984, -2.762097 ] } },
{ "type": "Feature", "properties": { "species": "Cercopithecus ascanius", "decimalLon": 20.368904, "decimalLat": -2.770327, "year": "2022" }, "geometry": { "type": "Point", "coordinates": [ 20.368904, -2.770327 ] } },
{ "type": "Feature", "properties": { "species": "Cercopithecus ascanius", "decimalLon": 20.3155, "decimalLat": -2.7556, "year": "2022" }, "geometry": { "type": "Point", "coordinates": [ 20.3155, -2.7556 ] } },
{ "type": "Feature", "properties": { "species": "Cercopithecus ascanius", "decimalLon": 26.129854, "decimalLat": 3.652857, "year": "2021" }, "geometry": { "type": "Point", "coordinates": [ 26.129854, 3.652857 ] } },
{ "type": "Feature", "properties": { "species": "Cercopithecus ascanius", "decimalLon": 26.127408, "decimalLat": 3.661316, "year": "2021" }, "geometry": { "type": "Point", "coordinates": [ 26.127408, 3.661316 ] } },
{ "type": "Feature", "properties": { "species": "Cercopithecus ascanius", "decimalLon": 30.906888, "decimalLat": 1.948458, "year": "2021" }, "geometry": { "type": "Point", "coordinates": [ 30.906888, 1.948458 ] } },
{ "type": "Feature", "properties": { "species": "Cercopithecus ascanius", "decimalLon": 25.15115, "decimalLat": -2.92525, "year": "2020" }, "geometry": { "type": "Point", "coordinates": [ 25.15115, -2.92525 ] } },
{ "type": "Feature", "properties": { "species": "Cercopithecus ascanius", "decimalLon": 28.576705, "decimalLat": 1.400864, "year": "2019" }, "geometry": { "type": "Point", "coordinates": [ 28.576705, 1.400864 ] } },
{ "type": "Feature", "properties": { "species": "Cercopithecus ascanius", "decimalLon": 28.570115, "decimalLat": 1.401109, "year": "2019" }, "geometry": { "type": "Point", "coordinates": [ 28.570115, 1.401109 ] } },
{ "type": "Feature", "properties": { "species": "Cercopithecus ascanius", "decimalLon": 28.57737, "decimalLat": 1.400848, "year": "2019" }, "geometry": { "type": "Point", "coordinates": [ 28.57737, 1.400848 ] } },
{ "type": "Feature", "properties": { "species": "Cercopithecus ascanius", "decimalLon": 18.789512, "decimalLat": -5.006217, "year": "2019" }, "geometry": { "type": "Point", "coordinates": [ 18.789512, -5.006217 ] } },
{ "type": "Feature", "properties": { "species": "Cercopithecus ascanius", "decimalLon": 20.481937, "decimalLat": -2.52512, "year": "2018" }, "geometry": { "type": "Point", "coordinates": [ 20.481937, -2.52512 ] } },
{ "type": "Feature", "properties": { "species": "Cercopithecus ascanius", "decimalLon": 23.47, "decimalLat": 3.39, "year": "2017" }, "geometry": { "type": "Point", "coordinates": [ 23.47, 3.39 ] } },
{ "type": "Feature", "properties": { "species": "Cercopithecus ascanius", "decimalLon": 20.558, "decimalLat": -1.653, "year": "2017" }, "geometry": { "type": "Point", "coordinates": [ 20.558, -1.653 ] } },
{ "type": "Feature", "properties": { "species": "Cercopithecus ascanius", "decimalLon": 20.558166, "decimalLat": -1.653213, "year": "2017" }, "geometry": { "type": "Point", "coordinates": [ 20.558166, -1.653213 ] } },
{ "type": "Feature", "properties": { "species": "Cercopithecus ascanius", "decimalLon": 20.482, "decimalLat": -2.525, "year": "2017" }, "geometry": { "type": "Point", "coordinates": [ 20.482, -2.525 ] } },
{ "type": "Feature", "properties": { "species": "Cercopithecus ascanius", "decimalLon": 20.481883, "decimalLat": -2.524758, "year": "2017" }, "geometry": { "type": "Point", "coordinates": [ 20.481883, -2.524758 ] } },
{ "type": "Feature", "properties": { "species": "Cercopithecus ascanius", "decimalLon": 20.482, "decimalLat": -2.526, "year": "2017" }, "geometry": { "type": "Point", "coordinates": [ 20.482, -2.526 ] } },
{ "type": "Feature", "properties": { "species": "Cercopithecus ascanius", "decimalLon": 20.481997, "decimalLat": -2.52559, "year": "2017" }, "geometry": { "type": "Point", "coordinates": [ 20.481997, -2.52559 ] } },
{ "type": "Feature", "properties": { "species": "Cercopithecus ascanius", "decimalLon": 20.374067, "decimalLat": -2.224033, "year": "2017" }, "geometry": { "type": "Point", "coordinates": [ 20.374067, -2.224033 ] } },
{ "type": "Feature", "properties": { "species": "Cercopithecus ascanius", "decimalLon": 30.901192, "decimalLat": 1.927949, "year": "2016" }, "geometry": { "type": "Point", "coordinates": [ 30.901192, 1.927949 ] } },
{ "type": "Feature", "properties": { "species": "Cercopithecus ascanius", "decimalLon": 20.378654, "decimalLat": -2.760207, "year": "2016" }, "geometry": { "type": "Point", "coordinates": [ 20.378654, -2.760207 ] } },
{ "type": "Feature", "properties": { "species": "Cercopithecus ascanius", "decimalLon": 21.101, "decimalLat": 0.923, "year": "2015" }, "geometry": { "type": "Point", "coordinates": [ 21.101, 0.923 ] } },
{ "type": "Feature", "properties": { "species": "Cercopithecus ascanius", "decimalLon": 21.4, "decimalLat": 0.5, "year": "2015" }, "geometry": { "type": "Point", "coordinates": [ 21.4, 0.5 ] } },
{ "type": "Feature", "properties": { "species": "Cercopithecus ascanius", "decimalLon": 20.376149, "decimalLat": -2.76165, "year": "2014" }, "geometry": { "type": "Point", "coordinates": [ 20.376149, -2.76165 ] } },
{ "type": "Feature", "properties": { "species": "Cercopithecus ascanius", "decimalLon": 20.391756, "decimalLat": -2.710509, "year": "2014" }, "geometry": { "type": "Point", "coordinates": [ 20.391756, -2.710509 ] } },
{ "type": "Feature", "properties": { "species": "Cercopithecus ascanius", "decimalLon": 20.302965, "decimalLat": -2.838121, "year": "2014" }, "geometry": { "type": "Point", "coordinates": [ 20.302965, -2.838121 ] } },
{ "type": "Feature", "properties": { "species": "Cercopithecus ascanius", "decimalLon": 20.365077, "decimalLat": -2.67523, "year": "2014" }, "geometry": { "type": "Point", "coordinates": [ 20.365077, -2.67523 ] } },
{ "type": "Feature", "properties": { "species": "Cercopithecus ascanius", "decimalLon": 16.427508, "decimalLat": -2.608523, "year": "2013" }, "geometry": { "type": "Point", "coordinates": [ 16.427508, -2.608523 ] } },
{ "type": "Feature", "properties": { "species": "Cercopithecus ascanius", "decimalLon": 16.333524, "decimalLat": -2.822001, "year": "2013" }, "geometry": { "type": "Point", "coordinates": [ 16.333524, -2.822001 ] } },
{ "type": "Feature", "properties": { "species": "Cercopithecus ascanius", "decimalLon": 24.2384, "decimalLat": 0.6915, "year": "2010" }, "geometry": { "type": "Point", "coordinates": [ 24.2384, 0.6915 ] } },
{ "type": "Feature", "properties": { "species": "Cercopithecus ascanius", "decimalLon": 23.431, "decimalLat": 1.294, "year": "2004" }, "geometry": { "type": "Point", "coordinates": [ 23.431, 1.294 ] } },
{ "type": "Feature", "properties": { "species": "Cercopithecus ascanius", "decimalLon": 25.28333, "decimalLat": -0.06667, "year": "1984" }, "geometry": { "type": "Point", "coordinates": [ 25.28333, -0.06667 ] } },
{ "type": "Feature", "properties": { "species": "Cercopithecus ascanius", "decimalLon": 25.55, "decimalLat": 0.46667, "year": "1984" }, "geometry": { "type": "Point", "coordinates": [ 25.55, 0.46667 ] } },
{ "type": "Feature", "properties": { "species": "Cercopithecus ascanius", "decimalLon": 25.28333, "decimalLat": -0.06667, "year": "1983" }, "geometry": { "type": "Point", "coordinates": [ 25.28333, -0.06667 ] } },
{ "type": "Feature", "properties": { "species": "Cercopithecus ascanius", "decimalLon": 25.233333, "decimalLat": 0.55, "year": "1980" }, "geometry": { "type": "Point", "coordinates": [ 25.233333, 0.55 ] } },
{ "type": "Feature", "properties": { "species": "Cercopithecus ascanius", "decimalLon": 25.55, "decimalLat": 0.46667, "year": "1980" }, "geometry": { "type": "Point", "coordinates": [ 25.55, 0.46667 ] } },
{ "type": "Feature", "properties": { "species": "Cercopithecus ascanius", "decimalLon": 25.233333, "decimalLat": 0.55, "year": "1979" }, "geometry": { "type": "Point", "coordinates": [ 25.233333, 0.55 ] } },
{ "type": "Feature", "properties": { "species": "Cercopithecus ascanius", "decimalLon": 25.2, "decimalLat": 0.5, "year": "1979" }, "geometry": { "type": "Point", "coordinates": [ 25.2, 0.5 ] } },
{ "type": "Feature", "properties": { "species": "Cercopithecus ascanius", "decimalLon": 19.35, "decimalLat": 2.9667, "year": "1979" }, "geometry": { "type": "Point", "coordinates": [ 19.35, 2.9667 ] } },
{ "type": "Feature", "properties": { "species": "Cercopithecus ascanius", "decimalLon": 20.25, "decimalLat": 3.9166, "year": "1979" }, "geometry": { "type": "Point", "coordinates": [ 20.25, 3.9166 ] } },
{ "type": "Feature", "properties": { "species": "Cercopithecus ascanius", "decimalLon": 19.35, "decimalLat": 3.03, "year": "1979" }, "geometry": { "type": "Point", "coordinates": [ 19.35, 3.03 ] } },
{ "type": "Feature", "properties": { "species": "Cercopithecus ascanius", "decimalLon": 25.55, "decimalLat": 0.466667, "year": "1979" }, "geometry": { "type": "Point", "coordinates": [ 25.55, 0.466667 ] } },
{ "type": "Feature", "properties": { "species": "Cercopithecus ascanius", "decimalLon": 25.233333, "decimalLat": 0.55, "year": "1978" }, "geometry": { "type": "Point", "coordinates": [ 25.233333, 0.55 ] } },
{ "type": "Feature", "properties": { "species": "Cercopithecus ascanius", "decimalLon": 25.2, "decimalLat": 0.5, "year": "1978" }, "geometry": { "type": "Point", "coordinates": [ 25.2, 0.5 ] } },
{ "type": "Feature", "properties": { "species": "Cercopithecus ascanius", "decimalLon": 25.816667, "decimalLat": 4.4, "year": "1977" }, "geometry": { "type": "Point", "coordinates": [ 25.816667, 4.4 ] } },
{ "type": "Feature", "properties": { "species": "Cercopithecus ascanius", "decimalLon": 29.69118, "decimalLat": 0.69949, "year": "1955" }, "geometry": { "type": "Point", "coordinates": [ 29.69118, 0.69949 ] } },
{ "type": "Feature", "properties": { "species": "Cercopithecus ascanius", "decimalLon": 29.833333, "decimalLat": 0.666667, "year": "1953" }, "geometry": { "type": "Point", "coordinates": [ 29.833333, 0.666667 ] } },
{ "type": "Feature", "properties": { "species": "Cercopithecus ascanius", "decimalLon": 24.45, "decimalLat": 0.766667, "year": "1951" }, "geometry": { "type": "Point", "coordinates": [ 24.45, 0.766667 ] } },
{ "type": "Feature", "properties": { "species": "Cercopithecus ascanius", "decimalLon": 18.683333, "decimalLat": 3.233333, "year": "1948" }, "geometry": { "type": "Point", "coordinates": [ 18.683333, 3.233333 ] } },
{ "type": "Feature", "properties": { "species": "Cercopithecus ascanius", "decimalLon": 18.6, "decimalLat": 4.35, "year": "1948" }, "geometry": { "type": "Point", "coordinates": [ 18.6, 4.35 ] } },
{ "type": "Feature", "properties": { "species": "Cercopithecus ascanius", "decimalLon": 18.783333, "decimalLat": 4.183333, "year": "1948" }, "geometry": { "type": "Point", "coordinates": [ 18.783333, 4.183333 ] } },
{ "type": "Feature", "properties": { "species": "Cercopithecus ascanius", "decimalLon": 28.3, "decimalLat": 1.433333, "year": "1947" }, "geometry": { "type": "Point", "coordinates": [ 28.3, 1.433333 ] } },
{ "type": "Feature", "properties": { "species": "Cercopithecus ascanius", "decimalLon": 18.65, "decimalLat": 3.25, "year": "1947" }, "geometry": { "type": "Point", "coordinates": [ 18.65, 3.25 ] } },
{ "type": "Feature", "properties": { "species": "Cercopithecus ascanius", "decimalLon": 18.633333, "decimalLat": 3.166667, "year": "1947" }, "geometry": { "type": "Point", "coordinates": [ 18.633333, 3.166667 ] } },
{ "type": "Feature", "properties": { "species": "Cercopithecus ascanius", "decimalLon": 18.65, "decimalLat": 3.233333, "year": "1947" }, "geometry": { "type": "Point", "coordinates": [ 18.65, 3.233333 ] } },
{ "type": "Feature", "properties": { "species": "Cercopithecus ascanius", "decimalLon": 29.833333, "decimalLat": 0.333333, "year": "1939" }, "geometry": { "type": "Point", "coordinates": [ 29.833333, 0.333333 ] } },
{ "type": "Feature", "properties": { "species": "Cercopithecus ascanius", "decimalLon": 29.116667, "decimalLat": -0.616667, "year": "1927" }, "geometry": { "type": "Point", "coordinates": [ 29.116667, -0.616667 ] } },
{ "type": "Feature", "properties": { "species": "Cercopithecus ascanius", "decimalLon": 22.3167, "decimalLat": -6.0167, "year": "1926" }, "geometry": { "type": "Point", "coordinates": [ 22.3167, -6.0167 ] } },
{ "type": "Feature", "properties": { "species": "Cercopithecus ascanius", "decimalLon": 19.0, "decimalLat": -1.6667, "year": "1926" }, "geometry": { "type": "Point", "coordinates": [ 19.0, -1.6667 ] } },
{ "type": "Feature", "properties": { "species": "Cercopithecus ascanius", "decimalLon": 22.4333, "decimalLat": -5.5833, "year": "1925" }, "geometry": { "type": "Point", "coordinates": [ 22.4333, -5.5833 ] } },
{ "type": "Feature", "properties": { "species": "Cercopithecus ascanius", "decimalLon": 22.3167, "decimalLat": -6.0167, "year": "1924" }, "geometry": { "type": "Point", "coordinates": [ 22.3167, -6.0167 ] } },
{ "type": "Feature", "properties": { "species": "Cercopithecus ascanius", "decimalLon": 28.466669, "decimalLat": -1.93333, "year": "1924" }, "geometry": { "type": "Point", "coordinates": [ 28.466669, -1.93333 ] } },
{ "type": "Feature", "properties": { "species": "Cercopithecus ascanius", "decimalLon": 29.283331, "decimalLat": -0.78333, "year": "1924" }, "geometry": { "type": "Point", "coordinates": [ 29.283331, -0.78333 ] } },
{ "type": "Feature", "properties": { "species": "Cercopithecus ascanius", "decimalLon": 29.43194, "decimalLat": -1.18666, "year": "1924" }, "geometry": { "type": "Point", "coordinates": [ 29.43194, -1.18666 ] } },
{ "type": "Feature", "properties": { "species": "Cercopithecus ascanius", "decimalLon": 29.866671, "decimalLat": 1.45, "year": "1924" }, "geometry": { "type": "Point", "coordinates": [ 29.866671, 1.45 ] } },
{ "type": "Feature", "properties": { "species": "Cercopithecus ascanius", "decimalLon": 22.3167, "decimalLat": -6.0167, "year": "1923" }, "geometry": { "type": "Point", "coordinates": [ 22.3167, -6.0167 ] } },
{ "type": "Feature", "properties": { "species": "Cercopithecus ascanius", "decimalLon": 30.0, "decimalLat": 1.0, "year": "1921" }, "geometry": { "type": "Point", "coordinates": [ 30.0, 1.0 ] } },
{ "type": "Feature", "properties": { "species": "Cercopithecus ascanius", "decimalLon": 29.46, "decimalLat": 0.49, "year": "1921" }, "geometry": { "type": "Point", "coordinates": [ 29.46, 0.49 ] } },
{ "type": "Feature", "properties": { "species": "Cercopithecus ascanius", "decimalLon": 29.65, "decimalLat": 0.71666, "year": "1921" }, "geometry": { "type": "Point", "coordinates": [ 29.65, 0.71666 ] } },
{ "type": "Feature", "properties": { "species": "Cercopithecus ascanius", "decimalLon": 29.88, "decimalLat": 1.45, "year": "1921" }, "geometry": { "type": "Point", "coordinates": [ 29.88, 1.45 ] } },
{ "type": "Feature", "properties": { "species": "Cercopithecus ascanius", "decimalLon": 26.85, "decimalLat": 3.1333, "year": "1916" }, "geometry": { "type": "Point", "coordinates": [ 26.85, 3.1333 ] } },
{ "type": "Feature", "properties": { "species": "Cercopithecus ascanius", "decimalLon": 23.25, "decimalLat": -4.9167, "year": "1916" }, "geometry": { "type": "Point", "coordinates": [ 23.25, -4.9167 ] } },
{ "type": "Feature", "properties": { "species": "Cercopithecus ascanius", "decimalLon": 29.43194, "decimalLat": -1.18666, "year": "1914" }, "geometry": { "type": "Point", "coordinates": [ 29.43194, -1.18666 ] } },
{ "type": "Feature", "properties": { "species": "Cercopithecus ascanius", "decimalLon": 27.4167, "decimalLat": 1.4, "year": "1914" }, "geometry": { "type": "Point", "coordinates": [ 27.4167, 1.4 ] } },
{ "type": "Feature", "properties": { "species": "Cercopithecus ascanius", "decimalLon": 28.8333, "decimalLat": 1.4167, "year": "1914" }, "geometry": { "type": "Point", "coordinates": [ 28.8333, 1.4167 ] } },
{ "type": "Feature", "properties": { "species": "Cercopithecus ascanius", "decimalLon": 28.81333, "decimalLat": -1.39888, "year": "1914" }, "geometry": { "type": "Point", "coordinates": [ 28.81333, -1.39888 ] } },
{ "type": "Feature", "properties": { "species": "Cercopithecus ascanius", "decimalLon": 29.46, "decimalLat": 0.49, "year": "1914" }, "geometry": { "type": "Point", "coordinates": [ 29.46, 0.49 ] } },
{ "type": "Feature", "properties": { "species": "Cercopithecus ascanius", "decimalLon": 29.43194, "decimalLat": -1.18666, "year": "1913" }, "geometry": { "type": "Point", "coordinates": [ 29.43194, -1.18666 ] } },
{ "type": "Feature", "properties": { "species": "Cercopithecus ascanius", "decimalLon": 29.716694, "decimalLat": 3.733333, "year": "1911" }, "geometry": { "type": "Point", "coordinates": [ 29.716694, 3.733333 ] } },
{ "type": "Feature", "properties": { "species": "Cercopithecus ascanius", "decimalLon": 19.75, "decimalLat": 1.2167, "year": "1909" }, "geometry": { "type": "Point", "coordinates": [ 19.75, 1.2167 ] } },
{ "type": "Feature", "properties": { "species": "Cercopithecus ascanius", "decimalLon": 14.04, "decimalLat": -5.07, "year": "1907" }, "geometry": { "type": "Point", "coordinates": [ 14.04, -5.07 ] } },
{ "type": "Feature", "properties": { "species": "Cercopithecus ascanius", "decimalLon": 21.516667, "decimalLat": 2.116667, "year": "NA" }, "geometry": { "type": "Point", "coordinates": [ 21.516667, 2.116667 ] } },
{ "type": "Feature", "properties": { "species": "Cercopithecus ascanius", "decimalLon": 22.5, "decimalLat": 2.1667, "year": "NA" }, "geometry": { "type": "Point", "coordinates": [ 22.5, 2.1667 ] } },
{ "type": "Feature", "properties": { "species": "Cercopithecus ascanius", "decimalLon": 23.3833, "decimalLat": -3.5, "year": "NA" }, "geometry": { "type": "Point", "coordinates": [ 23.3833, -3.5 ] } },
{ "type": "Feature", "properties": { "species": "Cercopithecus ascanius", "decimalLon": 22.4833, "decimalLat": -3.6833, "year": "NA" }, "geometry": { "type": "Point", "coordinates": [ 22.4833, -3.6833 ] } },
{ "type": "Feature", "properties": { "species": "Cercopithecus ascanius", "decimalLon": 26.4333, "decimalLat": -8.6, "year": "NA" }, "geometry": { "type": "Point", "coordinates": [ 26.4333, -8.6 ] } },
{ "type": "Feature", "properties": { "species": "Cercopithecus ascanius", "decimalLon": 26.85, "decimalLat": 3.1333, "year": "NA" }, "geometry": { "type": "Point", "coordinates": [ 26.85, 3.1333 ] } },
{ "type": "Feature", "properties": { "species": "Cercopithecus ascanius", "decimalLon": 22.4333, "decimalLat": -5.5833, "year": "NA" }, "geometry": { "type": "Point", "coordinates": [ 22.4333, -5.5833 ] } },
{ "type": "Feature", "properties": { "species": "Cercopithecus ascanius", "decimalLon": 22.3167, "decimalLat": -6.0167, "year": "NA" }, "geometry": { "type": "Point", "coordinates": [ 22.3167, -6.0167 ] } },
{ "type": "Feature", "properties": { "species": "Cercopithecus ascanius", "decimalLon": 17.35, "decimalLat": -3.3, "year": "NA" }, "geometry": { "type": "Point", "coordinates": [ 17.35, -3.3 ] } },
{ "type": "Feature", "properties": { "species": "Cercopithecus pogonias", "decimalLon": 21.7383, "decimalLat": 2.7682, "year": "1979" }, "geometry": { "type": "Point", "coordinates": [ 21.7383, 2.7682 ] } },
{ "type": "Feature", "properties": { "species": "Cercopithecus pogonias", "decimalLon": 19.3563, "decimalLat": 3.2383, "year": "1979" }, "geometry": { "type": "Point", "coordinates": [ 19.3563, 3.2383 ] } },
{ "type": "Feature", "properties": { "species": "Cercopithecus pogonias", "decimalLon": 19.35, "decimalLat": 3.03, "year": "1979" }, "geometry": { "type": "Point", "coordinates": [ 19.35, 3.03 ] } },
{ "type": "Feature", "properties": { "species": "Cercopithecus mitis", "decimalLon": 28.5766, "decimalLat": 1.400698, "year": "2026" }, "geometry": { "type": "Point", "coordinates": [ 28.5766, 1.400698 ] } },
{ "type": "Feature", "properties": { "species": "Cercopithecus mitis", "decimalLon": 29.451825, "decimalLat": -1.482717, "year": "2025" }, "geometry": { "type": "Point", "coordinates": [ 29.451825, -1.482717 ] } },
{ "type": "Feature", "properties": { "species": "Cercopithecus mitis", "decimalLon": 28.572984, "decimalLat": 1.40307, "year": "2024" }, "geometry": { "type": "Point", "coordinates": [ 28.572984, 1.40307 ] } },
{ "type": "Feature", "properties": { "species": "Cercopithecus mitis", "decimalLon": 27.623057, "decimalLat": 2.768542, "year": "2024" }, "geometry": { "type": "Point", "coordinates": [ 27.623057, 2.768542 ] } },
{ "type": "Feature", "properties": { "species": "Cercopithecus mitis", "decimalLon": 27.622843, "decimalLat": 2.768484, "year": "2024" }, "geometry": { "type": "Point", "coordinates": [ 27.622843, 2.768484 ] } },
{ "type": "Feature", "properties": { "species": "Cercopithecus mitis", "decimalLon": 28.572202, "decimalLat": 1.404138, "year": "2023" }, "geometry": { "type": "Point", "coordinates": [ 28.572202, 1.404138 ] } },
{ "type": "Feature", "properties": { "species": "Cercopithecus mitis", "decimalLon": 25.097599, "decimalLat": -2.102801, "year": "2022" }, "geometry": { "type": "Point", "coordinates": [ 25.097599, -2.102801 ] } },
{ "type": "Feature", "properties": { "species": "Cercopithecus mitis", "decimalLon": 30.916631, "decimalLat": 1.996255, "year": "2021" }, "geometry": { "type": "Point", "coordinates": [ 30.916631, 1.996255 ] } },
{ "type": "Feature", "properties": { "species": "Cercopithecus mitis", "decimalLon": 30.918303, "decimalLat": 1.969582, "year": "2021" }, "geometry": { "type": "Point", "coordinates": [ 30.918303, 1.969582 ] } },
{ "type": "Feature", "properties": { "species": "Cercopithecus mitis", "decimalLon": 30.896514, "decimalLat": 1.955186, "year": "2021" }, "geometry": { "type": "Point", "coordinates": [ 30.896514, 1.955186 ] } },
{ "type": "Feature", "properties": { "species": "Cercopithecus mitis", "decimalLon": 30.86586, "decimalLat": 1.924607, "year": "2021" }, "geometry": { "type": "Point", "coordinates": [ 30.86586, 1.924607 ] } },
{ "type": "Feature", "properties": { "species": "Cercopithecus mitis", "decimalLon": 24.942294, "decimalLat": -1.690044, "year": "2020" }, "geometry": { "type": "Point", "coordinates": [ 24.942294, -1.690044 ] } },
{ "type": "Feature", "properties": { "species": "Cercopithecus mitis", "decimalLon": 28.576705, "decimalLat": 1.400864, "year": "2019" }, "geometry": { "type": "Point", "coordinates": [ 28.576705, 1.400864 ] } },
{ "type": "Feature", "properties": { "species": "Cercopithecus mitis", "decimalLon": 28.570115, "decimalLat": 1.401109, "year": "2019" }, "geometry": { "type": "Point", "coordinates": [ 28.570115, 1.401109 ] } },
{ "type": "Feature", "properties": { "species": "Cercopithecus mitis", "decimalLon": 29.363748, "decimalLat": -1.340067, "year": "2017" }, "geometry": { "type": "Point", "coordinates": [ 29.363748, -1.340067 ] } },
{ "type": "Feature", "properties": { "species": "Cercopithecus mitis", "decimalLon": 29.503346, "decimalLat": 1.520251, "year": "2016" }, "geometry": { "type": "Point", "coordinates": [ 29.503346, 1.520251 ] } },
{ "type": "Feature", "properties": { "species": "Cercopithecus mitis", "decimalLon": 30.917482, "decimalLat": 1.998763, "year": "2016" }, "geometry": { "type": "Point", "coordinates": [ 30.917482, 1.998763 ] } },
{ "type": "Feature", "properties": { "species": "Cercopithecus mitis", "decimalLon": 29.512866, "decimalLat": 1.593657, "year": "2016" }, "geometry": { "type": "Point", "coordinates": [ 29.512866, 1.593657 ] } },
{ "type": "Feature", "properties": { "species": "Cercopithecus mitis", "decimalLon": 29.28047, "decimalLat": -1.241891, "year": "2016" }, "geometry": { "type": "Point", "coordinates": [ 29.28047, -1.241891 ] } },
{ "type": "Feature", "properties": { "species": "Cercopithecus mitis", "decimalLon": 29.363, "decimalLat": -1.34, "year": "2016" }, "geometry": { "type": "Point", "coordinates": [ 29.363, -1.34 ] } },
{ "type": "Feature", "properties": { "species": "Cercopithecus mitis", "decimalLon": 29.362927, "decimalLat": -1.340365, "year": "2016" }, "geometry": { "type": "Point", "coordinates": [ 29.362927, -1.340365 ] } },
{ "type": "Feature", "properties": { "species": "Cercopithecus mitis", "decimalLon": 25.03699, "decimalLat": 1.38666, "year": "2012" }, "geometry": { "type": "Point", "coordinates": [ 25.03699, 1.38666 ] } },
{ "type": "Feature", "properties": { "species": "Cercopithecus mitis", "decimalLon": 23.20453, "decimalLat": -4.48926, "year": "2010" }, "geometry": { "type": "Point", "coordinates": [ 23.20453, -4.48926 ] } },
{ "type": "Feature", "properties": { "species": "Cercopithecus mitis", "decimalLon": 23.47752, "decimalLat": -4.73562, "year": "2010" }, "geometry": { "type": "Point", "coordinates": [ 23.47752, -4.73562 ] } },
{ "type": "Feature", "properties": { "species": "Cercopithecus mitis", "decimalLon": 24.9827, "decimalLat": -1.58545, "year": "2008" }, "geometry": { "type": "Point", "coordinates": [ 24.9827, -1.58545 ] } },
{ "type": "Feature", "properties": { "species": "Cercopithecus mitis", "decimalLon": 24.42368, "decimalLat": -1.02237, "year": "2008" }, "geometry": { "type": "Point", "coordinates": [ 24.42368, -1.02237 ] } },
{ "type": "Feature", "properties": { "species": "Cercopithecus mitis", "decimalLon": 24.469579, "decimalLat": -0.251166, "year": "2008" }, "geometry": { "type": "Point", "coordinates": [ 24.469579, -0.251166 ] } },
{ "type": "Feature", "properties": { "species": "Cercopithecus mitis", "decimalLon": 24.47884, "decimalLat": -1.51843, "year": "2008" }, "geometry": { "type": "Point", "coordinates": [ 24.47884, -1.51843 ] } },
{ "type": "Feature", "properties": { "species": "Cercopithecus mitis", "decimalLon": 25.55, "decimalLat": 0.46667, "year": "1984" }, "geometry": { "type": "Point", "coordinates": [ 25.55, 0.46667 ] } },
{ "type": "Feature", "properties": { "species": "Cercopithecus mitis", "decimalLon": 25.55, "decimalLat": 0.46667, "year": "1983" }, "geometry": { "type": "Point", "coordinates": [ 25.55, 0.46667 ] } },
{ "type": "Feature", "properties": { "species": "Cercopithecus mitis", "decimalLon": 25.55, "decimalLat": 0.46667, "year": "1982" }, "geometry": { "type": "Point", "coordinates": [ 25.55, 0.46667 ] } },
{ "type": "Feature", "properties": { "species": "Cercopithecus mitis", "decimalLon": 25.2, "decimalLat": 0.5, "year": "1982" }, "geometry": { "type": "Point", "coordinates": [ 25.2, 0.5 ] } },
{ "type": "Feature", "properties": { "species": "Cercopithecus mitis", "decimalLon": 25.2, "decimalLat": 0.5, "year": "1981" }, "geometry": { "type": "Point", "coordinates": [ 25.2, 0.5 ] } },
{ "type": "Feature", "properties": { "species": "Cercopithecus mitis", "decimalLon": 25.55, "decimalLat": 0.46667, "year": "1981" }, "geometry": { "type": "Point", "coordinates": [ 25.55, 0.46667 ] } },
{ "type": "Feature", "properties": { "species": "Cercopithecus mitis", "decimalLon": 25.55, "decimalLat": 0.46667, "year": "1980" }, "geometry": { "type": "Point", "coordinates": [ 25.55, 0.46667 ] } },
{ "type": "Feature", "properties": { "species": "Cercopithecus mitis", "decimalLon": 25.233333, "decimalLat": 0.55, "year": "1980" }, "geometry": { "type": "Point", "coordinates": [ 25.233333, 0.55 ] } },
{ "type": "Feature", "properties": { "species": "Cercopithecus mitis", "decimalLon": 25.2, "decimalLat": 0.5, "year": "1980" }, "geometry": { "type": "Point", "coordinates": [ 25.2, 0.5 ] } },
{ "type": "Feature", "properties": { "species": "Cercopithecus mitis", "decimalLon": 25.2, "decimalLat": 0.5, "year": "1979" }, "geometry": { "type": "Point", "coordinates": [ 25.2, 0.5 ] } },
{ "type": "Feature", "properties": { "species": "Cercopithecus mitis", "decimalLon": 25.233333, "decimalLat": 0.55, "year": "1979" }, "geometry": { "type": "Point", "coordinates": [ 25.233333, 0.55 ] } },
{ "type": "Feature", "properties": { "species": "Cercopithecus mitis", "decimalLon": 25.55, "decimalLat": 0.46667, "year": "1979" }, "geometry": { "type": "Point", "coordinates": [ 25.55, 0.46667 ] } },
{ "type": "Feature", "properties": { "species": "Cercopithecus mitis", "decimalLon": 25.233333, "decimalLat": 0.55, "year": "1978" }, "geometry": { "type": "Point", "coordinates": [ 25.233333, 0.55 ] } },
{ "type": "Feature", "properties": { "species": "Cercopithecus mitis", "decimalLon": 25.2, "decimalLat": 0.5, "year": "1978" }, "geometry": { "type": "Point", "coordinates": [ 25.2, 0.5 ] } },
{ "type": "Feature", "properties": { "species": "Cercopithecus mitis", "decimalLon": 29.448889, "decimalLat": -1.184167, "year": "1958" }, "geometry": { "type": "Point", "coordinates": [ 29.448889, -1.184167 ] } },
{ "type": "Feature", "properties": { "species": "Cercopithecus mitis", "decimalLon": 29.35, "decimalLat": -1.0, "year": "1954" }, "geometry": { "type": "Point", "coordinates": [ 29.35, -1.0 ] } },
{ "type": "Feature", "properties": { "species": "Cercopithecus mitis", "decimalLon": 29.69118, "decimalLat": 0.69949, "year": "1953" }, "geometry": { "type": "Point", "coordinates": [ 29.69118, 0.69949 ] } },
{ "type": "Feature", "properties": { "species": "Cercopithecus mitis", "decimalLon": 29.833333, "decimalLat": 0.666667, "year": "1953" }, "geometry": { "type": "Point", "coordinates": [ 29.833333, 0.666667 ] } },
{ "type": "Feature", "properties": { "species": "Cercopithecus mitis", "decimalLon": 24.45, "decimalLat": 0.766667, "year": "1952" }, "geometry": { "type": "Point", "coordinates": [ 24.45, 0.766667 ] } },
{ "type": "Feature", "properties": { "species": "Cercopithecus mitis", "decimalLon": 29.766667, "decimalLat": 0.45, "year": "1952" }, "geometry": { "type": "Point", "coordinates": [ 29.766667, 0.45 ] } },
{ "type": "Feature", "properties": { "species": "Cercopithecus mitis", "decimalLon": 24.45, "decimalLat": 0.766667, "year": "1951" }, "geometry": { "type": "Point", "coordinates": [ 24.45, 0.766667 ] } },
{ "type": "Feature", "properties": { "species": "Cercopithecus mitis", "decimalLon": 28.499997, "decimalLat": 1.9999990000000001, "year": "1951" }, "geometry": { "type": "Point", "coordinates": [ 28.499997, 1.999999 ] } },
{ "type": "Feature", "properties": { "species": "Cercopithecus mitis", "decimalLon": 28.499997, "decimalLat": 1.9999990000000001, "year": "1950" }, "geometry": { "type": "Point", "coordinates": [ 28.499997, 1.999999 ] } },
{ "type": "Feature", "properties": { "species": "Cercopithecus mitis", "decimalLon": 29.15, "decimalLat": 1.05, "year": "1947" }, "geometry": { "type": "Point", "coordinates": [ 29.15, 1.05 ] } },
{ "type": "Feature", "properties": { "species": "Cercopithecus mitis", "decimalLon": 30.466667, "decimalLat": 1.233333, "year": "1940" }, "geometry": { "type": "Point", "coordinates": [ 30.466667, 1.233333 ] } },
{ "type": "Feature", "properties": { "species": "Cercopithecus mitis", "decimalLon": 29.05975, "decimalLat": -2.10035, "year": "1939" }, "geometry": { "type": "Point", "coordinates": [ 29.05975, -2.10035 ] } },
{ "type": "Feature", "properties": { "species": "Cercopithecus mitis", "decimalLon": 30.466667, "decimalLat": 1.233333, "year": "1939" }, "geometry": { "type": "Point", "coordinates": [ 30.466667, 1.233333 ] } },
{ "type": "Feature", "properties": { "species": "Cercopithecus mitis", "decimalLon": 29.25, "decimalLat": -5.866667, "year": "1939" }, "geometry": { "type": "Point", "coordinates": [ 29.25, -5.866667 ] } },
{ "type": "Feature", "properties": { "species": "Cercopithecus mitis", "decimalLon": 29.2, "decimalLat": -1.416667, "year": "1938" }, "geometry": { "type": "Point", "coordinates": [ 29.2, -1.416667 ] } },
{ "type": "Feature", "properties": { "species": "Cercopithecus mitis", "decimalLon": 26.14095, "decimalLat": 0.03985, "year": "1938" }, "geometry": { "type": "Point", "coordinates": [ 26.14095, 0.03985 ] } },
{ "type": "Feature", "properties": { "species": "Cercopithecus mitis", "decimalLon": 29.56588, "decimalLat": 0.7595, "year": "1938" }, "geometry": { "type": "Point", "coordinates": [ 29.56588, 0.7595 ] } },
{ "type": "Feature", "properties": { "species": "Cercopithecus mitis", "decimalLon": 29.5833, "decimalLat": -1.3833, "year": "1933" }, "geometry": { "type": "Point", "coordinates": [ 29.5833, -1.3833 ] } },
{ "type": "Feature", "properties": { "species": "Cercopithecus mitis", "decimalLon": 29.45, "decimalLat": 0.4833, "year": "1930" }, "geometry": { "type": "Point", "coordinates": [ 29.45, 0.4833 ] } },
{ "type": "Feature", "properties": { "species": "Cercopithecus mitis", "decimalLon": 29.25, "decimalLat": 1.0, "year": "1930" }, "geometry": { "type": "Point", "coordinates": [ 29.25, 1.0 ] } },
{ "type": "Feature", "properties": { "species": "Cercopithecus mitis", "decimalLon": 26.0, "decimalLat": -11.9167, "year": "1930" }, "geometry": { "type": "Point", "coordinates": [ 26.0, -11.9167 ] } },
{ "type": "Feature", "properties": { "species": "Cercopithecus mitis", "decimalLon": 29.466669, "decimalLat": 0.5, "year": "1925" }, "geometry": { "type": "Point", "coordinates": [ 29.466669, 0.5 ] } },
{ "type": "Feature", "properties": { "species": "Cercopithecus mitis", "decimalLon": 28.866671, "decimalLat": -1.55, "year": "1924" }, "geometry": { "type": "Point", "coordinates": [ 28.866671, -1.55 ] } },
{ "type": "Feature", "properties": { "species": "Cercopithecus mitis", "decimalLon": 29.07666, "decimalLat": -2.05541, "year": "1924" }, "geometry": { "type": "Point", "coordinates": [ 29.07666, -2.05541 ] } },
{ "type": "Feature", "properties": { "species": "Cercopithecus mitis", "decimalLon": 29.58, "decimalLat": -1.38, "year": "1921" }, "geometry": { "type": "Point", "coordinates": [ 29.58, -1.38 ] } },
{ "type": "Feature", "properties": { "species": "Cercopithecus mitis", "decimalLon": 29.65, "decimalLat": 0.71666, "year": "1921" }, "geometry": { "type": "Point", "coordinates": [ 29.65, 0.71666 ] } },
{ "type": "Feature", "properties": { "species": "Cercopithecus mitis", "decimalLon": 28.26, "decimalLat": 1.58, "year": "1921" }, "geometry": { "type": "Point", "coordinates": [ 28.26, 1.58 ] } },
{ "type": "Feature", "properties": { "species": "Cercopithecus mitis", "decimalLon": 29.0, "decimalLat": -1.0, "year": "1920" }, "geometry": { "type": "Point", "coordinates": [ 29.0, -1.0 ] } },
{ "type": "Feature", "properties": { "species": "Cercopithecus mitis", "decimalLon": 29.46666, "decimalLat": 0.5, "year": "1914" }, "geometry": { "type": "Point", "coordinates": [ 29.46666, 0.5 ] } },
{ "type": "Feature", "properties": { "species": "Cercopithecus mitis", "decimalLon": 29.43194, "decimalLat": -1.18666, "year": "1913" }, "geometry": { "type": "Point", "coordinates": [ 29.43194, -1.18666 ] } },
{ "type": "Feature", "properties": { "species": "Cercopithecus mitis", "decimalLon": 28.0, "decimalLat": -9.0, "year": "1895" }, "geometry": { "type": "Point", "coordinates": [ 28.0, -9.0 ] } },
{ "type": "Feature", "properties": { "species": "Cercopithecus mitis", "decimalLon": 26.14095, "decimalLat": 0.03985, "year": "NA" }, "geometry": { "type": "Point", "coordinates": [ 26.14095, 0.03985 ] } },
{ "type": "Feature", "properties": { "species": "Cercopithecus mitis", "decimalLon": 29.05975, "decimalLat": -2.10035, "year": "NA" }, "geometry": { "type": "Point", "coordinates": [ 29.05975, -2.10035 ] } },
{ "type": "Feature", "properties": { "species": "Cercopithecus mitis", "decimalLon": 28.9167, "decimalLat": -3.8667, "year": "NA" }, "geometry": { "type": "Point", "coordinates": [ 28.9167, -3.8667 ] } },
{ "type": "Feature", "properties": { "species": "Cercopithecus mitis", "decimalLon": 29.25, "decimalLat": -1.5167, "year": "NA" }, "geometry": { "type": "Point", "coordinates": [ 29.25, -1.5167 ] } },
{ "type": "Feature", "properties": { "species": "Cercopithecus mitis", "decimalLon": 29.4167, "decimalLat": -1.5, "year": "NA" }, "geometry": { "type": "Point", "coordinates": [ 29.4167, -1.5 ] } },
{ "type": "Feature", "properties": { "species": "Cercopithecus mitis", "decimalLon": 30.0, "decimalLat": 1.0, "year": "NA" }, "geometry": { "type": "Point", "coordinates": [ 30.0, 1.0 ] } },
{ "type": "Feature", "properties": { "species": "Cercopithecus mitis", "decimalLon": 28.0, "decimalLat": -2.0, "year": "NA" }, "geometry": { "type": "Point", "coordinates": [ 28.0, -2.0 ] } },
{ "type": "Feature", "properties": { "species": "Cercopithecus mitis", "decimalLon": 29.5833, "decimalLat": -1.3833, "year": "NA" }, "geometry": { "type": "Point", "coordinates": [ 29.5833, -1.3833 ] } },
{ "type": "Feature", "properties": { "species": "Cercopithecus mitis", "decimalLon": 29.166667, "decimalLat": -5.95, "year": "NA" }, "geometry": { "type": "Point", "coordinates": [ 29.166667, -5.95 ] } },
{ "type": "Feature", "properties": { "species": "Cercopithecus mitis", "decimalLon": 29.833333, "decimalLat": 0.333333, "year": "NA" }, "geometry": { "type": "Point", "coordinates": [ 29.833333, 0.333333 ] } },
{ "type": "Feature", "properties": { "species": "Pan troglodytes", "decimalLon": 24.867644, "decimalLat": 2.359299, "year": "2025" }, "geometry": { "type": "Point", "coordinates": [ 24.867644, 2.359299 ] } },
{ "type": "Feature", "properties": { "species": "Pan troglodytes", "decimalLon": 26.355234, "decimalLat": 0.409373, "year": "2025" }, "geometry": { "type": "Point", "coordinates": [ 26.355234, 0.409373 ] } },
{ "type": "Feature", "properties": { "species": "Pan troglodytes", "decimalLon": 28.569173, "decimalLat": 1.25126, "year": "2024" }, "geometry": { "type": "Point", "coordinates": [ 28.569173, 1.25126 ] } },
{ "type": "Feature", "properties": { "species": "Pan troglodytes", "decimalLon": 28.10306, "decimalLat": -4.598557, "year": "2023" }, "geometry": { "type": "Point", "coordinates": [ 28.10306, -4.598557 ] } },
{ "type": "Feature", "properties": { "species": "Pan troglodytes", "decimalLon": 28.177699, "decimalLat": -4.23974, "year": "2023" }, "geometry": { "type": "Point", "coordinates": [ 28.177699, -4.23974 ] } },
{ "type": "Feature", "properties": { "species": "Pan troglodytes", "decimalLon": 30.18245, "decimalLat": 3.956758, "year": "2022" }, "geometry": { "type": "Point", "coordinates": [ 30.18245, 3.956758 ] } },
{ "type": "Feature", "properties": { "species": "Pan troglodytes", "decimalLon": 29.018442, "decimalLat": 4.185834, "year": "2022" }, "geometry": { "type": "Point", "coordinates": [ 29.018442, 4.185834 ] } },
{ "type": "Feature", "properties": { "species": "Pan troglodytes", "decimalLon": 30.824658, "decimalLat": 1.825784, "year": "2021" }, "geometry": { "type": "Point", "coordinates": [ 30.824658, 1.825784 ] } },
{ "type": "Feature", "properties": { "species": "Pan troglodytes", "decimalLon": 30.801177, "decimalLat": 1.962297, "year": "2021" }, "geometry": { "type": "Point", "coordinates": [ 30.801177, 1.962297 ] } },
{ "type": "Feature", "properties": { "species": "Pan troglodytes", "decimalLon": 29.797252, "decimalLat": 4.132134, "year": "2019" }, "geometry": { "type": "Point", "coordinates": [ 29.797252, 4.132134 ] } },
{ "type": "Feature", "properties": { "species": "Pan troglodytes", "decimalLon": 30.898425, "decimalLat": 1.92696, "year": "2017" }, "geometry": { "type": "Point", "coordinates": [ 30.898425, 1.92696 ] } },
{ "type": "Feature", "properties": { "species": "Pan troglodytes", "decimalLon": 25.150389, "decimalLat": 2.415646, "year": "2016" }, "geometry": { "type": "Point", "coordinates": [ 25.150389, 2.415646 ] } },
{ "type": "Feature", "properties": { "species": "Pan troglodytes", "decimalLon": 24.690397, "decimalLat": 4.286778, "year": "2013" }, "geometry": { "type": "Point", "coordinates": [ 24.690397, 4.286778 ] } },
{ "type": "Feature", "properties": { "species": "Pan troglodytes", "decimalLon": 29.240263, "decimalLat": -1.315666, "year": "1991" }, "geometry": { "type": "Point", "coordinates": [ 29.240263, -1.315666 ] } },
{ "type": "Feature", "properties": { "species": "Pan troglodytes", "decimalLon": 29.46667, "decimalLat": 0.5, "year": "1984" }, "geometry": { "type": "Point", "coordinates": [ 29.46667, 0.5 ] } },
{ "type": "Feature", "properties": { "species": "Pan troglodytes", "decimalLon": 25.2, "decimalLat": 0.5, "year": "1982" }, "geometry": { "type": "Point", "coordinates": [ 25.2, 0.5 ] } },
{ "type": "Feature", "properties": { "species": "Pan troglodytes", "decimalLon": 25.2, "decimalLat": 0.5, "year": "1981" }, "geometry": { "type": "Point", "coordinates": [ 25.2, 0.5 ] } },
{ "type": "Feature", "properties": { "species": "Pan troglodytes", "decimalLon": 25.2, "decimalLat": 0.5, "year": "1980" }, "geometry": { "type": "Point", "coordinates": [ 25.2, 0.5 ] } },
{ "type": "Feature", "properties": { "species": "Pan troglodytes", "decimalLon": 25.2, "decimalLat": 0.5, "year": "1979" }, "geometry": { "type": "Point", "coordinates": [ 25.2, 0.5 ] } },
{ "type": "Feature", "properties": { "species": "Pan troglodytes", "decimalLon": 28.81667, "decimalLat": -1.4, "year": "1924" }, "geometry": { "type": "Point", "coordinates": [ 28.81667, -1.4 ] } },
{ "type": "Feature", "properties": { "species": "Pan troglodytes", "decimalLon": 29.65, "decimalLat": 0.71666, "year": "1921" }, "geometry": { "type": "Point", "coordinates": [ 29.65, 0.71666 ] } },
{ "type": "Feature", "properties": { "species": "Pan troglodytes", "decimalLon": 29.43194, "decimalLat": -1.18666, "year": "1914" }, "geometry": { "type": "Point", "coordinates": [ 29.43194, -1.18666 ] } },
{ "type": "Feature", "properties": { "species": "Pan troglodytes", "decimalLon": 29.716694, "decimalLat": 3.733333, "year": "1912" }, "geometry": { "type": "Point", "coordinates": [ 29.716694, 3.733333 ] } },
{ "type": "Feature", "properties": { "species": "Pan troglodytes", "decimalLon": 29.716694, "decimalLat": 3.733333, "year": "1911" }, "geometry": { "type": "Point", "coordinates": [ 29.716694, 3.733333 ] } },
{ "type": "Feature", "properties": { "species": "Pan troglodytes", "decimalLon": 30.0, "decimalLat": -7.69932, "year": "NA" }, "geometry": { "type": "Point", "coordinates": [ 30.0, -7.69932 ] } },
{ "type": "Feature", "properties": { "species": "Pan troglodytes", "decimalLon": 24.27566, "decimalLat": -4.3046, "year": "NA" }, "geometry": { "type": "Point", "coordinates": [ 24.27566, -4.3046 ] } },
{ "type": "Feature", "properties": { "species": "Pan troglodytes", "decimalLon": 29.0, "decimalLat": -1.0, "year": "NA" }, "geometry": { "type": "Point", "coordinates": [ 29.0, -1.0 ] } },
{ "type": "Feature", "properties": { "species": "Pan troglodytes", "decimalLon": 27.8333, "decimalLat": 2.5, "year": "NA" }, "geometry": { "type": "Point", "coordinates": [ 27.8333, 2.5 ] } },
{ "type": "Feature", "properties": { "species": "Pan troglodytes", "decimalLon": 29.5, "decimalLat": -1.0, "year": "NA" }, "geometry": { "type": "Point", "coordinates": [ 29.5, -1.0 ] } },
{ "type": "Feature", "properties": { "species": "Pan troglodytes", "decimalLon": 29.5833, "decimalLat": -1.3833, "year": "NA" }, "geometry": { "type": "Point", "coordinates": [ 29.5833, -1.3833 ] } },
{ "type": "Feature", "properties": { "species": "Pan troglodytes", "decimalLon": 29.0, "decimalLat": 0.8333, "year": "NA" }, "geometry": { "type": "Point", "coordinates": [ 29.0, 0.8333 ] } },
{ "type": "Feature", "properties": { "species": "Pan troglodytes", "decimalLon": 25.2, "decimalLat": 0.5, "year": "NA" }, "geometry": { "type": "Point", "coordinates": [ 25.2, 0.5 ] } }
]
}
